image_path,label
output/cropped_outputs/DOB/bnw_image_082_jpg.rf.42f29bd4e9b203e216845803009a47c9_DOB.jpg,01/01/1997
output/cropped_outputs/DOB/Guarantor-Mayank_Pan_jpg.rf.28ec8d41995916f04870165bcf1083b5_DOB.jpg,13/04/1997
output/cropped_outputs/DOB/01215317330013_jpg.rf.96b638bbd3e91d79a243466c58961306_DOB.jpg,12/10/1990
output/cropped_outputs/DOB/bheru-pan-card_page-0001_jpg.rf.15ae982a36447d4eede56e769ae63467_DOB.jpg,01/01/1955
output/cropped_outputs/DOB/bc_image_218_jpg.rf.3303385b4eb565e7877e2a6646c57e17_DOB.jpg,01/01/1958
output/cropped_outputs/DOB/01215463130017_jpg.rf.1c523b45470a0b3de8fe845546a37f62_DOB.jpg,01/09/1997
output/cropped_outputs/DOB/prem-singh-aadar-pan-_page-0007_jpg.rf.61a0d56b337ba619e85b2fcd88b895b7_DOB.jpg,01/07/1983
output/cropped_outputs/DOB/bnw_image_224_jpg.rf.1dd92149ef0544f32e027f98f6b0a950_DOB.jpg,01/01/1946
output/cropped_outputs/DOB/bnw_image_247_jpg.rf.2709895d7612ca7efd8bed905afc07c7_DOB.jpg,10/03/1977
output/cropped_outputs/DOB/bnw_image_127_jpg.rf.112c1d0d5a07bb0dd41816871af1a448_DOB.jpg,01/01/1999
output/cropped_outputs/DOB/Guarantor-Mayank_Pan_jpg.rf.381f6e5d9198531ee1220351f3142b49_DOB.jpg,13/04/1997
output/cropped_outputs/DOB/bnw_image_003_jpg.rf.77c9b234b627b27705f3f824ebcc2a91_DOB.jpg,06/01/1992
output/cropped_outputs/DOB/bc_image_250_jpg.rf.1dd730608b92a801536c3794050fd918_DOB.jpg,10/05/1997
output/cropped_outputs/DOB/bc_image_097_jpg.rf.8a076e72feb09827349665664d72bc19_DOB.jpg,20/03/1979
output/cropped_outputs/DOB/bc_image_101_jpg.rf.8a617ac2683911e593f299f2a3b943c8_DOB.jpg,01/01/1985
output/cropped_outputs/DOB/RADHA-PAN-CARD_page-0001_jpg.rf.d975dd8f3d5c7a38694887d6454d19de_DOB.jpg,08/03/1985
output/cropped_outputs/DOB/01476112530017_jpg.rf.e5d7c3b70cf75d5fbbb61ae271d4ce92_DOB.jpg,13/01/1998
output/cropped_outputs/DOB/bnw_image_141_jpg.rf.e486a063697452185accdd1c48938998_DOB.jpg,18/06/1980
output/cropped_outputs/DOB/bc_image_035_jpg.rf.6641c2041818e3ba243df84118b3239a_DOB.jpg,01/01/1985
output/cropped_outputs/DOB/PAN_Card_20240702_143115599_jpg.rf.c2e4b7c61fa91a2aa7e5d2a507e8b014_DOB.jpg,31/12/2000
output/cropped_outputs/DOB/bnw_image_122_jpg.rf.14bad7208daa53f1aecaa190be07f967_DOB.jpg,01/01/2000
output/cropped_outputs/DOB/Pan-Card_page-0001_jpg.rf.17dd3a2da4e2855d175552c7c030f3f3_DOB.jpg,17/07/1977
output/cropped_outputs/DOB/bnw_image_169_jpg.rf.fd6fc635fecf1fd547c726eeb190810c_DOB.jpg,05/06/1978
output/cropped_outputs/DOB/bnw_image_068_jpg.rf.c05235b5bf23d2394b3409b900292eaf_DOB.jpg,28/06/1999
output/cropped_outputs/DOB/bc_image_251_jpg.rf.0b01d673ddacc6b02f008c49bb1ddd0e_DOB.jpg,07/08/1993
output/cropped_outputs/DOB/bnw_image_017_jpg.rf.761ff75ce629cc91a7194b2a42eef1d0_DOB.jpg,29/10/2002
output/cropped_outputs/DOB/01447616370011_jpg.rf.9bca9bff99780aede40db3295459fd12_DOB.jpg,02/06/1990
output/cropped_outputs/DOB/bc_image_187_jpg.rf.c5c35a417b9421884154dee20f44117b_DOB.jpg,22/10/1990
output/cropped_outputs/DOB/bc_image_096_jpg.rf.24f808fc9bb04f98e60b805400be592c_DOB.jpg,13/06/1988
output/cropped_outputs/DOB/PAN_Card_20240702_150444965_jpg.rf.06bc91db46bfaee6c060d690b88a6472_DOB.jpg,20/07/1966
output/cropped_outputs/DOB/GTR-2-Rajendra-PAN_jpg.rf.24dd20d6115d1bf504a230cde8fd41fd_DOB.jpg,12/03/1982
output/cropped_outputs/DOB/bc_image_018_jpg.rf.e8f2843a2d8106683820beb8490fa842_DOB.jpg,27/10/1985
output/cropped_outputs/DOB/SHANKAR-PAN-KYC_page-0001_jpg.rf.7c6ef1074b8fb1c379a2a6ef49f6a7a7_DOB.jpg,01/01/1978
output/cropped_outputs/DOB/bnw_image_020_jpg.rf.d453a867f7b06f83da1b1f7028950139_DOB.jpg,01/06/1985
output/cropped_outputs/DOB/Pan-Card_page-0001_jpg.rf.50a8d56549e902479ef425d9ed0d0a07_DOB.jpg,17/07/1977
output/cropped_outputs/DOB/bc_image_032_jpg.rf.018b2aa355afa781b13d12d06b685b4a_DOB.jpg,01/02/1996
output/cropped_outputs/DOB/Neetu-PAN_jpeg.rf.2b1543065e2e911080bbb8ae225b5d04_DOB.jpg,08/10/1980
output/cropped_outputs/DOB/bnw_image_223_jpg.rf.6124597e8045283c8d0e96f3b29cdcf4_DOB.jpg,10/08/1988
output/cropped_outputs/DOB/bc_image_003_jpg.rf.ce5195b2b5afd567f556fca9d0d29a2f_DOB.jpg,06/01/1992
output/cropped_outputs/DOB/bc_image_093_jpg.rf.3812523d31c2c188613f0f35e2b14335_DOB.jpg,01/01/1991
output/cropped_outputs/DOB/bnw_image_056_jpg.rf.58b77e66dbbc665123ea4e634ab11431_DOB.jpg,24-07-1964
output/cropped_outputs/DOB/bnw_image_237_jpg.rf.68def84532430cd3f10f243caf1b71c1_DOB.jpg,08/04/1996
output/cropped_outputs/DOB/bc_image_127_jpg.rf.9d1c65b28d1eaa624d7372dd24c06e88_DOB.jpg,01/01/1999
output/cropped_outputs/DOB/bc_image_082_jpg.rf.6450c5e0a4cd31a1e42ce454f7ecd90f_DOB.jpg,01/01/1997
output/cropped_outputs/DOB/PAN_Card_20240701_203515260_jpg.rf.8ea36f7ba28091256617d922698db716_DOB.jpg,26/02/1981
output/cropped_outputs/DOB/01236464640010_jpg.rf.acfeb25982f8a5e7ba22fc07d47a9663_DOB.jpg,05/08/1997
output/cropped_outputs/DOB/Shahrukh-Pan_jpeg.rf.8bae278f7426680b6c650e5d8fc9428f_DOB.jpg,07/08/1993
output/cropped_outputs/DOB/bnw_image_159_jpg.rf.bf6b0f019a9652ac51272f7cf3c2fb5a_DOB.jpg,08/10/1980
output/cropped_outputs/DOB/PAN_Card_20240701_191623713_jpg.rf.26d809bfd83f9bf17556725647c176ba_DOB.jpg,21/03/2001
output/cropped_outputs/DOB/bc_image_180_jpg.rf.fb30ca2c82554905a79acd0a407e588b_DOB.jpg,12/07/1980
output/cropped_outputs/DOB/Kamla_Pan_jpg.rf.cb0b895a8303f1c88c2846d343065fe2_DOB.jpg,01/01/1983
output/cropped_outputs/DOB/Rajendra-Singh-PAN_page-0001_jpg.rf.c33ca6ee137f799d565fdb09fe2a8cab_DOB.jpg,25/06/1993
output/cropped_outputs/DOB/Ajit-Kumar-Banjara-Pan-Card_JPG.rf.761bc174d1d1af3653672f758ef1604f_DOB.jpg,06/02/2001
output/cropped_outputs/DOB/4abfeb59-imgtopdf_generated_2208201757059_page-43_jpg.rf.7d022996eb73cd021046667f06d1246a_DOB.jpg,21/10/2000
output/cropped_outputs/DOB/bnw_image_210_jpg.rf.9ca5e34e2892ade40735d8727fd59755_DOB.jpg,15/12/1984
output/cropped_outputs/DOB/App-Arjun-Ram-Pan-Card_page-0001_jpg.rf.c382749938634f6e16cbf2f415fc6598_DOB.jpg,01/01/2000
output/cropped_outputs/DOB/bnw_image_038_jpg.rf.0940818eed2d8057eece875c33e47502_DOB.jpg,20/02/1991
output/cropped_outputs/DOB/Co-App_-Laxmi-Pan-Card-1-_page-0001_jpg.rf.45738ae834c0bcb021d054681dfb57a1_DOB.jpg,01/01/1985
output/cropped_outputs/DOB/PAN-Karan_jpeg.rf.8f6245396b769efd37221765ee94f00f_DOB.jpg,12/07/1980
output/cropped_outputs/DOB/bc_image_239_jpg.rf.2a83f9d115ec519792ab76e40ba09594_DOB.jpg,01/01/1985
output/cropped_outputs/DOB/bnw_image_143_jpg.rf.cddf580e445b3bef9a905ac1ea267ae4_DOB.jpg,25/09/1987
output/cropped_outputs/DOB/8402957537_jpg.rf.86ab933a34b7305cbba96412da842a03_DOB.jpg,22/04/1997
output/cropped_outputs/DOB/bnw_image_201_jpg.rf.e3894e92fb346be09b2ea4b5167381be_DOB.jpg,08/04/2000
output/cropped_outputs/DOB/bc_image_219_jpg.rf.5a9405e9be21ea64f3ae300574d3a82b_DOB.jpg,O1/01/1990
output/cropped_outputs/DOB/bnw_image_147_jpg.rf.44cf61be81e6a27666585ad4b5969cbf_DOB.jpg,01/01/1986
output/cropped_outputs/DOB/bc_image_170_jpg.rf.b5ca525603898af961f98131f4fec333_DOB.jpg,01/01/1991
output/cropped_outputs/DOB/bnw_image_248_jpg.rf.1091d3a436d9aa472bde63e9617742a2_DOB.jpg,08/06/1995
output/cropped_outputs/DOB/bnw_image_075_jpg.rf.b06c51cd71ade6bb6b3d396415d8c8dd_DOB.jpg,10/11/1972
output/cropped_outputs/DOB/GTR_Pan_jpg.rf.991c58162ca99c3132ae5547dcf1d05c_DOB.jpg,06/09/1994
output/cropped_outputs/DOB/PAN_Card_20240701_203515260_jpg.rf.0b0f78bfbe9e9b12194eae55e715c02d_DOB.jpg,26/02/1981
output/cropped_outputs/DOB/57_jpg.rf.2d151128ca75ce8a243b72e1cb8f8d78_DOB.jpg,07/04/1973
output/cropped_outputs/DOB/bc_image_087_jpg.rf.f78748790279a8f670302b8f74aea676_DOB.jpg,01/01/1986
output/cropped_outputs/DOB/31_PAN_jpg.rf.e75dba731251150a6c55cf7bce9a7cd9_DOB.jpg,12/06/1979
output/cropped_outputs/DOB/bc_image_009_jpg.rf.476ea01125e3a14e9321a0a91648d60e_DOB.jpg,20/07/1988
output/cropped_outputs/DOB/01212725670019_jpg.rf.4b19ee49a206b31bbe0dd9e660512dce_DOB.jpg,17/05/1986
output/cropped_outputs/DOB/bc_image_249_jpg.rf.0a821dfb6f66d595aeb6b8b2454606b6_DOB.jpg,01/01/1966
output/cropped_outputs/DOB/Mamta-PAn_jpeg.rf.dff79cecdfd9f72e0f12799fa4189d15_DOB.jpg,18/06/1980
output/cropped_outputs/DOB/6-Virendra-PAN_jpeg.rf.5eb0476dd53c0bd8be604114f918e182_DOB.jpg,01/06/1962
output/cropped_outputs/DOB/13_PAN_jpg.rf.1c67e5831533d36f45bc6e263300c73f_DOB.jpg,05/06/1997
output/cropped_outputs/DOB/bc_image_132_jpg.rf.0d2926b530b75f2eadbc29f5c3146b87_DOB.jpg,01/12/1976
output/cropped_outputs/DOB/16_PAN_jpg.rf.c75e2840a0877213208763eadd4c1e36_DOB.jpg,24/01/1994
output/cropped_outputs/DOB/bnw_image_149_jpg.rf.51d113a877ea3cb8885916f3368795ab_DOB.jpg,10/07/1984
output/cropped_outputs/DOB/bnw_image_139_jpg.rf.e45e87c37fc176c3c8aab3de5751d5de_DOB.jpg,25/05/1959
output/cropped_outputs/DOB/durga-bai-pancard_page-0001_jpg.rf.16b98656409190965c865ad60d9590b2_DOB.jpg,01/01/1985
output/cropped_outputs/DOB/bnw_image_139_jpg.rf.229b19ebeb311782f21ec0b249ed3aac_DOB.jpg,25/05/1959
output/cropped_outputs/DOB/bc_image_118_jpg.rf.46ca720d34e861e296548b9bd3a96dba_DOB.jpg,01/08/1972
output/cropped_outputs/DOB/bc_image_056_jpg.rf.79c315b754c6019a40289a961f4393c1_DOB.jpg,24-07-1964
output/cropped_outputs/DOB/bc_image_117_jpg.rf.21380e873268571afb41258b6823ee97_DOB.jpg,01/08/1972
output/cropped_outputs/DOB/01264265370011_jpg.rf.d1906fb09dd48493ec0a62d57a6a22b7_DOB.jpg,29/04/1986
output/cropped_outputs/DOB/bc_image_258_jpg.rf.22babf50dd35924a04bc6391c382b9d4_DOB.jpg,01/01/1962
output/cropped_outputs/DOB/Anjana-PAN_jpeg.rf.6685624a51113287f454a8378cb50e56_DOB.jpg,01/01/1968
output/cropped_outputs/DOB/bc_image_208_jpg.rf.f98e4433dceab0e1ccb4e76c42cb5cce_DOB.jpg,19/09/1990
output/cropped_outputs/DOB/bnw_image_134_jpg.rf.7c9103119906d17d6fda48efae324ece_DOB.jpg,01/01/1969
output/cropped_outputs/DOB/bnw_image_069_jpg.rf.a5606bd62c30721315da6d4531fce165_DOB.jpg,01/01/1972
output/cropped_outputs/DOB/Co-applicant-pan-adhar_page-0004_jpg.rf.4380cc3f28c1bccc15b1d9c446d122bd_DOB.jpg,12/08/2001
output/cropped_outputs/DOB/91_PAN_jpg.rf.1876f9ef9efcbf6983dae9d7de3bb8bc_DOB.jpg,02/06/1990
output/cropped_outputs/DOB/Jitendra-Singh-Pan-Card_jpg.rf.62cdb916acff1883d1cc370180d7be15_DOB.jpg,15/07/1993
output/cropped_outputs/DOB/bnw_image_263_jpg.rf.dae0030464e24c5500ced3be3c020ad1_DOB.jpg,19/11/1993
output/cropped_outputs/DOB/bnw_image_252_jpg.rf.0aaceaff017117eccc2f3bb1b35b82dd_DOB.jpg,01/01/1978
output/cropped_outputs/DOB/Prem-PAN_jpg.rf.57d91751aeed2f82797e664debccf86e_DOB.jpg,01/01/1946.
output/cropped_outputs/DOB/01422723140018_jpg.rf.369989a86508223aa76282d6a392bad8_DOB.jpg,20/06/1984
output/cropped_outputs/DOB/bc_image_162_jpg.rf.86a26ca14dc78dfca6ba0b67828b6a3a_DOB.jpg,17/04/2017
output/cropped_outputs/DOB/bc_image_001_jpg.rf.82c2e41c5fda319f857367ac2c46cbf9_DOB.jpg,17/02/1995
output/cropped_outputs/DOB/CoApp-Pan-Card_jpeg.rf.1f48a14c7943b840f27c78221aac6978_DOB.jpg,04/08/1986
output/cropped_outputs/DOB/Chandrakanta_PanCard_jpg.rf.f0eecbb0fe6acd9e5f46aafc04deeb42_DOB.jpg,01/01/1976
output/cropped_outputs/DOB/21_PAN_jpg.rf.a3ec8f2f2873ec6472707e4dbd45eddc_DOB.jpg,01/02/1996
output/cropped_outputs/DOB/ASHA-PAN-CARD_jpg.rf.91e7eaa0a7dcf9c49d80a9a15ad1de31_DOB.jpg,01/01/1972
output/cropped_outputs/DOB/bc_image_040_jpg.rf.56fd5907b1c9a053099919902fea0c90_DOB.jpg,01/06/1962
output/cropped_outputs/DOB/bc_image_269_jpg.rf.363412c0ca9dbeacbe017662e7888952_DOB.jpg,13/07/2001
output/cropped_outputs/DOB/bc_image_152_jpg.rf.2e24e2180d08af28b6352fdfa196044b_DOB.jpg,01/01/1957
output/cropped_outputs/DOB/bnw_image_144_jpg.rf.b785703ea3a0c10a079e4df5505f0a25_DOB.jpg,01/01/1989
output/cropped_outputs/DOB/Anop-Pan_jpg.rf.994ee38721392d1266386bd5b0aae075_DOB.jpg,01/01/1988
output/cropped_outputs/DOB/bnw_image_169_jpg.rf.c2d56b4aa52ef2824d214039992c8de6_DOB.jpg,05/06/1978
output/cropped_outputs/DOB/bnw_image_124_jpg.rf.a7bad9689f6515be134313c3e128090e_DOB.jpg,01/01/1983
output/cropped_outputs/DOB/bc_image_222_jpg.rf.5d4b51009fb93311ec2e07970f60a616_DOB.jpg,01/01/1995
output/cropped_outputs/DOB/bc_image_224_jpg.rf.dcd1a67b913f1580a89a1bce066d3da0_DOB.jpg,01/01/1946
output/cropped_outputs/DOB/Trust-PAN_jpeg.rf.aeca2fb4dab303d49d2e8fe75a14b793_DOB.jpg,01/11/2006
output/cropped_outputs/DOB/20_PAN_jpg.rf.7eab9987efacc4de584d2ba72c8cf7f9_DOB.jpg,03/04/1994
output/cropped_outputs/DOB/bnw_image_018_jpg.rf.6e80e8ab4d87537d1aefb4db34ee162e_DOB.jpg,27/10/1985
output/cropped_outputs/DOB/46_PAN_jpg.rf.2dc4fbedf92bba67d8b4914e16c62418_DOB.jpg,28/02/1991
output/cropped_outputs/DOB/Gogaram-pan_page-0001_jpg.rf.db3714512a94ecb974c6529ea3850fee_DOB.jpg,01/01/1957
output/cropped_outputs/DOB/PAN_Card_20240702_172120999_jpg.rf.58f419a8bdb38a79ebb79bc47426ed4b_DOB.jpg,15/12/1984
output/cropped_outputs/DOB/GTR_Ganesh_Pan_jpg.rf.63cbc0d9a95eacbd47314f95ffcc0864_DOB.jpg,21/05/1996
output/cropped_outputs/DOB/Kamlesh-Gtr-PAN-Copy_jpg.rf.99ab3e5ecaffcb071059c1c1f3154619_DOB.jpg,01/01/1993
output/cropped_outputs/DOB/bnw_image_121_jpg.rf.6a1e6a97b74148e417a77944730f2e9e_DOB.jpg,15/07/1993
output/cropped_outputs/DOB/bnw_image_261_jpg.rf.aba8abb6af9ba05c16aeed16a32b6cb1_DOB.jpg,05/04/1979
output/cropped_outputs/DOB/bnw_image_103_jpg.rf.9d8bec57e3351b410618c40f26080593_DOB.jpg,28/02/1984
output/cropped_outputs/DOB/bc_image_068_jpg.rf.f67f54dff70b3e73ea96dbe88aceadf5_DOB.jpg,28/06/1999
output/cropped_outputs/DOB/PAN_Card_20240701_193138329_jpg.rf.3fadd6112ac039c623dfffc8aa7c83e4_DOB.jpg,19/02/1993
output/cropped_outputs/DOB/bnw_image_258_jpg.rf.f02895036667b246290f72649144633b_DOB.jpg,01/01/1962
output/cropped_outputs/DOB/PAN_Card_20240702_173020584_jpg.rf.cc9816ea8ac2fa2b42175497ee2aa0bf_DOB.jpg,21/08/1982
output/cropped_outputs/DOB/01353526370014_jpg.rf.4c76cb690467ea6a5f29d91830917c40_DOB.jpg,12/06/2002
output/cropped_outputs/DOB/bc_image_083_jpg.rf.ebd999b897d3b916d097d8b8d8fa9d18_DOB.jpg,01/01/1976
output/cropped_outputs/DOB/01611712340012_jpg.rf.b4f0de42a95127adc610215104007c4a_DOB.jpg,06/01/1993
output/cropped_outputs/DOB/bnw_image_245_jpg.rf.a6fe59c408ebb9084e42185540054e40_DOB.jpg,15/01/1971
output/cropped_outputs/DOB/chotu-lal-PAN_page-0001-1-_jpg.rf.ff6b4ba04f20f65bee60d99f78516cf5_DOB.jpg,01/01/1983
output/cropped_outputs/DOB/bc_image_008_jpg.rf.fef881486d33adfa99a203dbb8178df2_DOB.jpg,18/01/2000
output/cropped_outputs/DOB/chotu-lal-PAN_page-0001-1-_jpg.rf.ef1a1a8898b12d04ab23f81b41b7a99e_DOB.jpg,01/01/1983
output/cropped_outputs/DOB/Pramila-PAN_jpeg.rf.b94f348f933d8d63128efdf6683da62b_DOB.jpg,01/01/1995
output/cropped_outputs/DOB/Screenshot-2024-09-11-at-5-31-43-PM_png.rf.31dbc0833b246665072e4487fc160881_DOB.jpg,16/07/1986
output/cropped_outputs/DOB/bc_image_107_jpg.rf.2ce0f04e576f90b23d7278d0225c78b0_DOB.jpg,12/03/1982
output/cropped_outputs/DOB/01274722210012_jpg.rf.023e6affcdac1f1f22772b5efc118b71_DOB.jpg,27/03/1995
output/cropped_outputs/DOB/17_jpg.rf.1d82fa04d9f2e5a5ebd98f67bf2c4b0f_DOB.jpg,15/08/1991
output/cropped_outputs/DOB/80_PAN_jpg.rf.7415a123fb6f815681b912b50564285a_DOB.jpg,05/07/1975
output/cropped_outputs/DOB/bc_image_078_jpg.rf.e954ff9793362c6bf6a60fd265ffcdb4_DOB.jpg,05/11/1983
output/cropped_outputs/DOB/01236464640010_jpg.rf.9526cd5532561d8fe666f1429918b671_DOB.jpg,05/08/1997
output/cropped_outputs/DOB/bc_image_246_jpg.rf.9fcca4fa37238119db81ee55272662e6_DOB.jpg,01/01/1991
output/cropped_outputs/DOB/bnw_image_024_jpg.rf.e38f38ab55cd03836ccc41f0e464739c_DOB.jpg,05/06/1997
output/cropped_outputs/DOB/bc_image_055_jpg.rf.87d110a36cec0b07d9b4ca5d84790b42_DOB.jpg,01/01/1975
output/cropped_outputs/DOB/bc_image_189_jpg.rf.048af5098496c0f1eacd243e71ed1d67_DOB.jpg,18/03/1996
output/cropped_outputs/DOB/Jagdish-GTR-Pan_jpeg.rf.4859bdb6603af81d9cefdedf3f0e8429_DOB.jpg,12/12/1992
output/cropped_outputs/DOB/bc_image_028_jpg.rf.4615e45f798c3ad710b1b26b9cfe7a81_DOB.jpg,01/01/1970
output/cropped_outputs/DOB/bc_image_259_jpg.rf.3453de3fffd66e6e73cbbfcc772a4e85_DOB.jpg,21/07/1990
output/cropped_outputs/DOB/Ratan-PAN_jpg.rf.7a547cef7ff385b4c68ab79bb4049961_DOB.jpg,08/04/1996
output/cropped_outputs/DOB/Shahrukh-Pan_jpeg.rf.a5194976f1748cf692cdb3a9f6344391_DOB.jpg,07/08/1993
output/cropped_outputs/DOB/CoAPP-Deepa-Pan-Card_page-0001_jpg.rf.4c80a3b9643197f640042981d700204d_DOB.jpg,01/01/2003
output/cropped_outputs/DOB/bc_image_019_jpg.rf.f3eccf531499a232c6aec7672fe817a6_DOB.jpg,08/03/1988
output/cropped_outputs/DOB/bc_image_113_jpg.rf.e9a051253256fdcf0808b83821c4611e_DOB.jpg,01/01/1961
output/cropped_outputs/DOB/1000071717-BAJAJ-PAN_png.rf.87be57cd59e20c351646f94eea5d3fd4_DOB.jpg,01/06/1985
output/cropped_outputs/DOB/1710411256675_jpeg.rf.c01107ae6ce58a05277feb583ebc9236_DOB.jpg,28/08/1999
output/cropped_outputs/DOB/PAN-Karan_jpeg.rf.8a7ffedfbd561dffe773676d86f4efd9_DOB.jpg,12/07/1980
output/cropped_outputs/DOB/1000093608-UNITED-PAN-1_jpg.rf.53e95960a959c105a64e1d3fd59bc3c2_DOB.jpg,29/01/2000
output/cropped_outputs/DOB/bnw_image_143_jpg.rf.62a0aa5eac787c7f489a82a380fabea0_DOB.jpg,25/09/1987
output/cropped_outputs/DOB/bc_image_145_jpg.rf.95f884f8b75764c65fb340a2ca02a5bc_DOB.jpg,05/02/1982
output/cropped_outputs/DOB/bnw_image_084_jpg.rf.5e460a0d9e40583a842c4728734be67b_DOB.jpg,23/04/1998
output/cropped_outputs/DOB/bnw_image_233_jpg.rf.3348012e8976a29a59e182a19b25b9ef_DOB.jpg,09/09/1995
output/cropped_outputs/DOB/bc_image_166_jpg.rf.9f61593e69920636c18f69fa9544b62d_DOB.jpg,20/06/1999
output/cropped_outputs/DOB/App-Arjun-Ram-Pan-Card_page-0001_jpg.rf.d82385ba1151ac74056dee16d1d0c928_DOB.jpg,01/01/2000
output/cropped_outputs/DOB/bc_image_125_jpg.rf.f5a81863af9288139196f38677b5b0a0_DOB.jpg,01/01/1993
output/cropped_outputs/DOB/01261732310018_jpg.rf.aae5a16900ee87a51056e5359697c370_DOB.jpg,15/12/1993
output/cropped_outputs/DOB/bnw_image_036_jpg.rf.28ef8c066206dd5ee7b1198580af4944_DOB.jpg,11/05/1996
output/cropped_outputs/DOB/bc_image_058_jpg.rf.948714746e1b1e1d067a42035bd8dc45_DOB.jpg,01/01/1968
output/cropped_outputs/DOB/bc_image_003_jpg.rf.5e76546ab97b78d5e51f19c2c5fa4421_DOB.jpg,06/01/1992
output/cropped_outputs/DOB/arjun-pan_jpeg.rf.f7d7fc18a286db07dc65b039f34805f4_DOB.jpg,28/06/1999
output/cropped_outputs/DOB/01341463450015_jpg.rf.e06d486329327c831328ef8d29484d02_DOB.jpg,05/03/1992
output/cropped_outputs/DOB/bnw_image_207_jpg.rf.17baab421c6857920142a47f592cab93_DOB.jpg,15/11/1979
output/cropped_outputs/DOB/bnw_image_109_jpg.rf.c1562fafc22c0f53565e2aa05dac97ff_DOB.jpg,1508/1973.
output/cropped_outputs/DOB/21_PAN_jpg.rf.c395f05a328f26b92f60cc3b6f4de31e_DOB.jpg,01/02/1996
output/cropped_outputs/DOB/bhaguram-gtr-pan_jpeg.rf.c99defbd3add1c3be7fd7f17916bf528_DOB.jpg,01/01/1958
output/cropped_outputs/DOB/13_PAN_jpg.rf.3d85b9e84bcba45f6293f80657eb55d7_DOB.jpg,05/06/1997
output/cropped_outputs/DOB/bc_image_167_jpg.rf.48c6381cb0329d9eadc35f40a420315b_DOB.jpg,04/03/1990
output/cropped_outputs/DOB/4abfeb59-imgtopdf_generated_2208201757059_page-43_jpg.rf.f969f342b6d33ee03b818091512ce12b_DOB.jpg,21/10/2000
output/cropped_outputs/DOB/bc_image_103_jpg.rf.4566eb6fe9bcad5f5aa17b17cbfb21b7_DOB.jpg,28/02/1984
output/cropped_outputs/DOB/bnw_image_028_jpg.rf.97be3db924d4f937c4f8392ae0c53fc7_DOB.jpg,01/01/1970
output/cropped_outputs/DOB/10_PAN_jpg.rf.6d70307c8a969390b1315ac273b675a6_DOB.jpg,01/01/1984
output/cropped_outputs/DOB/89_PAN_jpg.rf.cbab82ae858aef0a867c4351300bf7a9_DOB.jpg,27/10/1999
output/cropped_outputs/DOB/bnw_image_015_jpg.rf.34d82fd44ee53265da028071aadc8905_DOB.jpg,10/02/1997
output/cropped_outputs/DOB/bc_image_066_jpg.rf.cb1f3032ae4edb3a1795a64f24ec3611_DOB.jpg,01/01/1991
output/cropped_outputs/DOB/bc_image_070_jpg.rf.41aaf927fdd4137ce45226c0fc455e6b_DOB.jpg,25/05/1988.
output/cropped_outputs/DOB/01173574530010_pan_png.rf.0e7d64c33c02ce9e00790ec6fd270ca9_DOB.jpg,27/10/1988
output/cropped_outputs/DOB/bnw_image_092_jpg.rf.ba71d654cc7ee21844471ccbfb9dbd81_DOB.jpg,04/08/1986
output/cropped_outputs/DOB/IMG_20240314_160358_jpg.rf.72c1e346c4b5ce3f03cc71ef880a5768_DOB.jpg,01/10/2002
output/cropped_outputs/DOB/bnw_image_090_jpg.rf.c1b947b3c9ade91170816edb156dbab9_DOB.jpg,12/08/2001
output/cropped_outputs/DOB/01212725670019_jpg.rf.5afd7bd8bd80f6bdd98137987838dbf7_DOB.jpg,17/05/1986
output/cropped_outputs/DOB/bc_image_112_jpg.rf.27708cfd6ab63c09d0c12fe9a91e0301_DOB.jpg,13/04/1997
output/cropped_outputs/DOB/bc_image_126_jpg.rf.37392b3d69d0f471fc1e89ada15243ec_DOB.jpg,01/01/1993
output/cropped_outputs/DOB/bc_image_031_jpg.rf.30cd03f18f7bda4f3ecf0e5503ab3f5b_DOB.jpg,03/04/1994
output/cropped_outputs/DOB/01247667630015_jpg.rf.2f199e199e2e1e944c766cbe51d4e7df_DOB.jpg,08/03/1994
output/cropped_outputs/DOB/bc_image_267_jpg.rf.66419a80b03f4a1ba6185e60003e0b22_DOB.jpg,10/05/1992
output/cropped_outputs/DOB/bnw_image_008_jpg.rf.8560f45cf7d921dcea54406611c3fb6c_DOB.jpg,18/01/2000
output/cropped_outputs/DOB/bc_image_130_jpg.rf.f2cf9f2b135b836f3180461c92cc9b35_DOB.jpg,01/01/1973
output/cropped_outputs/DOB/bc_image_246_jpg.rf.e023300689bf8bfe5f73cb5d5a008584_DOB.jpg,01/01/1991
output/cropped_outputs/DOB/bnw_image_264_jpg.rf.78820870f953a1f5d7349ce9e38dffcd_DOB.jpg,01/01/1969
output/cropped_outputs/DOB/01231576410019_jpg.rf.88fe91aae6e7b683a2fd17b6fdae66c3_DOB.jpg,18/01/2000
output/cropped_outputs/DOB/PAN_Card_20240701_181008420_jpg.rf.c87c925dac1acc7781dfe0655d322ce7_DOB.jpg,04/12/1978
output/cropped_outputs/DOB/bnw_image_058_jpg.rf.c5c93b08a803a246425aeb40407a25e8_DOB.jpg,01/01/1968
output/cropped_outputs/DOB/bnw_image_072_jpg.rf.cd838522b123eaad17f4d4929a9c2e6d_DOB.jpg,04/09/1992
output/cropped_outputs/DOB/bc_image_165_jpg.rf.f77e98e04ba27eed4cec18a2e4048890_DOB.jpg,01/01/1984.
output/cropped_outputs/DOB/8402957537_jpg.rf.73ebd2471328ef5c6921881fe12b9895_DOB.jpg,22/04/1997
output/cropped_outputs/DOB/bnw_image_110_jpg.rf.bd03a0c661b430d39b340b5d62bc3a92_DOB.jpg,21/05/1996
output/cropped_outputs/DOB/gaurantor-pan-card_jpeg.rf.005725896419ba8cae94194fa5869946_DOB.jpg,01/01/1985
output/cropped_outputs/DOB/bnw_image_071_jpg.rf.36fef01dc6dbc33d86ca462bf6030eff_DOB.jpg,01/01/1964
output/cropped_outputs/DOB/PAN-card-bhiwa_page-0001_jpg.rf.787e133814420aeb3111ae02c1d524ca_DOB.jpg,01/01/1984
output/cropped_outputs/DOB/bc_image_049_jpg.rf.8e6f984dcd580798bb6647e14e64071d_DOB.jpg,06/07/1992
output/cropped_outputs/DOB/bc_image_002_jpg.rf.ae7eced5b2e8f704b6a7c204107619a4_DOB.jpg,27/10/1988
output/cropped_outputs/DOB/e007179a-58196aadc14229072fe70390_pan_jpg.rf.c32d70244998575ffd5f360af9ddf40e_DOB.jpg,13/06/1988
output/cropped_outputs/DOB/bnw_image_131_jpg.rf.9e44b744b9005bd730b31bda93b49d02_DOB.jpg,01/01/1977
output/cropped_outputs/DOB/PAN-Safia_jpeg.rf.993f7e0c3791094bcedb8bc0c6047551_DOB.jpg,21/03/1968
output/cropped_outputs/DOB/pushpa-devi-pan-card_page-0001_jpg.rf.a0a8027089e3b08e6203ed2689fb834d_DOB.jpg,01/01/1993
output/cropped_outputs/DOB/PAN_Card_20240702_154034177_jpg.rf.0e87503a2eb936d982cab2c5b65c9ba3_DOB.jpg,19/09/1990
output/cropped_outputs/DOB/Jitendra-Singh-Pan-Card_jpg.rf.18136ba7eff622ee72c9c03b435641b5_DOB.jpg,15/07/1993
output/cropped_outputs/DOB/bc_image_129_jpg.rf.5d593af00b38800c759266baffd9165d_DOB.jpg,06/09/1977
output/cropped_outputs/DOB/MAYA-PAN_page-0001_jpg.rf.ca95d24ff63d1d18b3d056f9b4f1e4dc_DOB.jpg,01/01/1996
output/cropped_outputs/DOB/vithal-pan_jpeg.rf.61a1f0c8535f676715ecde55f9cd8f77_DOB.jpg,10/05/1992
output/cropped_outputs/DOB/bnw_image_045_jpg.rf.8272047ece185b00e1a914f17154c402_DOB.jpg,27/09/1989
output/cropped_outputs/DOB/Rafik-PAN_jpeg.rf.955eafda2ed5fa6d68427d92d21e1a13_DOB.jpg,10/11/1968
output/cropped_outputs/DOB/1710411256572_jpg.rf.91216dc0cb4618e273d063edf29ea666_DOB.jpg,16/04/1995
output/cropped_outputs/DOB/laluram-kir-pan-card-_page-0001_jpg.rf.756a33f9cf077aed5ba911e3f026cbad_DOB.jpg,01/01/2001
output/cropped_outputs/DOB/Balkishan-gahlot-GTR-Pan_jpg.rf.c8acbb6a46badaa0206f812cf607f7e6_DOB.jpg,10/11/1972
output/cropped_outputs/DOB/bnw_image_142_jpg.rf.55bbcdc926538b71282d83d31fee3711_DOB.jpg,27/10/1997
output/cropped_outputs/DOB/bnw_image_057_jpg.rf.5c36b08a54e992f2697a100e7c2fc243_DOB.jpg,26/01/1981
output/cropped_outputs/DOB/01263124150013_jpg.rf.77199293d54a32a528ec4d0e3a06dd6d_DOB.jpg,24/05/1998
output/cropped_outputs/DOB/32_PAN_jpg.rf.2ab5da1eb7938403dfe12affad0c2dba_DOB.jpg,17/10/1992
output/cropped_outputs/DOB/pan-card_jpeg.rf.dd2f3bd732aa8a5c5904515fccde6573_DOB.jpg,01/01/1990
output/cropped_outputs/DOB/01214635550018_jpg.rf.49965c028227d0e38c3a66e557fe9360_DOB.jpg,22/01/1982
output/cropped_outputs/DOB/bnw_image_209_jpg.rf.f3c41c903c1e778422eafa7de870bd66_DOB.jpg,15/03/1987
output/cropped_outputs/DOB/bnw_image_088_jpg.rf.b93aabc20d235e1df935efc98297dc0d_DOB.jpg,01/01/1985
output/cropped_outputs/DOB/durga-bai-pancard_page-0001_jpg.rf.9c85cb408e54026a52b8e9747ce0415a_DOB.jpg,01/01/1985
output/cropped_outputs/DOB/PAN_Card_20240701_203515260_jpg.rf.e76dd56392b2d61856182b314ecd6d7b_DOB.jpg,26/02/1981
output/cropped_outputs/DOB/bnw_image_064_jpg.rf.702ffc846f0f0b49a4c84a2187708768_DOB.jpg,01/01/1994
output/cropped_outputs/DOB/47_PAN_jpg.rf.321782bd9756d0ed499c9ac1042cf1cf_DOB.jpg,25/06/1981
output/cropped_outputs/DOB/bnw_image_253_jpg.rf.523117b442ca92faa586b1fa5e974742_DOB.jpg,01/01/1994
output/cropped_outputs/DOB/Co-App_-Laxmi-Pan-Card-1-_page-0001_jpg.rf.5ab6aa1a57b90648345db0be2b9682cb_DOB.jpg,01/01/1985
output/cropped_outputs/DOB/bc_image_067_jpg.rf.45af48cb1345736e375d8a974a9d9c6d_DOB.jpg,01/01/1984
output/cropped_outputs/DOB/Prakash-Pan_jpeg.rf.fb5fd16b97d2e5ae14e0faa000aa71c6_DOB.jpg,05/05/1969
output/cropped_outputs/DOB/bc_image_261_jpg.rf.1d6dc4447277889c6e7959140ff8d3b6_DOB.jpg,05/04/1979
output/cropped_outputs/DOB/bnw_image_101_jpg.rf.259c9cb59158fd3776a95f5caf171e75_DOB.jpg,01/01/1985
output/cropped_outputs/DOB/bnw_image_073_jpg.rf.ae26226600396d5dc1669e5e8312152f_DOB.jpg,01/01/1966
output/cropped_outputs/DOB/GTR-Phool-Chand-PAN_jpeg.rf.e734a86b0358839f5ad2065c5c4112bf_DOB.jpg,15/08/1973
output/cropped_outputs/DOB/bc_image_014_jpg.rf.7ca8519bbeb0be81ae8cac9236411664_DOB.jpg,01/01/1984
output/cropped_outputs/DOB/bc_image_116_jpg.rf.c67cf136e2a875b347f546f0245ea8ff_DOB.jpg,12/12/1992
output/cropped_outputs/DOB/Kan-Pan_jpg.rf.421b223f426603caeb3cc60d6dc383e8_DOB.jpg,01/01/1999
output/cropped_outputs/DOB/manohar-pan_jpeg.rf.def478583a8d43cb994d2f0b754c731b_DOB.jpg,10/07/1984
output/cropped_outputs/DOB/bc_image_119_jpg.rf.41968c9ef488210316e9655567c5b532_DOB.jpg,05/10/1984
output/cropped_outputs/DOB/bc_image_154_jpg.rf.157b1c97f9d5b2d747a6dddf8dd55508_DOB.jpg,29/03/1989
output/cropped_outputs/DOB/bc_image_104_jpg.rf.0ef07b8e5ef6557c49ed988b22dbbab0_DOB.jpg,01/01/1957
output/cropped_outputs/DOB/53_PAN_jpg.rf.b6c8e2b6a63235290955d724d253167b_DOB.jpg,17/06/1995
output/cropped_outputs/DOB/bnw_image_076_jpg.rf.c507fa44ef8b546c282d7e405098dcf8_DOB.jpg,01/01/1958
output/cropped_outputs/DOB/Pan-card-Manoj_page-0001_jpg.rf.5d5a7f9dd75f9aad70041824da2371be_DOB.jpg,20/06/1999
output/cropped_outputs/DOB/bc_image_207_jpg.rf.269f739e8cbfcbd818fa3494115ea2c7_DOB.jpg,15/11/1979
output/cropped_outputs/DOB/bnw_image_250_jpg.rf.546c9f4569a103c7bc4ae015cb8a0d2b_DOB.jpg,10/06/1987
output/cropped_outputs/DOB/bnw_image_122_jpg.rf.ee13fd1ea46dc044bc8ce2b86a58adf5_DOB.jpg,01/01/1955
output/cropped_outputs/DOB/Babulal-PAN_page-0001_jpg.rf.4687799fa3d2ab0e445fffe7bda2508a_DOB.jpg,01/01/1964
output/cropped_outputs/DOB/bnw_image_087_jpg.rf.85bdb02228b1cf9eed6dd22a8bc3d31a_DOB.jpg,01/01/1986
output/cropped_outputs/DOB/bnw_image_117_jpg.rf.771de46ce02d44bb903056ae36b70bdd_DOB.jpg,01/08/1972
output/cropped_outputs/DOB/GTR-2-Rajendra-PAN_jpg.rf.cdd2339c0d5ca244c89e372b984153b2_DOB.jpg,12/03/1982
output/cropped_outputs/DOB/bc_image_052_jpg.rf.31841e5cb24625ae7190bf7b123ad417_DOB.jpg,01/01/1968
output/cropped_outputs/DOB/manohar-pan_jpeg.rf.e8012aec8c7afd4f00ca9b69bf289454_DOB.jpg,10/07/1984
output/cropped_outputs/DOB/1710411256572_jpg.rf.86039ebb4cb10ebb12ed5c41d8d5a466_DOB.jpg,16/04/1995
output/cropped_outputs/DOB/bnw_image_156_jpg.rf.c90928ef8e465d83ed74197a4f39e1d5_DOB.jpg,01/08/1984
output/cropped_outputs/DOB/bc_image_225_jpg.rf.e0c431770712459535b19b2b3a539449_DOB.jpg,01/07/1982
output/cropped_outputs/DOB/Sangita-Pan_page-0001_jpg.rf.dd0efd40c3838d962d3ddff097194c39_DOB.jpg,01/01/1991
output/cropped_outputs/DOB/1710411256572_jpg.rf.d47a497386ce4f27ec8e20de8cc3812e_DOB.jpg,16/04/1995
output/cropped_outputs/DOB/bnw_image_267_jpg.rf.3806c7bc64603b18343fc567aca3555d_DOB.jpg,10/05/1992
output/cropped_outputs/DOB/bnw_image_084_jpg.rf.35773c47d6a3e997698fdffdc3c91bec_DOB.jpg,23/04/1998
output/cropped_outputs/DOB/Ganesh-PAN_jpeg.rf.6af8e2dab91df5bba668cca2011f1dbc_DOB.jpg,20/03/1979
output/cropped_outputs/DOB/01276174510017_jpg.rf.4f3d0451557bd40ee6e1e0791dff539d_DOB.jpg,15/03/1997
output/cropped_outputs/DOB/bnw_image_104_jpg.rf.cee81e2a5d726a241f14cd52779efc76_DOB.jpg,01/01/1957
output/cropped_outputs/DOB/bc_image_173_jpg.rf.a450a639b58442cdc1896e7a4473cdb8_DOB.jpg,01/01/1973
output/cropped_outputs/DOB/bnw_image_029_jpg.rf.da115a4e563dcb1249bc4a61b348c67f_DOB.jpg,27/02/2002
output/cropped_outputs/DOB/bc_image_053_jpg.rf.35cd29eedcd4bcfaa52925b70fb3b236_DOB.jpg,01/01/1993
output/cropped_outputs/DOB/bc_image_012_jpg.rf.c59b68a622faac3868813ec5f9300929_DOB.jpg,24/05/1998
output/cropped_outputs/DOB/35_jpg.rf.b6d7e42c586aa6e1b8a96abad80819af_DOB.jpg,11/05/1996
output/cropped_outputs/DOB/bnw_image_199_jpg.rf.b3387666a9924afa04f8aaa88ad31408_DOB.jpg,05/03/1979
output/cropped_outputs/DOB/bc_image_202_jpg.rf.fcb5f2e8979fcf6acb5f1653c0b08aae_DOB.jpg,01/01/1978
output/cropped_outputs/DOB/9162825938_jpg.rf.315393c46b01abdd9c89f5e66e411b27_DOB.jpg,06/07/1992
output/cropped_outputs/DOB/PAN_Card_20240701_155540542_jpg.rf.6ee98295b74bb853ddc1510e3cce924d_DOB.jpg,23/05/1987
output/cropped_outputs/DOB/bnw_image_066_jpg.rf.b345db564b9fa038783653b18226bd15_DOB.jpg,01/01/1991
output/cropped_outputs/DOB/bc_image_037_jpg.rf.cb973cc0fe78fa164cf5f71067b114d6_DOB.jpg,25/06/1981
output/cropped_outputs/DOB/9162825938_jpg.rf.ff61f9aeec3f9170e6fef385e9474f00_DOB.jpg,06/07/1992
output/cropped_outputs/DOB/bnw_image_177_jpg.rf.ccca0de61721283b4d7065587aa7612f_DOB.jpg,17/07/1977
output/cropped_outputs/DOB/bnw_image_004_jpg.rf.3b34326364988fa21b187e32688a5ec6_DOB.jpg,06/10/1986
output/cropped_outputs/DOB/image19_jpeg.rf.2b8accd940998c213f6ffacc8bab1733_DOB.jpg,17/04/1999
output/cropped_outputs/DOB/bnw_image_134_jpg.rf.c389b8a8f77449702f9fd10bdfa9019a_DOB.jpg,01/01/1969
output/cropped_outputs/DOB/bc_image_142_jpg.rf.f01c84ffbd39ae5c1abc704d41beeaa8_DOB.jpg,27/10/1997
output/cropped_outputs/DOB/bnw_image_207_jpg.rf.67941d9e58ff72980b71e0f6f610cf39_DOB.jpg,15/11/1979
output/cropped_outputs/DOB/1-PAN-Card-_-Nikhil-Jain_page-0001_jpg.rf.c753baa574a1270bd2193d744b65eba2_DOB.jpg,08/03/1988
output/cropped_outputs/DOB/bc_image_104_jpg.rf.b7f519ff197d3b3b8a4c75946b103766_DOB.jpg,01/01/1957
output/cropped_outputs/DOB/e007179a-58196aadc14229072fe70390_pan_jpg.rf.81d17ee15c0db20319f0cb0bffa1625f_DOB.jpg,13/06/1988
output/cropped_outputs/DOB/01274722210012_jpg.rf.5574ada6b97bded626d92fedc806a02a_DOB.jpg,27/03/1995
output/cropped_outputs/DOB/bnw_image_107_jpg.rf.6e20ed63b6dca46ff700311f1c5606f7_DOB.jpg,12/03/1982
output/cropped_outputs/DOB/1aea9462babd9fb2fd84f7a2f81f5ccf_jpg.rf.e97ea6ad4aaa9338e9c4b844877afc70_DOB.jpg,27/02/2002
output/cropped_outputs/DOB/bnw_image_190_jpg.rf.dfb7ef7a5ef55e42458f409ee7a48713_DOB.jpg,06/02/1964
output/cropped_outputs/DOB/bc_image_119_jpg.rf.ce35f0b28c0c7127e43e495605330e79_DOB.jpg,05/10/1984
output/cropped_outputs/DOB/bnw_image_229_jpg.rf.9e87f8b4117990617696ed6f6426c565_DOB.jpg,08/03/1985
output/cropped_outputs/DOB/bnw_image_087_jpg.rf.ea2bc5d308da61e1126b83ab7f1756ea_DOB.jpg,01/01/1986
output/cropped_outputs/DOB/bc_image_102_jpg.rf.f619789097c01732f01fe44d73b59cee_DOB.jpg,08/08/1988
output/cropped_outputs/DOB/images95_jpg.rf.de08ac52f8c38ed79de1fa6f83e43bff_DOB.jpg,18/11/1965
output/cropped_outputs/DOB/bitthu-pan-card_jpeg.rf.f9f54efec541109e65f1c54f61a4b869_DOB.jpg,01/01/1997
output/cropped_outputs/DOB/01725443260010_jpg.rf.1a57f7b9694e8b1e2caa29ed9089e016_DOB.jpg,27/10/1985
output/cropped_outputs/DOB/bnw_image_152_jpg.rf.32c7472a3f98a18afeb52d878081c710_DOB.jpg,01/01/1957
output/cropped_outputs/DOB/Ghanshyam-PAN-ADHAR_page-0003_jpg.rf.219eb2d6ff74a7ae45933c7db6f3da42_DOB.jpg,28/02/1984
output/cropped_outputs/DOB/bnw_image_040_jpg.rf.70c5be52249e6e0781d6e30a2fccb632_DOB.jpg,01/06/1962
output/cropped_outputs/DOB/bc_image_115_jpg.rf.cfc5a154e109e7d5975916050e51a49d_DOB.jpg,07/07/1985
output/cropped_outputs/DOB/bc_image_001_jpg.rf.e7f8d253258bade0a70b2bf0864c096d_DOB.jpg,17/02/1995
output/cropped_outputs/DOB/01247667630015_jpg.rf.3aee8a41327f47be981163900c9a9dbb_DOB.jpg,08/03/1991
output/cropped_outputs/DOB/bc_image_072_jpg.rf.b1bea9b0c6613b9c8dba135ab70b5d9e_DOB.jpg,04/09/1992
output/cropped_outputs/DOB/bnw_image_165_jpg.rf.c70abe23e1ea39f69fde381f331654ee_DOB.jpg,01/01/1984
output/cropped_outputs/DOB/bnw_image_012_jpg.rf.41bdca8fc7f2637eec722f98e67b3362_DOB.jpg,24/05/1998
output/cropped_outputs/DOB/papu-singh-pan-card-tambariya_page-0001_jpg.rf.319968a5f97f0af0fedf509cb2b1d392_DOB.jpg,01/01/1992
output/cropped_outputs/DOB/bc_image_266_jpg.rf.9096b9eb3d1b34b441296ac8c277c4ff_DOB.jpg,01/01/1965
output/cropped_outputs/DOB/aadar-pan-jaswant-1_page-0007_jpg.rf.3e6ad3e2b29c0b1d37b2dae39876bbf3_DOB.jpg,01/01/1968
output/cropped_outputs/DOB/bc_image_215_jpg.rf.0c074640be1cae3d60f9d51129e2e538_DOB.jpg,01/01/1992
output/cropped_outputs/DOB/bc_image_211_jpg.rf.6f70d8278b53a6b2496f29567efa6fb2_DOB.jpg,27/02/1994
output/cropped_outputs/DOB/80_PAN_jpg.rf.4685c4f001ec6817790e3f083d2817b7_DOB.jpg,05/07/1975
output/cropped_outputs/DOB/bc_image_211_jpg.rf.38925b8fe3b3053a93ab4b2c078a2d0e_DOB.jpg,27/02/1994
output/cropped_outputs/DOB/bc_image_189_jpg.rf.38d1c6a8e5c34ff21b8cc67d6f77ad7b_DOB.jpg,18/03/1996
output/cropped_outputs/DOB/19_jpg.rf.4edb18e33610ebadb52c5b75b3711ecf_DOB.jpg,01/01/1970
output/cropped_outputs/DOB/bnw_image_104_jpg.rf.4f0e891af02197b2d96cdf1ea28a76c8_DOB.jpg,01/01/1957
output/cropped_outputs/DOB/bc_image_013_jpg.rf.e20c68fc6f92b0d22067a87c95651120_DOB.jpg,27/03/1995
output/cropped_outputs/DOB/01264265370011_jpg.rf.3541056c82e732677e9acebe5a47cc7e_DOB.jpg,29/04/1986
output/cropped_outputs/DOB/bc_image_111_jpg.rf.da019430078f37a9b108939256fe5170_DOB.jpg,06/09/1994
output/cropped_outputs/DOB/bnw_image_030_jpg.rf.b83a6b055b0856707a53830578d4b31e_DOB.jpg,03/04/1994
output/cropped_outputs/DOB/01125713540016_jpg.rf.a636f49463ef723c7e7964ed2568ab12_DOB.jpg,01/01/1996
output/cropped_outputs/DOB/01215473510013_jpg.rf.81f1005f8ed4d641f99e328d0854831a_DOB.jpg,31/05/1991
output/cropped_outputs/DOB/01335435330017_jpg.rf.b012de1c8d73de6dfcf923a68ed215cf_DOB.jpg,02/10/1996
output/cropped_outputs/DOB/bc_image_169_jpg.rf.bdbf92780ad98138af20be18c0ee9dfb_DOB.jpg,05/06/1978
output/cropped_outputs/DOB/yashoda-pan-card-_page-0001_jpg.rf.3b5d882c8a8bc9dd4074262c634a6a53_DOB.jpg,01/07/1986
output/cropped_outputs/DOB/bc_image_064_jpg.rf.43a5ae3a8223e68298773054edb02141_DOB.jpg,01/01/1994
output/cropped_outputs/DOB/bc_image_203_jpg.rf.1b7bc898f34ee948f4fc6ce54d356c93_DOB.jpg,21/03/2001
output/cropped_outputs/DOB/bnw_image_151_jpg.rf.dd0b309e535b18bef536ac20f99c3828_DOB.jpg,01/01/1996
output/cropped_outputs/DOB/01262175230013_jpg.rf.3f3eca9624737e467a96ab289810f4cb_DOB.jpg,22/11/2000
output/cropped_outputs/DOB/1_jpg.rf.117576c2927f2133a11bc20c8c9b89c9_DOB.jpg,04/05/1997
output/cropped_outputs/DOB/PAN_Card_20240701_183248314_jpg.rf.13194177ff24ed0429d09de9f26e4f69_DOB.jpg,05/06/1976
output/cropped_outputs/DOB/19_PAN_jpg.rf.480ac9e937db891aeff0bbd864fc559d_DOB.jpg,01/01/1970
output/cropped_outputs/DOB/bc_image_236_jpg.rf.e0b25637b88e66450ff50fd16a3a4bd1_DOB.jpg,18/04/1993
output/cropped_outputs/DOB/bc_image_110_jpg.rf.d39d41892213e1b7736ff3eacf143e0b_DOB.jpg,21/05/1996
output/cropped_outputs/DOB/bnw_image_026_jpg.rf.3f3e78d29e6734ade3ecdbced886ebe1_DOB.jpg,16/04/1995
output/cropped_outputs/DOB/PAN_Card_20240702_201425223_jpg.rf.fcb506f0cc903d6566f76cc741b2fb44_DOB.jpg,29/09/1997
output/cropped_outputs/DOB/bc_image_076_jpg.rf.5ce69010d709ae1b7fe1596745dc46c2_DOB.jpg,01/01/1958
output/cropped_outputs/DOB/Baby-Kanwar-Pan-Card_page-0001_jpg.rf.96b9fb51493dd88fdb0e3d6596c03ea6_DOB.jpg,04/09/1992
output/cropped_outputs/DOB/21_PAN_jpg.rf.ba21318d4315d3eabcc66a4b4896593c_DOB.jpg,01/02/1996
output/cropped_outputs/DOB/bnw_image_053_jpg.rf.14fc162ae011cd130594aca456c45a0d_DOB.jpg,01/01/1993
output/cropped_outputs/DOB/bc_image_152_jpg.rf.de12067235f550c7ff43d0caf480b721_DOB.jpg,01/01/1957
output/cropped_outputs/DOB/bnw_image_200_jpg.rf.15f45350a09ea74fe1076c51a3958f97_DOB.jpg,10/04/1966
output/cropped_outputs/DOB/01599646500012_jpg.rf.7ee602c2d9eda3fdacdd67973f60e5a2_DOB.jpg,10/02/1988
output/cropped_outputs/DOB/Antu-Kanwar-Pan-Card_page-0001_jpg.rf.25bb4272afdb453e42ee0dc7620a30a0_DOB.jpg,01/01/1994
output/cropped_outputs/DOB/App_-Anandaraj-Pan-Card-1-_page-0001_jpg.rf.546cd53bb3078101ed10e04e61ec3849_DOB.jpg,01/01/1984
output/cropped_outputs/DOB/01611485750018_jpg.rf.d78c5d828f3e6fcc90d5e7b647cd8884_DOB.jpg,03/08/1983
output/cropped_outputs/DOB/bnw_image_024_jpg.rf.7bd18d925a91a8018501625e70ea97b3_DOB.jpg,05/06/1997
output/cropped_outputs/DOB/bc_image_258_jpg.rf.5b5a9c718dee649cd4e93f66672d278e_DOB.jpg,01/01/1962
output/cropped_outputs/DOB/Gopal-ji-pan-card_page-0001_jpg.rf.ccee84a52ced3ddf24c87b2046582615_DOB.jpg,01/01/1991
output/cropped_outputs/DOB/bnw_image_173_jpg.rf.c4ea44165562848e7c75c8cdc24f185a_DOB.jpg,01/01/1973
output/cropped_outputs/DOB/PAN_Card_20240701_184004436_jpg.rf.cf15450a1e88dca870fc14839320e315_DOB.jpg,01/01/1978
output/cropped_outputs/DOB/bnw_image_092_jpg.rf.3834b3506f7f96103f8abf5cd272811e_DOB.jpg,04/08/1986
output/cropped_outputs/DOB/Co-applicant-pan-adhar_page-0002_jpg.rf.299b1f14358b84db19a6e4a804e7e169_DOB.jpg,29/06/1975
output/cropped_outputs/DOB/bnw_image_228_jpg.rf.30a949c60ed05406492c0b21b66084a1_DOB.jpg,05/01/1990
output/cropped_outputs/DOB/bnw_image_164_jpg.rf.20df0db851be04442b8cf8cfb0fd692a_DOB.jpg,05/10/1999
output/cropped_outputs/DOB/Pan-card-of-Brajmohan_jpeg.rf.f1f674eb145b2c58b69f1357b8f9774b_DOB.jpg,04/03/1990
output/cropped_outputs/DOB/PAN_Card_20240702_180812051_jpg.rf.4c2e2dbce7a66283bffd89f1d20e0b8a_DOB.jpg,27/02/1994
output/cropped_outputs/DOB/bc_image_150_jpg.rf.af6fe2327007d853261c08940a031785_DOB.jpg,12/01/1992
output/cropped_outputs/DOB/bc_image_227_jpg.rf.2e8fde7ef5251c070e90b31f2d661be7_DOB.jpg,01/01/1993
output/cropped_outputs/DOB/_pan_png.rf.22e108fc7636ae9328d38bdb3770fe53_DOB.jpg,13/06/1988
output/cropped_outputs/DOB/Amra-PAN_jpeg.rf.e6564e6e4eb3a7d5e4fec14cb54c171f_DOB.jpg,24/07/1964
output/cropped_outputs/DOB/bnw_image_186_jpg.rf.40f1987aa6781546a6fe34cb05dc4d9b_DOB.jpg,05/01/1989
output/cropped_outputs/DOB/bc_image_184_jpg.rf.6e432ca94f5229ebf4e8f04a4756d80f_DOB.jpg,01/01/1987
output/cropped_outputs/DOB/bc_image_169_jpg.rf.c2137decb97f0180563a3a9e6dab04de_DOB.jpg,05/05/1978
output/cropped_outputs/DOB/PAN_Card_20240702_161137495_jpg.rf.8b6bbdf2b37a94179304c56529a8b79b_DOB.jpg,24/12/1995
output/cropped_outputs/DOB/Nand-PAN_jpeg.rf.3b1e6b1ead5eada1b440e9bdcdb290e4_DOB.jpg,01/08/1984
output/cropped_outputs/DOB/pancard1_jpg.rf.440d9ffa5b67f7b4f008a48808379a71_DOB.jpg,17/06/1995
output/cropped_outputs/DOB/Co-App-Guddi-Pan-Card_page-0001_jpg.rf.1245271d636a5d7ea92ed9e1b83f2efe_DOB.jpg,01/01/1986
output/cropped_outputs/DOB/prabhu-lal-pan_jpeg.rf.179c779e367c1ecbe4346fa8a9b9b997_DOB.jpg,01/01/1958
output/cropped_outputs/DOB/PAN-Narvik-Buildhomes-PDF_page-0001_jpg.rf.1219ed4f6df1b6cedeea4a6c640b6927_DOB.jpg,17/04/2017
output/cropped_outputs/DOB/bnw_image_269_jpg.rf.7a1266780fc65ae7349509ab3bf20be4_DOB.jpg,13/07/2001
output/cropped_outputs/DOB/01263124150013_jpg.rf.80f66e666b702b47e549d52e5c3d0764_DOB.jpg,24/05/1998
output/cropped_outputs/DOB/7_PAN_jpg.rf.630016e7ebbb05d09330214edba420f1_DOB.jpg,27/09/1989
output/cropped_outputs/DOB/bc_image_151_jpg.rf.c092b0e889c6016910872d6994163b68_DOB.jpg,01/01/1996
output/cropped_outputs/DOB/bnw_image_075_jpg.rf.db187fc0040db7c2d9acc82cfdce2120_DOB.jpg,10/11/1972
output/cropped_outputs/DOB/bnw_image_187_jpg.rf.41e2313c88bc434a9400d62c96ba40ac_DOB.jpg,22/10/1990
output/cropped_outputs/DOB/01577335720011_jpg.rf.08e553878491d8eeb5fbd2dc70d558d1_DOB.jpg,29/10/2002
output/cropped_outputs/DOB/khemraj-pan_jpeg.rf.44cedcc7b768c6ad9ff83b22820b6189_DOB.jpg,06/09/1977
output/cropped_outputs/DOB/Chandrakanta_PanCard_jpg.rf.b639535fe9aeeb676893da2c8a554c21_DOB.jpg,01/01/1976
output/cropped_outputs/DOB/bnw_image_089_jpg.rf.71b6e3727679d5c97ab9fe6035fef685_DOB.jpg,29/06/1975
output/cropped_outputs/DOB/79_PAN_jpg.rf.d2b2a4b2101e29caadec0bf2f3b553bd_DOB.jpg,01/06/1995
output/cropped_outputs/DOB/bc_image_171_jpg.rf.03fc98b6dbc898c7ebb0d74c4bf26a15_DOB.jpg,01/01/1963
output/cropped_outputs/DOB/Pawan-PAN_page-0001_jpg.rf.9ede375a269eb453aaf8813f8222dcb6_DOB.jpg,19/07/1995
output/cropped_outputs/DOB/9304191128_jpg.rf.9c9b13dc0af61759006ffb336cfb2ba4_DOB.jpg,17/12/1997
output/cropped_outputs/DOB/bc_image_041_jpg.rf.418aed02231da65f87626417e9a31f01_DOB.jpg,28/03/1999
output/cropped_outputs/DOB/bc_image_150_jpg.rf.051e55410fe32a9fdef5a18f541f00ec_DOB.jpg,12/01/1992
output/cropped_outputs/DOB/bc_image_234_jpg.rf.c65e3e3352d6258d4f19835a3c843c9d_DOB.jpg,04/02/1995
output/cropped_outputs/DOB/7_PAN_jpg.rf.c838c2557fc909f27096fb33851b5573_DOB.jpg,27/09/1989
output/cropped_outputs/DOB/bnw_image_260_jpg.rf.a48ff2463692e0ec79f96e1be5411ce2_DOB.jpg,23/12/1969
output/cropped_outputs/DOB/bnw_image_166_jpg.rf.a9efa29e5cfc7b4c5ec8547a0078c784_DOB.jpg,20/06/1999
output/cropped_outputs/DOB/bc_image_205_jpg.rf.0290a6ff9515cc0dd157733f1ba1b694_DOB.jpg,12/06/1986
output/cropped_outputs/DOB/PAN_Card_20240701_114422759_jpg.rf.0d37ebf9e6f517413e867655889cbc13_DOB.jpg,12/06/1997
output/cropped_outputs/DOB/bnw_image_222_jpg.rf.067274211e0c94415e51683c55c933f6_DOB.jpg,01/01/1995
output/cropped_outputs/DOB/aadar-pan-jaswant-1_page-0007_jpg.rf.4300f5590f7208895fd64d74367d04a0_DOB.jpg,01/01/1968
output/cropped_outputs/DOB/9162825938_jpg.rf.b6d9acc0909eb9b9a8d835d53f6b74b6_DOB.jpg,06/07/1992
output/cropped_outputs/DOB/bnw_image_128_jpg.rf.7a066ba2df1e66994f1a770fcd092b74_DOB.jpg,01/01/1992
output/cropped_outputs/DOB/SAFARUDIN-PAN-CARD_page-0001_jpg.rf.30be82f37d31aec76e7204bce02fd463_DOB.jpg,27/01/1978
output/cropped_outputs/DOB/1710411256675_jpeg.rf.431afcb1294a845a345849fe3eb5067e_DOB.jpg,28/08/1999
output/cropped_outputs/DOB/PAN_Card_20240702_112851192_jpg.rf.2d2e52226c1edac23e175a28df8788f5_DOB.jpg,01/06/1974
output/cropped_outputs/DOB/76_jpg.rf.c0b0596d589c9c373095e424f7df16e7_DOB.jpg,05/07/1975
output/cropped_outputs/DOB/01261443750015_jpg.rf.51954ddf028e979f89aaac1ce2dcd926_DOB.jpg,05/05/1991
output/cropped_outputs/DOB/Kamla_Pan_jpg.rf.6ccead183a464e0f2f2ece50bcf33108_DOB.jpg,01/01/1983
output/cropped_outputs/DOB/bnw_image_142_jpg.rf.201399c8d63e97919ea335e15b3a5df9_DOB.jpg,27/10/1997
output/cropped_outputs/DOB/01187739310014_jpg.rf.e2fb5e52cba8919b8ffec6b3fda24d98_DOB.jpg,02/04/1992
output/cropped_outputs/DOB/pushpa-pAn-card_page-0001_jpg.rf.82ec2dd3a59f54ab3c9af8bec34c5302_DOB.jpg,05/01/1990
output/cropped_outputs/DOB/Laxman-PAN_page-0001_jpg.rf.228dc4e9dfab77f2c9a58b7c29f4b911_DOB.jpg,01/01/1969
output/cropped_outputs/DOB/bnw_image_180_jpg.rf.d14bb0bc867639f4cf1c0cd1dd19f52a_DOB.jpg,12/07/1980
output/cropped_outputs/DOB/Vimla-Pan_jpeg.rf.bb7fa5028a6765b631f24771d98b66cd_DOB.jpg,01/01/1965
output/cropped_outputs/DOB/PAN_Card_20240701_102658933_jpg.rf.0ade25e6c43a84145697b640e58c7c25_DOB.jpg,08/04/2000
output/cropped_outputs/DOB/bc_image_151_jpg.rf.abb83a17935e11ccfdf45e5fcfd08957_DOB.jpg,01/01/1996
output/cropped_outputs/DOB/Screenshot-2024-09-11-at-5-31-14-PM_png.rf.cf536272e532f254d07d74575097c60c_DOB.jpg,01/01/1965
output/cropped_outputs/DOB/bnw_image_267_jpg.rf.2241aea0fcf322fd49c810e0cf92d45f_DOB.jpg,10/05/1992
output/cropped_outputs/DOB/bc_image_184_jpg.rf.62a9e6d5793178a5ac2ae40868e04c01_DOB.jpg,01/01/1987
output/cropped_outputs/DOB/bc_image_210_jpg.rf.9142c29a43b4c01553b9e81eb6807506_DOB.jpg,15/12/1984
output/cropped_outputs/DOB/PAN_Card_20240701_102658933_jpg.rf.dbeb9adf03133606b490d78d06ca9bef_DOB.jpg,08/04/2000
output/cropped_outputs/DOB/bnw_image_204_jpg.rf.a84c078914cac5ba4ad0a0fe6a38ead0_DOB.jpg,26/02/1981
output/cropped_outputs/DOB/bc_image_081_jpg.rf.45de5c8762764cb022ed533a35312979_DOB.jpg,01/01/1955
output/cropped_outputs/DOB/bnw_image_166_jpg.rf.ec0d27e8b9461ee024c28a251391a2c8_DOB.jpg,20/06/1999
output/cropped_outputs/DOB/PAN_Card_20240701_190503704_jpg.rf.8e1542dec3a6c05b150107fb9de23b31_DOB.jpg,01/04/1990
output/cropped_outputs/DOB/bc_image_266_jpg.rf.99a62bb68febae9db6b70e0abfb0b396_DOB.jpg,01/01/1965
output/cropped_outputs/DOB/pinki-pan_jpeg.rf.f3e9140b5287773ef66a3d0b61a4b245_DOB.jpg,10/07/1988
output/cropped_outputs/DOB/01251136330013_jpg.rf.d11619de0c84a5c6944b2f81bd7b006b_DOB.jpg,19/06/1988
output/cropped_outputs/DOB/19_jpg.rf.983cd7818a8da0bfd04874c29ef9e082_DOB.jpg,01/01/1970
output/cropped_outputs/DOB/bnw_image_094_jpg.rf.e71eea1245a7cb0eefa98560a2eba307_DOB.jpg,17/07/1996
output/cropped_outputs/DOB/prabhu-lal-pan_jpeg.rf.08dba5e297c67f0e58d398a278b41c96_DOB.jpg,01/01/1958
output/cropped_outputs/DOB/94_PAN_jpg.rf.21befd6a87f64ca5ffab496729fe91cb_DOB.jpg,10/04/1994
output/cropped_outputs/DOB/bc_image_161_jpg.rf.38e3538873ddb16f7442d53ce89564e4_DOB.jpg,11/01/1987
output/cropped_outputs/DOB/bnw_image_032_jpg.rf.3133d1e9fa7680620dc41d648dc902b0_DOB.jpg,01/02/1996
output/cropped_outputs/DOB/bnw_image_115_jpg.rf.6b61f51e83c43b2ab83e03aea10d24f2_DOB.jpg,07/07/1985
output/cropped_outputs/DOB/bnw_image_029_jpg.rf.739cec9df829510c9579ef6295b35431_DOB.jpg,27/02/2002
output/cropped_outputs/DOB/papu-singh-pan-card-tambariya_page-0001_jpg.rf.e2c3b78b3a8f8fbd35c654f52aa30aa4_DOB.jpg,01/01/1992
output/cropped_outputs/DOB/bc_image_141_jpg.rf.cbf1e6902da15c0782b31c4d45ff92d2_DOB.jpg,18/06/1980
output/cropped_outputs/DOB/PAN_Card_20240702_122454538_jpg.rf.a18e60eb4de8bb1d28ff37305ee0f6f4_DOB.jpg,13/07/1990
output/cropped_outputs/DOB/01133224110011_jpg.rf.dcbd66b5710038b17a87f1f28b79f8d0_DOB.jpg,10/06/1998
output/cropped_outputs/DOB/01173574530010_pan_png.rf.103052ef6f523a9847d21a55ea52470d_DOB.jpg,27/10/1988
output/cropped_outputs/DOB/01212121710017_jpg.rf.144b097536108de6a8e9a5b91df1080d_DOB.jpg,02/08/1993
output/cropped_outputs/DOB/bc_image_229_jpg.rf.b39f6408610a81fb6ccefc01f25ee5b6_DOB.jpg,08/03/1985
output/cropped_outputs/DOB/01217236730015_jpg.rf.0587fc2919ad2d122876f4d5d6bb6a41_DOB.jpg,07/03/1995
output/cropped_outputs/DOB/pan-card-of_jpg.rf.e99ec1c80dc50f7144b64cf1a57debfb_DOB.jpg,01/01/1991
output/cropped_outputs/DOB/bc_image_141_jpg.rf.7a382546bb3367acc2eccf9a7d2b350f_DOB.jpg,18/06/1980
output/cropped_outputs/DOB/aadar-pan-jaswant-1_page-0010_jpg.rf.64464c96e4a933930a41d176da1be7d3_DOB.jpg,01/01/1993
output/cropped_outputs/DOB/bc_image_167_jpg.rf.90d4d26c3e18c4bc8c0216872fa0dacd_DOB.jpg,04/03/1990
output/cropped_outputs/DOB/1-PAN-Card-_-Nikhil-Jain_page-0001_jpg.rf.7d0aaa74036592319ee28072fbd475f3_DOB.jpg,08/03/1988
output/cropped_outputs/DOB/Leru-Puri-PAN_page-0001_jpg.rf.89a410d3a020ee9f66b37c6f13ea8df5_DOB.jpg,01/01/1985
output/cropped_outputs/DOB/bc_image_040_jpg.rf.7182be8e7aa2f7e211bc63d6d39ccb8d_DOB.jpg,01/06/1962
output/cropped_outputs/DOB/pan_0001_page-0001_jpg.rf.fd7ceb85f8adbea452db4135cc928200_DOB.jpg,10/04/1966
output/cropped_outputs/DOB/bnw_image_204_jpg.rf.8e1a13bd2d9c3b817e280cf1ebb9d3d0_DOB.jpg,26/02/1981
output/cropped_outputs/DOB/bnw_image_184_jpg.rf.3b44a7b1f421f8087c03c1b39a8dbdd6_DOB.jpg,01/01/1987
output/cropped_outputs/DOB/67_jpg.rf.0f36ffaa2bd304b2366bd30b59575832_DOB.jpg,07/08/1993
output/cropped_outputs/DOB/jetha-ram-panc_jpeg.rf.d171d6db87e23516cbb79f815bfceee5_DOB.jpg,01/08/1972
output/cropped_outputs/DOB/bc_image_237_jpg.rf.a90115ac6984192c11e606b48002a5b4_DOB.jpg,08/04/1996
output/cropped_outputs/DOB/bnw_image_121_jpg.rf.a605886cb5e439a72724c50a202d6f3f_DOB.jpg,15/07/1993
output/cropped_outputs/DOB/bnw_image_069_jpg.rf.b53a708d1535a7b1e74165abc97a2dd9_DOB.jpg,01/01/1972
output/cropped_outputs/DOB/bc_image_106_jpg.rf.5b54091156f4695bd132237d6c350f3f_DOB.jpg,01/01/1991
output/cropped_outputs/DOB/01776262270018_jpg.rf.698d987845f73debdbce1214c4ea115b_DOB.jpg,07/11/1995
output/cropped_outputs/DOB/01214635550018_jpg.rf.7fde5094fc9cb72d2e2cf994acb3592a_DOB.jpg,22/01/1982
output/cropped_outputs/DOB/01353526370014_jpg.rf.9d2912901aade87c2d58e13cec44421e_DOB.jpg,12/06/2002
output/cropped_outputs/DOB/bc_image_134_jpg.rf.9296b469686f31f463955a118fc5444c_DOB.jpg,01/01/1969
output/cropped_outputs/DOB/bnw_image_120_jpg.rf.da731955f6907cb24f32bd52127d8204_DOB.jpg,09/01/1989
output/cropped_outputs/DOB/jetha-ram-panc_jpeg.rf.a2e371f212f4e380cd0c5e99690a8c9e_DOB.jpg,01/08/1972
output/cropped_outputs/DOB/bc_image_090_jpg.rf.7f849aecb4e07c765dc984679cb1d561_DOB.jpg,12/08/2001
output/cropped_outputs/DOB/01173574530010_pan_png.rf.965d567d24790c6681b9624c9a1bc7ae_DOB.jpg,27/10/1988
output/cropped_outputs/DOB/Jitendra-GTR-PAN-2-_jpg.rf.ca12702fa5ca091358402137e00a9afb_DOB.jpg,05/10/1984
output/cropped_outputs/DOB/bc_image_239_jpg.rf.7cf5ecc30d7042477c8bae0dc172a66a_DOB.jpg,01/01/1985
output/cropped_outputs/DOB/bnw_image_052_jpg.rf.c018646721fe08b8a4e8cd6e60a9b3d0_DOB.jpg,01/01/1968
output/cropped_outputs/DOB/PAN-CARD-SUNIL_page-0001_jpg.rf.828f16b2ac4f5aa436fcf4f48902763a_DOB.jpg,04/03/1998
output/cropped_outputs/DOB/bnw_image_095_jpg.rf.11a30051d60fa5cb3871a7fbd411c9b4_DOB.jpg,01/01/1985
output/cropped_outputs/DOB/bnw_image_001_jpg.rf.70fde3b5e9266c5fdadf35a7db5442a2_DOB.jpg,17/02/1995
output/cropped_outputs/DOB/bnw_image_021_jpg.rf.200241f8e84195087714eb76997fe8b7_DOB.jpg,01/01/1984
output/cropped_outputs/DOB/punus-ali-aadhar-pan-_page-0003_jpg.rf.aba99f78ca90ed8f69f2c772a9478cb0_DOB.jpg,01/01/1986
output/cropped_outputs/DOB/bnw_image_203_jpg.rf.5418f057b846b88a4d4c468d4f995bed_DOB.jpg,21/03/2001
output/cropped_outputs/DOB/PAN-Deepak-Swami_page-0001_jpg.rf.e26481057b4bee0fbb2d02961e16d566_DOB.jpg,24/12/1990
output/cropped_outputs/DOB/6-Virendra-PAN_jpeg.rf.859df881d2efdabef21116f7d4898284_DOB.jpg,01/06/1962
output/cropped_outputs/DOB/IMG-20240224-WA0011_jpg.rf.a23a947935841e40b03fc015f8905b4a_DOB.jpg,08/06/2003
output/cropped_outputs/DOB/bnw_image_246_jpg.rf.8ba979b17a6bcc88da450735502dfbc6_DOB.jpg,01/01/1991
output/cropped_outputs/DOB/bnw_image_246_jpg.rf.e51c0f403834fe13064e7326fccfbfb3_DOB.jpg,01/01/1991
output/cropped_outputs/DOB/bnw_image_133_jpg.rf.d9eec1a4c4704488e04dfdb21206df4f_DOB.jpg,01/01/2001
output/cropped_outputs/DOB/bnw_image_041_jpg.rf.b41c575b84e4ade2269bae6415a2f412_DOB.jpg,28/03/1999
output/cropped_outputs/DOB/bnw_image_205_jpg.rf.1cc243f38e385a2d92a8cca8a9e85192_DOB.jpg,12/06/1986
output/cropped_outputs/DOB/bnw_image_047_jpg.rf.9ae613f58b1894139ff75419cab4fa7c_DOB.jpg,05/09/1996
output/cropped_outputs/DOB/bc_image_207_jpg.rf.0c3e7f0eaecb1fd36227317af1f1235e_DOB.jpg,15/11/1979
output/cropped_outputs/DOB/PAN_Card_20240702_102138482_jpg.rf.0667e9cf46fb21931aab165c01e41d98_DOB.jpg,10/03/1978
output/cropped_outputs/DOB/bc_image_265_jpg.rf.efd34436cfd66b2425d66837bc35fb01_DOB.jpg,01/11/2006
output/cropped_outputs/DOB/SURESH-PAN-CARD_page-0001_jpg.rf.5582694883963f6e65584394a296601d_DOB.jpg,19/11/1993
output/cropped_outputs/DOB/Dhapu-Pan_page-0001_jpg.rf.27b749c5d0c729d3b672cab2a9fa7686_DOB.jpg,01/01/1991
output/cropped_outputs/DOB/Pan-Gopal_jpeg.rf.1e85d9517c82ca0cd50e9b2340d46b7b_DOB.jpg,01/01/1991
output/cropped_outputs/DOB/SEETA-PAN-CARD_page-0001_jpg.rf.0d4dc6c7e73b13b9a2471be4a8dfb940_DOB.jpg,08/06/1995
output/cropped_outputs/DOB/01243431710010_pan_png.rf.fac45786b3e64800675df5e4d7c71460_DOB.jpg,08/08/1988
output/cropped_outputs/DOB/bc_image_026_jpg.rf.e53d0a88edfa5e3cfdae802908041c80_DOB.jpg,16/04/1995
output/cropped_outputs/DOB/bnw_image_146_jpg.rf.f402df9a605f50f0b0979ef2157cec9b_DOB.jpg,08/10/1988
output/cropped_outputs/DOB/bnw_image_221_jpg.rf.cffaa75c6a97d0e4003d7e9f9ee3db1b_DOB.jpg,05/05/1969
output/cropped_outputs/DOB/bc_image_138_jpg.rf.2c6a4de9e61813d1a5e885230ed1825a_DOB.jpg,01/01/1985
output/cropped_outputs/DOB/bnw_image_173_jpg.rf.89cc042cb5790f7fc77e17fb4ae9ffd6_DOB.jpg,01/01/1973
output/cropped_outputs/DOB/01261732310018_jpg.rf.b30a96a58c1c9403142f1d2bfebdfc61_DOB.jpg,15/12/1993
output/cropped_outputs/DOB/IMG_20240314_160358_jpg.rf.38d2891c98a5e08c64aa198fef3d0b7c_DOB.jpg,01/10/2002
output/cropped_outputs/DOB/01245671710014_jpg.rf.d2190debf49f070920e22a3b21744754_DOB.jpg,20/07/1988
output/cropped_outputs/DOB/45_PAN_jpg.rf.f980c62f836979303e3cc0dde9578e8c_DOB.jpg,10/09/2001
output/cropped_outputs/DOB/01563141730011_jpg.rf.c198d1cf3e7e0e40221319d22805e6b1_DOB.jpg,05/07/1996
output/cropped_outputs/DOB/Mamta-PAn_jpeg.rf.76357d20a8f9e836e9c79640e2993b03_DOB.jpg,18/06/1980
output/cropped_outputs/DOB/bc_image_121_jpg.rf.2b14248c4d9cdc7a12704e98d1e5ed53_DOB.jpg,15/07/1993
output/cropped_outputs/DOB/bc_image_159_jpg.rf.1693382523ad5521079388566817b5bd_DOB.jpg,08/10/1980
output/cropped_outputs/DOB/bnw_image_269_jpg.rf.d06552c40be897d1da8fd99f87a13e1c_DOB.jpg,13/07/2001
output/cropped_outputs/DOB/bnw_image_072_jpg.rf.8703c66060851e5d0c5a0eb028dd6b4d_DOB.jpg,04/09/1992
output/cropped_outputs/DOB/man-singh-pan_jpeg.rf.cbbddd8be0cb133b1e94cf586239b2bd_DOB.jpg,25/09/1987
output/cropped_outputs/DOB/Jitendra-GTR-PAN-2-_jpg.rf.6755816199b167c8178fde68b0789ffb_DOB.jpg,05/10/1984
output/cropped_outputs/DOB/bnw_image_014_jpg.rf.b78c0b0dd2d8d1685ca2711c85042bdf_DOB.jpg,01/01/1984
output/cropped_outputs/DOB/PAN_Card_20240701_184004436_jpg.rf.935a3af44d991e3d186c5a9adb0397a7_DOB.jpg,01/01/1978
output/cropped_outputs/DOB/bnw_image_030_jpg.rf.67046d728cfabf47b1f43ed5a0cdc929_DOB.jpg,03/04/1994
output/cropped_outputs/DOB/01231576410019_jpg.rf.2dc8204f907d66889806d59ad7e8c906_DOB.jpg,18/01/2000
output/cropped_outputs/DOB/Mogaji_PanCard_jpg.rf.23eb1b314ff573abf400548d336a6268_DOB.jpg,01/01/1957
output/cropped_outputs/DOB/bc_image_021_jpg.rf.9cf1696e018a8d4b993e86bdf8d6c834_DOB.jpg,01/01/1984
output/cropped_outputs/DOB/bc_image_243_jpg.rf.41ce0fcc553c47678987a803ddc78491_DOB.jpg,27/01/1978
output/cropped_outputs/DOB/bc_image_053_jpg.rf.001028d9b7a83b003fb9393dd5772ddc_DOB.jpg,01/01/1993
output/cropped_outputs/DOB/bnw_image_216_jpg.rf.f0ff9c4deabe1bb8e259cb901be20d1e_DOB.jpg,19/07/1995
output/cropped_outputs/DOB/bc_image_149_jpg.rf.2806c5601ec43bdb7bacc117d7798581_DOB.jpg,10/07/1984
output/cropped_outputs/DOB/bnw_image_225_jpg.rf.1250c200a24e28659ebc214ad24315ad_DOB.jpg,01/07/1983
output/cropped_outputs/DOB/bc_image_036_jpg.rf.4fc54ac324895b6f30957380a7bbab6c_DOB.jpg,11/05/1996
output/cropped_outputs/DOB/bc_image_233_jpg.rf.aabe141b0f130439c94766eb18c089b7_DOB.jpg,09/09/1995
output/cropped_outputs/DOB/bc_image_084_jpg.rf.5549bcdd6a6e5246cac560c66e231b49_DOB.jpg,23/04/1998
output/cropped_outputs/DOB/5-Neha-PAN_jpeg.rf.48083d935dabdeb19b83fbe6831c1dce_DOB.jpg,20/02/1991
output/cropped_outputs/DOB/Leru-Puri-PAN_page-0001_jpg.rf.dd483659b690dd36d240a94940410aac_DOB.jpg,01/01/1985
output/cropped_outputs/DOB/bnw_image_162_jpg.rf.00dfd1623ad0805bd95877a60c6b2c27_DOB.jpg,17/02/2017
output/cropped_outputs/DOB/01757741370010_jpg.rf.56c81b84f9cf44ad667b4ff5e43251b1_DOB.jpg,27/08/1990
output/cropped_outputs/DOB/01262175230013_jpg.rf.3d8376a25612820699f6d4f4c7884b66_DOB.jpg,22/11/2000
output/cropped_outputs/DOB/bc_image_200_jpg.rf.138339307577c2eda12cb70c942cdb32_DOB.jpg,10/04/1966
output/cropped_outputs/DOB/bnw_image_215_jpg.rf.d15668096a18c1d84146a1238b29d1dd_DOB.jpg,01/01/1992
output/cropped_outputs/DOB/bc_image_041_jpg.rf.e7073942280a25cd0edc718574256c73_DOB.jpg,28/03/1999
output/cropped_outputs/DOB/18_PAN_jpg.rf.0ce38f545cd4ba5b67a173a5f73ea949_DOB.jpg,18/08/1984
output/cropped_outputs/DOB/01215473510013_jpg.rf.67be7162f1daad52fd214ddb6203541c_DOB.jpg,31/05/1991
output/cropped_outputs/DOB/bnw_image_152_jpg.rf.409c2f4094f4a91a6046a44592d7bd58_DOB.jpg,01/01/1957
output/cropped_outputs/DOB/Rakesh-Pan-Card_page-0001_jpg.rf.494044cdb96aae8221a461e8af277f6a_DOB.jpg,09/09/1995
output/cropped_outputs/DOB/bc_image_199_jpg.rf.0bd0dfeb979bfb031292c7a240b93f10_DOB.jpg,06/03/1979
output/cropped_outputs/DOB/guman-pan-card_page-0001_jpg.rf.1a37584f26b0d37a8c0a2dafb729fb39_DOB.jpg,01/01/1961
output/cropped_outputs/DOB/bc_image_183_jpg.rf.013259b1d9515bd4fb8f710fc8b21abf_DOB.jpg,21/03/1968
output/cropped_outputs/DOB/bc_image_034_jpg.rf.7f9042730850a65e9213266db85bc2c6_DOB.jpg,03/04/1994
output/cropped_outputs/DOB/bc_image_127_jpg.rf.81944eaa180d1d751146e1028aeb4468_DOB.jpg,01/01/1999
output/cropped_outputs/DOB/bnw_image_083_jpg.rf.3c3c80c3d5dd8428cc598abeb08f64b3_DOB.jpg,01/01/1976
output/cropped_outputs/DOB/bc_image_174_jpg.rf.3faeecb753be47e6b059221630f04517_DOB.jpg,04/04/1998
output/cropped_outputs/DOB/PAN_Card_20240702_170651139_jpg.rf.7f0c405f2d947576f0f48c4911e28842_DOB.jpg,15/03/1987
output/cropped_outputs/DOB/bc_image_135_jpg.rf.5ce5befcad0eaca9eb623b9a0b06db52_DOB.jpg,01/01/1985
output/cropped_outputs/DOB/01243431710010_pan_png.rf.34cbbae2eee6bb07acd135e848911fb4_DOB.jpg,08/08/1988
output/cropped_outputs/DOB/bnw_image_183_jpg.rf.4ca3e3a48f89fa858cc6a7d9701caae4_DOB.jpg,21/03/1968
output/cropped_outputs/DOB/Ajit-Kumar-Banjara-Pan-Card_JPG.rf.3613439895eb3af66b5778da65f25a4e_DOB.jpg,06/02/2001
output/cropped_outputs/DOB/bc_image_098_jpg.rf.bc3f3d28f8eb3eb77c1fba421414f0bd_DOB.jpg,05/04/1987
output/cropped_outputs/DOB/bheru-pan-card_page-0001_jpg.rf.709a4294fe4f1c4379d9a5fb5863a2b7_DOB.jpg,01/01/1955
output/cropped_outputs/DOB/35_PAN_jpg.rf.ec57a7da1beacad135ad84bf3c1c8212_DOB.jpg,11/05/1996
output/cropped_outputs/DOB/Mukesh-Pan_page-0001_jpg.rf.a1164987cedad8fb62e349cdd661ce84_DOB.jpg,29/03/1989
output/cropped_outputs/DOB/01215463130017_jpg.rf.15772d7e507aa0f3d112a9e9588273be_DOB.jpg,01/09/1997
output/cropped_outputs/DOB/bc_image_129_jpg.rf.fd2fd339fb1be051146eaf7137005201_DOB.jpg,06/09/1977
output/cropped_outputs/DOB/Chirag-Pan_jpeg.rf.b841d9f66e38adf735772c203f58b6de_DOB.jpg,23/04/1998
output/cropped_outputs/DOB/Ganesh-PAN_jpeg.rf.d69be418ae46b42fa2af85261d70dc84_DOB.jpg,20/03/1979
output/cropped_outputs/DOB/bnw_image_020_jpg.rf.8a443d41cd3ebb13a84606c03a4fc65e_DOB.jpg,01/06/1985
output/cropped_outputs/DOB/bnw_image_149_jpg.rf.4e0cfc45f72dccd74ccfbeadf70ac57e_DOB.jpg,10/07/1984
output/cropped_outputs/DOB/47_PAN_jpg.rf.2ede538aa47ee486755ec07ec502565e_DOB.jpg,25/06/1981
output/cropped_outputs/DOB/bc_image_096_jpg.rf.0898279fc276042659e5e42c4e6e320c_DOB.jpg,13/06/1988
output/cropped_outputs/DOB/bc_image_122_jpg.rf.69d1e4be41471a0886784e544e679913_DOB.jpg,01/01/1955
output/cropped_outputs/DOB/Dilip-PAN_jpeg.rf.13657b86646027a981ebd19dae599f91_DOB.jpg,17/07/1996
output/cropped_outputs/DOB/bc_image_178_jpg.rf.a0bdaeb316589e83803f6ba90a807515_DOB.jpg,24/12/1990
output/cropped_outputs/DOB/bc_image_170_jpg.rf.4c44f8e2c81420ec0fe98f00d5686cf4_DOB.jpg,01/01/1991
output/cropped_outputs/DOB/bnw_image_040_jpg.rf.f5db15dc6d44b0bad10a6cb833005d41_DOB.jpg,01/06/1962
output/cropped_outputs/DOB/Shanta-Puri-PAN_page-0001_jpg.rf.0575d0fbbfbf43f1b649aef4911afd27_DOB.jpg,01/01/1994
output/cropped_outputs/DOB/bnw_image_170_jpg.rf.5da5ff583d88d971e1b943775eda2351_DOB.jpg,01/01/1991
output/cropped_outputs/DOB/bnw_image_266_jpg.rf.a97b466b08343cbebfcb81ff632e0e7a_DOB.jpg,01/01/1965
output/cropped_outputs/DOB/bc_image_216_jpg.rf.0eed8d533c1e45083add72e4d33ef8a5_DOB.jpg,19/07/1995
output/cropped_outputs/DOB/PAN_Card_20240702_154034177_jpg.rf.7991f72e738cbcb8f69eaba5c4cd4324_DOB.jpg,19/09/1990
output/cropped_outputs/DOB/01776262270018_jpg.rf.a535819b9514bf6ae4ba099847ecdd40_DOB.jpg,07/11/1995
output/cropped_outputs/DOB/bnw_image_009_jpg.rf.64fa6aa9f5c70c953641aa73708bd36c_DOB.jpg,20/07/1988
output/cropped_outputs/DOB/bnw_image_145_jpg.rf.9f9408eff3ee42912358ce28071f6c05_DOB.jpg,05/02/1982
output/cropped_outputs/DOB/92_jpg.rf.6fe257e686237267aeb0e5bf82bd3dd8_DOB.jpg,19/05/1979
output/cropped_outputs/DOB/Pan-Gopal_jpeg.rf.e3b466098905b3c3c855e74485c04cb9_DOB.jpg,01/01/1991
output/cropped_outputs/DOB/bnw_image_208_jpg.rf.370bbeb89a3a5af7d784e1fca3f6cdc9_DOB.jpg,19/09/1990
output/cropped_outputs/DOB/bc_image_067_jpg.rf.6ed860cf7c8db512b4ac65aaba73b1bb_DOB.jpg,01/01/1984
output/cropped_outputs/DOB/bc_image_225_jpg.rf.b92658fd8e4034320047a3d10d851b9e_DOB.jpg,01/07/1982
output/cropped_outputs/DOB/bnw_image_112_jpg.rf.255f8f0c483ed959e40aee455d286387_DOB.jpg,13/04/1997
output/cropped_outputs/DOB/Pan-Sarsi_jpeg.rf.dafa2e590e7a63e0412b4fdc7d26e889_DOB.jpg,01/01/1964
output/cropped_outputs/DOB/01125761720016_jpg.rf.a9ada35e69ee83d3a2c959862125de6e_DOB.jpg,30/07/1989
output/cropped_outputs/DOB/bc_image_046_jpg.rf.69ddb2fd8a211baddf7ac85b2cdce5dc_DOB.jpg,27/09/1989
output/cropped_outputs/DOB/01215317330013_jpg.rf.250338ed85229219e18bd981f2049ae4_DOB.jpg,12/10/1990
output/cropped_outputs/DOB/bnw_image_094_jpg.rf.0f46a1e879f7024cb96c330e963779d6_DOB.jpg,17/07/1996
output/cropped_outputs/DOB/PAN-CARD-SUNIL_page-0001_jpg.rf.dd0f6f4833691dc1b50b2446eb84285f_DOB.jpg,04/03/1998
output/cropped_outputs/DOB/7_PAN_jpg.rf.e9f6f8ef4a32a02b4cf0fd5237715896_DOB.jpg,27/09/1989
output/cropped_outputs/DOB/bnw_image_081_jpg.rf.f2d8ce1a0ff843290b5b5c8aae36e348_DOB.jpg,01/01/1955
output/cropped_outputs/DOB/bnw_image_261_jpg.rf.233a711cb478599bba9179dc150cc750_DOB.jpg,05/04/1979
output/cropped_outputs/DOB/PAN-card-bhiwa_page-0001_jpg.rf.e5b91e7a3ffab17982971c529642891a_DOB.jpg,01/01/1984
output/cropped_outputs/DOB/Sudhir-pan_jpeg.rf.c38056be3fcc22e3f5d38546d0620daf_DOB.jpg,23/12/1969
output/cropped_outputs/DOB/bc_image_094_jpg.rf.e722a6727ed4a2d5a4894559eabcfb5b_DOB.jpg,17/07/1996
output/cropped_outputs/DOB/bc_image_143_jpg.rf.85ee9cf326a85a6d57adc5c9fb951e61_DOB.jpg,25/09/1987
output/cropped_outputs/DOB/01577335720011_jpg.rf.ce883f88ce6043d63d2bc4ae4ff7095c_DOB.jpg,29/10/2002
output/cropped_outputs/DOB/PAN_Card_20240702_111912125_jpg.rf.c20bd2430d15149fdacc288feaaf41f2_DOB.jpg,01/01/1997
output/cropped_outputs/DOB/bnw_image_112_jpg.rf.a3d73f89ed625b353c31a0ae7d778ba7_DOB.jpg,13/04/1997
output/cropped_outputs/DOB/63_PAN_jpg.rf.972a97e0ee3a020c1cc996de3450c2ae_DOB.jpg,28/03/1999
output/cropped_outputs/DOB/bnw_image_130_jpg.rf.9973972ac536f1a148346657ea488d03_DOB.jpg,01/01/1973
output/cropped_outputs/DOB/bc_image_107_jpg.rf.d49bd6baa5e6ee8cdd70df933e335d74_DOB.jpg,12/03/1982
output/cropped_outputs/DOB/Pan-Sarsi_jpeg.rf.99a298c2712ff1fe97f4b3a2fb416d9b_DOB.jpg,01/01/1964
output/cropped_outputs/DOB/bnw_image_058_jpg.rf.86482b75719fe4881c68f0ecb28c7f2b_DOB.jpg,01/01/1968
output/cropped_outputs/DOB/80db6ff7-imgtopdf_generated_2208201757059_page-76_jpg.rf.90cfe76724ec62cb7e9d04a8dc515bcc_DOB.jpg,05/09/1996
output/cropped_outputs/DOB/bc_image_210_jpg.rf.abef205edf95b1130029d7a76c66e996_DOB.jpg,15/12/1984
output/cropped_outputs/DOB/bnw_image_111_jpg.rf.59ef571959d997238e36583fb3565d09_DOB.jpg,06/09/1994
output/cropped_outputs/DOB/01262414660017_jpg.rf.ed9812c2d2e44d9326346193b7566eb6_DOB.jpg,05/05/1994
output/cropped_outputs/DOB/97_jpg.rf.988b1bfc3f9b57cac5455dd9f2c89ff2_DOB.jpg,14/05/1986
output/cropped_outputs/DOB/bnw_image_187_jpg.rf.69566bf0626ddf1582c423180a8b7c2d_DOB.jpg,22/10/1990
output/cropped_outputs/DOB/bnw_image_093_jpg.rf.22538ada2cbd3f774277b2f1d1776e72_DOB.jpg,01/01/1991
output/cropped_outputs/DOB/PAN_Card_20240701_191623713_jpg.rf.56f805f396b833a8025311998d387f25_DOB.jpg,21/03/2001
output/cropped_outputs/DOB/25_png.rf.26205bed4d02403ad0168761ebbca6b6_DOB.jpg,03/04/1994
output/cropped_outputs/DOB/bnw_image_138_jpg.rf.9c85bf95671aa9971ba2c6f60279b9dd_DOB.jpg,01/01/1985
output/cropped_outputs/DOB/10_jpg.rf.b45db23b707167cb6312dc864c00160a_DOB.jpg,01/01/1984
output/cropped_outputs/DOB/94_PAN_jpg.rf.18df53810e3881e7ee76de0bc742d58f_DOB.jpg,10/04/1994
output/cropped_outputs/DOB/bc_image_099_jpg.rf.be493753b5ee2495a460492ef04bd6fa_DOB.jpg,01/01/1994
output/cropped_outputs/DOB/bnw_image_091_jpg.rf.ba66cca7e3821e2cc190fff102babdbd_DOB.jpg,01/01/2003
output/cropped_outputs/DOB/01213334750014_jpg.rf.dbfa22b5459a5a0a03557b0e203b752a_DOB.jpg,06/01/1992
output/cropped_outputs/DOB/bc_image_071_jpg.rf.cbd1f5795276dd07dff28f2e4c3e89ad_DOB.jpg,01/01/1964
output/cropped_outputs/DOB/PAN_Card_20240702_161137495_jpg.rf.59689fe6c535bea4d62276830327b3d0_DOB.jpg,24/12/1995
output/cropped_outputs/DOB/bc_image_065_jpg.rf.a2625d84c0930544a5585977364bfb58_DOB.jpg,01/01/2000
output/cropped_outputs/DOB/bc_image_037_jpg.rf.06c63724f17b02a5d4776ce899da89ac_DOB.jpg,25/06/1981
output/cropped_outputs/DOB/Dilip-PAN_jpeg.rf.e369f16be287e863f7e7692c09f8e858_DOB.jpg,17/07/1996
output/cropped_outputs/DOB/01213254430016_jpg.rf.c40e6199371ac46da05bbaffb5d72b63_DOB.jpg,27/01/2000
output/cropped_outputs/DOB/Sushila-Pan_jpg.rf.a53ef5c6f810c8854f5cd6036e594f1e_DOB.jpg,01/01/1969
output/cropped_outputs/DOB/bc_image_145_jpg.rf.ebfe7728860f7bb23f647de17ad9e2c9_DOB.jpg,05/02/1982
output/cropped_outputs/DOB/bnw_image_218_jpg.rf.66453a01fe83bd425c35f2cf5b4cd34e_DOB.jpg,01/01/1958
output/cropped_outputs/DOB/Ghanshyam-PAN-ADHAR_page-0003_jpg.rf.d1376631a17a42bf8446f70bb0ce4f5c_DOB.jpg,28/02/1984
output/cropped_outputs/DOB/63_jpg.rf.6abfd4212a929970c7c84233a846d969_DOB.jpg,28/03/1999
output/cropped_outputs/DOB/01367165370017_jpg.rf.5f53dd4dcafff4a8b333df176d774352_DOB.jpg,01/01/1984
output/cropped_outputs/DOB/bc_image_085_jpg.rf.99c2d6110778b26e79dc2311c013a33a_DOB.jpg,01/01/1983
output/cropped_outputs/DOB/bnw_image_184_jpg.rf.da109c4db06137b59b6355dde16a4d9b_DOB.jpg,01/01/1987
output/cropped_outputs/DOB/bc_image_004_jpg.rf.b24c0fca438ecbdcb5f3accf4eefe9e1_DOB.jpg,06/10/1986
output/cropped_outputs/DOB/IMG-20240224-WA0019_jpg.rf.a6e9803a98b1965f576a468dc6d16321_DOB.jpg,05/02/2003
output/cropped_outputs/DOB/47_jpg.rf.a19d11635b2244da0f293cdb609209d4_DOB.jpg,25/06/1981
output/cropped_outputs/DOB/bc_image_206_jpg.rf.32a97447608ce6b71670a6d1597fdd85_DOB.jpg,01/01/1997
output/cropped_outputs/DOB/bnw_image_035_jpg.rf.b3f6144281a435ba2ef252508b3bc1cc_DOB.jpg,01/01/1985
output/cropped_outputs/DOB/20_PAN_jpg.rf.768e3d690f1cfb615acb5fdd6403e484_DOB.jpg,03/04/1994
output/cropped_outputs/DOB/bc_image_038_jpg.rf.e24a98bf02992f157f7aea9a11ab873f_DOB.jpg,20/02/1991
output/cropped_outputs/DOB/bnw_image_265_jpg.rf.1a8feab14c153a7eec33dbfc7a6ce2c0_DOB.jpg,01/11/2006
output/cropped_outputs/DOB/bc_image_156_jpg.rf.04a1b133be201f48cb849f40c291230f_DOB.jpg,01/08/1984
output/cropped_outputs/DOB/Shabnam-pan_jpeg.rf.d9f31db613509d4e100b266a7b706bff_DOB.jpg,10/05/1997
output/cropped_outputs/DOB/bc_image_097_jpg.rf.12274237012074712975a67ba0277a7f_DOB.jpg,20/03/1979
output/cropped_outputs/DOB/bc_image_216_jpg.rf.2e00a7998221c85a53fa5aa0d3a71b3f_DOB.jpg,19/07/1995
output/cropped_outputs/DOB/bnw_image_119_jpg.rf.f32eef9544ca4bf0105db137635410df_DOB.jpg,05/10/1984
output/cropped_outputs/DOB/01546714470012_jpg.rf.3ff3d805bc9bfb8e127480dec8bc6a66_DOB.jpg,23/07/1999
output/cropped_outputs/DOB/bc_image_039_jpg.rf.31d52d1f5eafd1b2d478c856db5438e1_DOB.jpg,07/04/1973
output/cropped_outputs/DOB/bnw_image_125_jpg.rf.969ea8e9f4e5d36e42087dd8140b8f36_DOB.jpg,01/01/1993
output/cropped_outputs/DOB/PAN_Card_20240702_125404493_jpg.rf.05498663e27ac7dde0cf8830cf34d7b8_DOB.jpg,15/11/1979
output/cropped_outputs/DOB/PAN_jpeg.rf.c6ce5bdbd947d3f2c9a5983dceb7b5d5_DOB.jpg,05/01/1989
output/cropped_outputs/DOB/bc_image_110_jpg.rf.0049200071f6716ae3b67aaf914727a3_DOB.jpg,21/05/1996
output/cropped_outputs/DOB/bc_image_055_jpg.rf.55ac3d0f02fdaf518c218079cdca348b_DOB.jpg,01/01/1975
output/cropped_outputs/DOB/01213334750014_jpg.rf.8389dd058af235d93db804596270205a_DOB.jpg,06/01/1992
output/cropped_outputs/DOB/bnw_image_019_jpg.rf.fb9e43b4afe004a66bb629ebb68e2ccc_DOB.jpg,08/03/1988
output/cropped_outputs/DOB/72_jpg.rf.c9d9117a3deb7865f55524789c0eaaf9_DOB.jpg,01/01/1970
output/cropped_outputs/DOB/PAN_Card_20240702_173020584_jpg.rf.6e2104a4b636cb326dc0d481bae212b5_DOB.jpg,21/08/1982
output/cropped_outputs/DOB/bc_image_237_jpg.rf.93f5c8b995dd120773400c0a5eefb5a7_DOB.jpg,08/04/1996
output/cropped_outputs/DOB/bnw_image_161_jpg.rf.879a989f8c24721d269761da1898f32a_DOB.jpg,11/01/1987
output/cropped_outputs/DOB/Kamlesh-Gtr-PAN-Copy_jpg.rf.aa60ec9c325dc1cf6f30adb842f3d711_DOB.jpg,01/01/1993
output/cropped_outputs/DOB/PAN_Card_20240701_200154056_jpg.rf.7550c63d4c7977549656b7078825725b_DOB.jpg,22/10/1986
output/cropped_outputs/DOB/01151242750019_jpg.rf.ac8007f6136025ae19727dc58ac0ff93_DOB.jpg,17/02/1995
output/cropped_outputs/DOB/bc_image_234_jpg.rf.79cf1452e5afb0c667b36dd2195c0ad6_DOB.jpg,04/02/1995
output/cropped_outputs/DOB/PAN_Card_20240702_170651139_jpg.rf.1849e3a8d42cb1b8b5200f9d65905f4b_DOB.jpg,15/03/1987
output/cropped_outputs/DOB/Screenshot-2024-09-11-at-5-31-14-PM_png.rf.b35f55c621aa9d69475d6474a6b6aca6_DOB.jpg,01/01/1965
output/cropped_outputs/DOB/bc_image_233_jpg.rf.9b1140e633ff01a81d30fd33d5e7b6e1_DOB.jpg,09/09/1995
output/cropped_outputs/DOB/PAN_Card_20240702_111040007_jpg.rf.8148b092f5b8bfb3265cbd8481de8a75_DOB.jpg,12/06/1986
output/cropped_outputs/DOB/25_png.rf.9c2e7fa4b45c20e3429df3b2f2640665_DOB.jpg,03/04/1994
output/cropped_outputs/DOB/32_PAN_jpg.rf.b09172366fcb1097b1cd4da2cfabc5cc_DOB.jpg,17/10/1992
output/cropped_outputs/DOB/bc_image_253_jpg.rf.6d2a727bf0958193f72b29c5214745d6_DOB.jpg,01/01/1994
output/cropped_outputs/DOB/pan-card-parma-ram_page-0001_jpg.rf.cee5995608fa2511dd56a343bca5ac96_DOB.jpg,01/01/1963
output/cropped_outputs/DOB/Neetu-PAN_jpeg.rf.54d72aff6b31eaef5ff753a837b960e2_DOB.jpg,08/10/1980
output/cropped_outputs/DOB/01243337570010_jpg.rf.0869cb6845eb9f4a19eebdb2c753abfc_DOB.jpg,18/11/1992
output/cropped_outputs/DOB/PAN_Card_20240702_143115599_jpg.rf.7f079f86968a96a348f0e5cf7f5f6101_DOB.jpg,31/12/2000
output/cropped_outputs/DOB/PAN-BALRAM_jpg.rf.4d868c1ed015cb6366c4d0c6a501b828_DOB.jpg,05/10/1999
output/cropped_outputs/DOB/Sadrudeen-Pan-Card_page-0001_jpg.rf.2f00aa61b9b593e2a57c4595cad8bbcd_DOB.jpg,01/01/2003
output/cropped_outputs/DOB/bnw_image_245_jpg.rf.475b650a6614e975424fa71e0dd8b0c5_DOB.jpg,15/01/1971
output/cropped_outputs/DOB/Mogaji_PanCard_jpg.rf.11375c971e1db37c636cc7c205c4612e_DOB.jpg,01/01/1957
output/cropped_outputs/DOB/bc_image_075_jpg.rf.02a57190d4fd80483c70abf4fc7ba0fe_DOB.jpg,10/11/1972
output/cropped_outputs/DOB/bc_image_142_jpg.rf.499e9f1463ad17bab4f2bd0ef355373a_DOB.jpg,27/10/1997
output/cropped_outputs/DOB/bc_image_231_jpg.rf.62d601536d91755b04e40f03f0e93736_DOB.jpg,10/11/1968
output/cropped_outputs/DOB/SHANKAR-PAN-KYC_page-0001_jpg.rf.725219b8dc287a7d169927857b5c0d17_DOB.jpg,01/01/1978
output/cropped_outputs/DOB/surendra-pan-card_jpg.rf.1939e79c157111f9f0934a63c78eb0d1_DOB.jpg,13/06/1987
output/cropped_outputs/DOB/Ashif-PAN_jpeg.rf.58255f85c3e78baab573221047d2a2ae_DOB.jpg,25/05/1988
output/cropped_outputs/DOB/bnw_image_068_jpg.rf.e8d225fac8aee23206207c8435fa2225_DOB.jpg,28/06/1999
output/cropped_outputs/DOB/bc_image_190_jpg.rf.ed6021450b557deba966a2bf27de5e40_DOB.jpg,06/02/1964
output/cropped_outputs/DOB/bc_image_103_jpg.rf.4cf3ebd96838ff316c57e8ae4fdcb3f6_DOB.jpg,28/02/1984
output/cropped_outputs/DOB/bc_image_045_jpg.rf.9db773dbd0d0d599c343f11eb288e6db_DOB.jpg,27/01/1989
output/cropped_outputs/DOB/PAN_Card_20240701_192656584_jpg.rf.76e1b5c1b6ddd8e823a367c0619df1b0_DOB.jpg,01/01/1991
output/cropped_outputs/DOB/bnw_image_154_jpg.rf.75e445e2addaca2aa8dd98e249e2e6c7_DOB.jpg,29/03/1989
output/cropped_outputs/DOB/01225511530017_jpg.rf.19952318b0334cea38d3ccc6456db473_DOB.jpg,05/06/1999
output/cropped_outputs/DOB/7_PAN_jpg.rf.ded6497fc5eec84a000e97b679448d98_DOB.jpg,27/09/1989
output/cropped_outputs/DOB/bnw_image_201_jpg.rf.afbe3561b7280dee41f8ecccab8b1bb5_DOB.jpg,08/04/2000
output/cropped_outputs/DOB/bnw_image_266_jpg.rf.ff2e75357c33b57a9010c00506ce9052_DOB.jpg,01/01/1965
output/cropped_outputs/DOB/bc_image_231_jpg.rf.21fb3c8b5a86c8c02f92a77e0cf01f4f_DOB.jpg,10/11/1968
output/cropped_outputs/DOB/bnw_image_096_jpg.rf.ccfa7c311350cae7f05126f60a8c50c4_DOB.jpg,13/06/1988
output/cropped_outputs/DOB/PAN_Card_20240702_112851192_jpg.rf.e197e2869e1ddff590d1dec5e3cf757a_DOB.jpg,01/06/1974
output/cropped_outputs/DOB/01151242750019_jpg.rf.23828156f2bcb1b7fa49e8d98fd070f8_DOB.jpg,17/02/1995
output/cropped_outputs/DOB/vithal-pan_jpeg.rf.efd01808a38b3075f68a7d093840a85a_DOB.jpg,10/05/1992
output/cropped_outputs/DOB/3_jpg.rf.b915761a2628dfa99adf3863ab67da95_DOB.jpg,30/10/1990
output/cropped_outputs/DOB/bc_image_056_jpg.rf.5261887a701a3da6b72b60ce86bd762d_DOB.jpg,24/07/1964
output/cropped_outputs/DOB/Rafik-PAN_jpeg.rf.58ea171ff72f6cb5c5db44504ebae65c_DOB.jpg,10/11/1968
output/cropped_outputs/DOB/bc_image_115_jpg.rf.56e31cfca87f6a665026f3732c635070_DOB.jpg,07/07/1985
output/cropped_outputs/DOB/bnw_image_065_jpg.rf.6392954d4069d0d59261abf2ae9aa4c3_DOB.jpg,01/01/2000
output/cropped_outputs/DOB/bnw_image_019_jpg.rf.740aa081dace0caf9c3afe73edecd91f_DOB.jpg,08/03/1988
output/cropped_outputs/DOB/Mukesh-Pan_page-0001_jpg.rf.fe9b1f272950df819f727be911bd3039_DOB.jpg,29/03/1989
output/cropped_outputs/DOB/01213334750014_jpg.rf.4e302d33a1faca8b95fc1e3d0dd733c5_DOB.jpg,06/01/1992
output/cropped_outputs/DOB/bc_image_032_jpg.rf.dcb49aebb0ab32f271cf79ab86adfd95_DOB.jpg,01/02/1996
output/cropped_outputs/DOB/01447616370011_jpg.rf.99e204600129d583d539dad72b1f4fcb_DOB.jpg,02/06/1990
output/cropped_outputs/DOB/bc_image_098_jpg.rf.dfeb28bb03a73ee93461c96be51653a6_DOB.jpg,05/04/1987
output/cropped_outputs/DOB/bc_image_175_jpg.rf.81e051b94a68da5e6c59cfeac234b91f_DOB.jpg,08/03/1988
output/cropped_outputs/DOB/bnw_image_059_jpg.rf.135f1fdbb16273f0ed11ef2c5e009597_DOB.jpg,27/01/2004
output/cropped_outputs/DOB/bc_image_190_jpg.rf.71a864ae2bb6474b18eeabf13c47854c_DOB.jpg,06/02/1964
output/cropped_outputs/DOB/bnw_image_239_jpg.rf.8c2874151355606cca1e1dbf1976011b_DOB.jpg,01/01/1985
output/cropped_outputs/DOB/bnw_image_088_jpg.rf.36205ae18fea3e40c297a5e64dcc5827_DOB.jpg,01/01/1985
output/cropped_outputs/DOB/bnw_image_180_jpg.rf.1efe6a5a1a4b8b935807735783a9acf4_DOB.jpg,12/07/1980
output/cropped_outputs/DOB/bnw_image_114_jpg.rf.5bbd2b9c6d52f3fba68a4e18fda7c71e_DOB.jpg,29/12/1960
output/cropped_outputs/DOB/bc_image_028_jpg.rf.da30ef7f04edee856df001a8f2c38581_DOB.jpg,01/01/1970
output/cropped_outputs/DOB/bc_image_162_jpg.rf.b4563c849e494c88096467be733cc996_DOB.jpg,17/04/2017
output/cropped_outputs/DOB/Mangi-Lal-Pan-Card_jpg.rf.746e4f6d75fe3572a4c41a6cc49235be_DOB.jpg,01/01/1989
output/cropped_outputs/DOB/Narendra-Ji-PAN-Card_jpeg.rf.421fa14356b93eeaeb7b3cc708053c96_DOB.jpg,27/12/1975
output/cropped_outputs/DOB/bc_image_263_jpg.rf.ef083cecf8060b5f7b89292d7e15dcfe_DOB.jpg,19/11/1993
output/cropped_outputs/DOB/Gopal-ji-pan-card_page-0001_jpg.rf.c670c29cd323e335e73aedd4c11f8d81_DOB.jpg,01/01/1991
output/cropped_outputs/DOB/bnw_image_228_jpg.rf.6e571f2ac02ab37779e9bc6442a63556_DOB.jpg,05/01/1990
output/cropped_outputs/DOB/bc_image_118_jpg.rf.69b611e81f83192a389044da514430e4_DOB.jpg,01/08/1972
output/cropped_outputs/DOB/bc_image_114_jpg.rf.b8bf57331c0c01073b3a2cd60ad14804_DOB.jpg,29/12/1960
output/cropped_outputs/DOB/bnw_image_097_jpg.rf.a6e30c2bde333dcf43703a765266c54a_DOB.jpg,20/03/1979
output/cropped_outputs/DOB/1aea9462babd9fb2fd84f7a2f81f5ccf_jpg.rf.2a30d289e50c56d49395753ffe4a0c6c_DOB.jpg,27/02/2002
output/cropped_outputs/DOB/bnw_image_154_jpg.rf.c77b3a8ad8800678334017c56b948333_DOB.jpg,29/03/1989
output/cropped_outputs/DOB/PAN_Card_20240701_191623713_jpg.rf.4ce4b322cae01d173bfb8b420d4a1c43_DOB.jpg,21/03/2001
output/cropped_outputs/DOB/bnw_image_057_jpg.rf.98a2583e209b439f6c1a407136e1c7b1_DOB.jpg,26/01/1981
output/cropped_outputs/DOB/bnw_image_052_jpg.rf.acef800d996b24b001fa1c1a6876f431_DOB.jpg,01/01/1968
output/cropped_outputs/DOB/bc_image_062_jpg.rf.5995dfb93204e05ac4e2df68f19292ce_DOB.jpg,27/01/2004
output/cropped_outputs/DOB/App_-Ajij-Pan-Card-1-_page-0001_jpg.rf.a3ab2299c0a299c0d0648bfc12f3a327_DOB.jpg,01/01/1991
output/cropped_outputs/DOB/bnw_image_141_jpg.rf.edeafaa9d5f6c3ebb444d7cd49f891f9_DOB.jpg,18/06/1980
output/cropped_outputs/DOB/bnw_image_249_jpg.rf.88fd4a6baeb30ba1770958dd2389a485_DOB.jpg,01/01/1966
output/cropped_outputs/DOB/Mahaveer-Pancard_jpeg.rf.2669e3627311b74524108c95258a49dd_DOB.jpg,25/05/1959
output/cropped_outputs/DOB/Co-App-Guddi-Pan-Card_page-0001_jpg.rf.ba812b285d9e5e949e733802f73ea287_DOB.jpg,01/01/1986
output/cropped_outputs/DOB/PAN-Narvik-Buildhomes-PDF_page-0001_jpg.rf.5b65a964dcec705c0a3fa57cd7b6a94d_DOB.jpg,17/04/2017
output/cropped_outputs/DOB/01599646500012_jpg.rf.b128dbbcd19b6a68531bce5eaa6569fb_DOB.jpg,10/02/1988
output/cropped_outputs/DOB/Ratan-PAN-1-_page-0001_jpg.rf.3ddb5e0ccdfda4d5092433189390d461_DOB.jpg,18/04/1993
output/cropped_outputs/DOB/3_jpg.rf.f82e943463d0fdf14a9e38498c3c6266_DOB.jpg,30/10/1990
output/cropped_outputs/DOB/bnw_image_067_jpg.rf.938b387d5c46f805bf1c351a17b9246d_DOB.jpg,01/01/1984
output/cropped_outputs/DOB/PAN_Card_20240701_205006547_jpg.rf.168a78b140733ba100adfd94f3c45760_DOB.jpg,15/06/1963
output/cropped_outputs/DOB/bc_image_260_jpg.rf.6fcfdb45b5e9b3c3ef571b30e7116c16_DOB.jpg,23/12/1969
output/cropped_outputs/DOB/Baby-Kanwar-Pan-Card_page-0001_jpg.rf.00cf1a39fe5627a56171d76af600692c_DOB.jpg,04/09/1992
output/cropped_outputs/DOB/bc_image_095_jpg.rf.c5f7641c1cc49389aed98a154bcec0af_DOB.jpg,01/01/1985
output/cropped_outputs/DOB/bc_image_177_jpg.rf.79199f9dff76b81a639d0ad4ecef8d23_DOB.jpg,17/07/1977
output/cropped_outputs/DOB/bnw_image_191_jpg.rf.95a8575cbb3f261d6ac58bc32c076dbd_DOB.jpg,17/06/1995
output/cropped_outputs/DOB/bc_image_161_jpg.rf.95480dba02575127cfed7d03be1319c6_DOB.jpg,11/01/1987
output/cropped_outputs/DOB/bnw_image_005_jpg.rf.8c95a31ddc99e9649591ef568de1ee43_DOB.jpg,22/01/1982
output/cropped_outputs/DOB/bc_image_015_jpg.rf.ee7d1130d50ee56a76c30db102f7f38b_DOB.jpg,10/02/1997
output/cropped_outputs/DOB/bc_image_253_jpg.rf.8ecd878d0ba45722c600941df25a4e50_DOB.jpg,01/01/1994
output/cropped_outputs/DOB/Laxman-PAN_page-0001_jpg.rf.9e84ea75d8b1ef4827d0a55e218911e5_DOB.jpg,01/01/1969
output/cropped_outputs/DOB/pan-card-parma-ram_page-0001_jpg.rf.0e4eb691aa0dc24d0cb2a93e2f4daea2_DOB.jpg,01/01/1963
output/cropped_outputs/DOB/PAN-CARD-SANNU-BAI_page-0001_jpg.rf.1ac27032a18436d644e8ef7cc9b42220_DOB.jpg,01/01/1973
output/cropped_outputs/DOB/bnw_image_115_jpg.rf.3bed4a19ed31b14824eaf3f1d65aad50_DOB.jpg,07/07/1985
output/cropped_outputs/DOB/bnw_image_026_jpg.rf.7ac2a15deb347d9ba2e5d773cf721723_DOB.jpg,16/04/1995
output/cropped_outputs/DOB/bnw_image_217_jpg.rf.92c9ae7d1088514ae5aec63c3b51311e_DOB.jpg,10/07/1988
output/cropped_outputs/DOB/bnw_image_265_jpg.rf.ebf7772b9fa3a382a08b8945991e7849_DOB.jpg,01/11/2006
output/cropped_outputs/DOB/prem-singh-aadar-pan-_page-0007_jpg.rf.5d2e1b7fbaeef97cd6c4887c426258d5_DOB.jpg,01/07/1982
output/cropped_outputs/DOB/01173574530010_pan_png.rf.a3f621c39fd133ea9ff59e91722a7ecf_DOB.jpg,27/10/1988
output/cropped_outputs/DOB/01512636240017_jpg.rf.eaf9a685921d93cea064cb893c37e7e8_DOB.jpg,27/10/1996
output/cropped_outputs/DOB/bnw_image_053_jpg.rf.da31eba102f4f4b008b5a0e5787bd5f2_DOB.jpg,01/01/1993
output/cropped_outputs/DOB/bnw_image_070_jpg.rf.a868c1223604166c24a962219ce19fce_DOB.jpg,25/05/1988
output/cropped_outputs/DOB/bnw_image_146_jpg.rf.d343a99bea248d95ebac516c816ca72c_DOB.jpg,08/10/1988
output/cropped_outputs/DOB/bc_image_051_jpg.rf.977e108bcc14e96f87ba0feff50a0a82_DOB.jpg,14/05/1986
output/cropped_outputs/DOB/Mansingh-Pan-Card_page-0001_jpg.rf.ddf974f426e7c735f4040430f2f8a662_DOB.jpg,12/10/1992
output/cropped_outputs/DOB/1000071717-BAJAJ-PAN_png.rf.ca648cc174b5a99f300d631289085e6d_DOB.jpg,01/06/1985
output/cropped_outputs/DOB/01611712340012_jpg.rf.9e28b6205a41e6ba24c318e47a3ad2e4_DOB.jpg,06/01/1993
output/cropped_outputs/DOB/99_PAN_jpg.rf.8502048ea0653906f693790a3d7bdd09_DOB.jpg,01/01/1993
output/cropped_outputs/DOB/bnw_image_103_jpg.rf.04a574f5178ea1a0dc0cdc9fda8ee140_DOB.jpg,28/02/1984
output/cropped_outputs/DOB/bc_image_176_jpg.rf.02b90c96f8907824a0d412d33d33e390_DOB.jpg,01/01/1990
output/cropped_outputs/DOB/bnw_image_124_jpg.rf.17acf6a4a00eb200515af662a2ba514d_DOB.jpg,01/01/1983
output/cropped_outputs/DOB/bc_image_017_jpg.rf.87ca6fd103a3ab8be5d558ad057b087c_DOB.jpg,29/10/2002
output/cropped_outputs/DOB/pushpa-devi-pan-card_page-0001_jpg.rf.2dacc305396f0f9ca00d3969211aff90_DOB.jpg,01/01/1993
output/cropped_outputs/DOB/Kalu-Lal-Salvi-PAN_page-0001-1-_jpg.rf.a6e61de4c12031e78e655af50a110d34_DOB.jpg,01/01/1955
output/cropped_outputs/DOB/9a8eeebd-photo_1_2023-07-14_15-45-57_jpg.rf.54e25a4bafd65a2b4a271dc46fbf0f71_DOB.jpg,05/05/1982
output/cropped_outputs/DOB/pan3_png.rf.441497f3456f8de365d001b14b8b63c2_DOB.jpg,18/03/1996
output/cropped_outputs/DOB/bnw_image_185_jpg.rf.7356e671f4f3fa8eb4e4de130b1ecb0e_DOB.jpg,01/01/1964
output/cropped_outputs/DOB/bnw_image_091_jpg.rf.72cfdc62524e1d3133d5bba062c4c94d_DOB.jpg,01/01/2003
output/cropped_outputs/DOB/92_jpg.rf.7640a81f3716d235647b4a3a11843f1a_DOB.jpg,19/05/1979
output/cropped_outputs/DOB/bnw_image_174_jpg.rf.bdf4305c4ee7005dec1f1a34a772c8a1_DOB.jpg,04/03/1998
output/cropped_outputs/DOB/Mangi-Lal-Pan-Card_jpg.rf.331db6c7f988ec990dafa6872a96557d_DOB.jpg,01/01/1989
output/cropped_outputs/DOB/01367165370017_jpg.rf.e2e8c22efeb7fe9b754915b490cf11f1_DOB.jpg,01/01/1984
output/cropped_outputs/DOB/bnw_image_034_jpg.rf.40d318acc10e8ef614f1708c3d0f0e11_DOB.jpg,03/04/1994
output/cropped_outputs/DOB/Ankush-Pancard_jpeg.rf.d3871f33d060d77cb940e1f13f3675b0_DOB.jpg,27/01/2004
output/cropped_outputs/DOB/pan1_png.rf.ab890a626dd203608ea3418bb833318b_DOB.jpg,30/01/1997
output/cropped_outputs/DOB/bc_image_138_jpg.rf.7a753d9d5b382cdec0f58c4a30da4039_DOB.jpg,01/01/1985
output/cropped_outputs/DOB/bnw_image_131_jpg.rf.424a545010e09925446dbf9246b301bc_DOB.jpg,01/01/1977
output/cropped_outputs/DOB/bc_image_011_jpg.rf.db24302199e639aec50ab16b750a550d_DOB.jpg,05/05/1994
output/cropped_outputs/DOB/Rajendra-Singh-PAN_page-0001_jpg.rf.b43f391d9889b0749b11d945935d6e32_DOB.jpg,25/06/1993
output/cropped_outputs/DOB/bnw_image_005_jpg.rf.f23e1477eb8e7074bcff9f4caf581763_DOB.jpg,22/01/1982
output/cropped_outputs/DOB/bnw_image_216_jpg.rf.61cc81f95764ce80e89b000bc359c2de_DOB.jpg,19/07/1995
output/cropped_outputs/DOB/Sudhir-pan_jpeg.rf.42a21f12d7c75999360b4b6004ca75a4_DOB.jpg,23/12/1269
output/cropped_outputs/DOB/bnw_image_118_jpg.rf.d22be22c029f5fbeaf5c5b295599ba3a_DOB.jpg,01/08/1972
output/cropped_outputs/DOB/bnw_image_109_jpg.rf.6043230c36896c09ada37d8e0840bdf5_DOB.jpg,15/08/1973
output/cropped_outputs/DOB/Badri-PAN-GTR_jpeg.rf.12a2e75b4f98dbb612af513f6bbe3aaa_DOB.jpg,01/01/1966
output/cropped_outputs/DOB/bc_image_063_jpg.rf.c8ad26cb47b93cfd43c0ed278b916587_DOB.jpg,01/01/1988
output/cropped_outputs/DOB/bc_image_265_jpg.rf.bcfa7587fdd5c764fdc212283204b02c_DOB.jpg,01/11/2006
output/cropped_outputs/DOB/pancard1_jpg.rf.0f25d2ea2b40bf0a103f0f29e0a7d2a8_DOB.jpg,17/06/1995
output/cropped_outputs/DOB/01563141730011_jpg.rf.e1e761fb90b7c6e8f1d6e198344c2194_DOB.jpg,05/07/1996
output/cropped_outputs/DOB/bnw_image_238_jpg.rf.04dba6f890dd0229bf42bf750867af03_DOB.jpg,20/07/1985
output/cropped_outputs/DOB/bc_image_132_jpg.rf.26265f0be91c13a80e9ab0acabce18c7_DOB.jpg,01/12/1976
output/cropped_outputs/DOB/bhagwati-devi-pan_jpeg.rf.9901f51689be0fd9e3f4a5e98955c72e_DOB.jpg,05/11/1983
output/cropped_outputs/DOB/bnw_image_106_jpg.rf.63c8e3cd97501593df74b452cb5ade71_DOB.jpg,01/01/1991
output/cropped_outputs/DOB/80db6ff7-imgtopdf_generated_2208201757059_page-76_jpg.rf.dca8338f00dd60e3930a08b0f1c43348_DOB.jpg,05/09/1996
output/cropped_outputs/DOB/bnw_image_037_jpg.rf.cf041ca363d1e8c6b627137573213ff2_DOB.jpg,25/06/1981
output/cropped_outputs/DOB/bc_image_165_jpg.rf.aab5427b823fa27aa7f32768de0de07c_DOB.jpg,01/01/1984
output/cropped_outputs/DOB/bnw_image_004_jpg.rf.52d9f904e7bc1d044f6e1636b4dcfd98_DOB.jpg,06/10/1986
output/cropped_outputs/DOB/Samuti-PAN_jpeg.rf.fccba7f3180941c3796d689d46ee4065_DOB.jpg,16/01/1971
output/cropped_outputs/DOB/bc_image_004_jpg.rf.173b57078bb78d756625f1c87b4a1eec_DOB.jpg,06/10/1986
output/cropped_outputs/DOB/bnw_image_253_jpg.rf.382915cf8275246c82b8062b8323490b_DOB.jpg,01/01/1994
output/cropped_outputs/DOB/bnw_image_077_jpg.rf.f510b1950e05df26d726062703ab679f_DOB.jpg,05/11/1983
output/cropped_outputs/DOB/bc_image_238_jpg.rf.55a378b602c06eaf0f8e4ac1f8bbaa0e_DOB.jpg,20/07/1985
output/cropped_outputs/DOB/bnw_image_135_jpg.rf.0831f7f874320450b140194929d18feb_DOB.jpg,01/01/1985
output/cropped_outputs/DOB/01262414660017_jpg.rf.f9239034c9d24fb1ca2d9efe58721ccb_DOB.jpg,05/05/1994
output/cropped_outputs/DOB/bnw_image_129_jpg.rf.0d7cd0db684e0a659ebb6ef67cc2fa32_DOB.jpg,06/09/1977
output/cropped_outputs/DOB/Prem-PAN_jpg.rf.e7b7d80cee31e69c7ecfac072fb6052c_DOB.jpg,01/01/1946
output/cropped_outputs/DOB/bc_image_057_jpg.rf.a30b544e4de182e4bf8031aaa6063ce0_DOB.jpg,26/01/1981
output/cropped_outputs/DOB/bnw_image_268_jpg.rf.825b704f7190dfd5bfcea616a0f001de_DOB.jpg,01/07/1986
output/cropped_outputs/DOB/01367165370017_jpg.rf.d5936d31ed3fe0b2bbb3333d153aec6e_DOB.jpg,01/01/1984
output/cropped_outputs/DOB/bc_image_160_jpg.rf.705865ce9b5604964bd073381733e21c_DOB.jpg,20/02/1991
output/cropped_outputs/DOB/gaurantor-pan-card_jpeg.rf.876cdf475592733b367c14b92554c2ef_DOB.jpg,01/01/1985
output/cropped_outputs/DOB/72_jpg.rf.e3b71bfd93d25d6233e02e75a7419d64_DOB.jpg,01/01/1970
output/cropped_outputs/DOB/PAN_Card_20240702_155249054_jpg.rf.ac26af6fa372b3f814b247d4aabc1296_DOB.jpg,01/06/1978
output/cropped_outputs/DOB/01217236730015_jpg.rf.ca90f4ae202f2d845524ee6d7a1658f0_DOB.jpg,07/03/1995
output/cropped_outputs/DOB/01215317330013_jpg.rf.81b4ab50306d1fa6bf6fe29232e53c1f_DOB.jpg,12/10/1990
output/cropped_outputs/DOB/bnw_image_101_jpg.rf.a3fb56f41db706693704421b5d79b75e_DOB.jpg,01/01/1985
output/cropped_outputs/DOB/cba40b81-photo_4_2023-07-14_15-44-52_jpg.rf.f30067df308efdecdd89185fd6f97c46_DOB.jpg,11/04/1999
output/cropped_outputs/DOB/pan-card_jpeg.rf.ec30d11b226112eca6269338f77cee45_DOB.jpg,01/01/1990
output/cropped_outputs/DOB/bnw_image_178_jpg.rf.452975be7f8090a7970befee7ca73a73_DOB.jpg,24/12/1990
output/cropped_outputs/DOB/Lad-pan_jpg.rf.21fcd1b768851ac8db41d729d87362ef_DOB.jpg,01/01/1977
output/cropped_outputs/DOB/bc_image_106_jpg.rf.c504eccb99c2244275f5a4e06b1081dd_DOB.jpg,01/01/1991
output/cropped_outputs/DOB/Mahaveer-Pancard_jpeg.rf.88fddc85a45cb84d9172810cc56492b2_DOB.jpg,25/05/1959
output/cropped_outputs/DOB/bnw_image_242_jpg.rf.55895857d0d710509de247562be6ab4c_DOB.jpg,01/01/2003
output/cropped_outputs/DOB/bc_image_201_jpg.rf.0c64d6c24f076dbf08a441506b7e6f1f_DOB.jpg,08/04/2000
output/cropped_outputs/DOB/bnw_image_210_jpg.rf.036eb3846cffdb2755dca88304653bbf_DOB.jpg,15/12/1984
output/cropped_outputs/DOB/bnw_image_189_jpg.rf.42a8748d1d0f72be08879fe1b12f719c_DOB.jpg,18/03/1996
output/cropped_outputs/DOB/bc_image_092_jpg.rf.903bdc9444c5e09d68585db0026c7999_DOB.jpg,04/08/1986
output/cropped_outputs/DOB/bnw_image_090_jpg.rf.557f2c00d2aba5484fb4281603a8d5ef_DOB.jpg,12/08/2001
output/cropped_outputs/DOB/bnw_image_170_jpg.rf.9953af856c87c4280cb95316da06d123_DOB.jpg,01/01/1991
output/cropped_outputs/DOB/bc_image_146_jpg.rf.5f6f6c18ea561ef868b606dcb3b508ea_DOB.jpg,08/10/1988
output/cropped_outputs/DOB/Pan-Arti_jpeg.rf.47ac91b63b8a4f2733f05f613182fe76_DOB.jpg,11/10/1987
output/cropped_outputs/DOB/01725443260010_jpg.rf.e3118f041f4695aa2169496bafaba1a0_DOB.jpg,27/10/1985
output/cropped_outputs/DOB/bc_image_262_jpg.rf.d92f0ff1b29adb5c8141989c839dd661_DOB.jpg,13/06/1987
output/cropped_outputs/DOB/bc_image_124_jpg.rf.2193386ad58429b237b3ef639cee8302_DOB.jpg,01/01/1983
output/cropped_outputs/DOB/01367165370017_jpg.rf.59f1cefc912b38b662780c9cc3da3038_DOB.jpg,01/01/1984
output/cropped_outputs/DOB/97_PAN_jpg.rf.9f81d32de264bcf383389b9c82d8dee1_DOB.jpg,14/05/1986
output/cropped_outputs/DOB/bc_image_208_jpg.rf.f94fb0c86be2c0eaceefad8b435bec9c_DOB.jpg,19/09/1990
output/cropped_outputs/DOB/bc_image_066_jpg.rf.33125ec68f6baf48e2bdc1d0bc5c8c85_DOB.jpg,01/01/1991
output/cropped_outputs/DOB/bc_image_217_jpg.rf.e54acc42aebe8a8cb85c514c46236b93_DOB.jpg,10/07/1988
output/cropped_outputs/DOB/63_PAN_jpg.rf.1a96a1a1ee666e8b7cce185b04b4ea17_DOB.jpg,28/03/1999
output/cropped_outputs/DOB/bc_image_012_jpg.rf.1e7a8c4ba9074297e9340dd50182b8ae_DOB.jpg,24/05/1998
output/cropped_outputs/DOB/2_jpg.rf.2a0d1a13854570732bb93f1ca72ce6ae_DOB.jpg,15/06/1982
output/cropped_outputs/DOB/aadar-pan-jaswant-1_page-0010_jpg.rf.fa42a38240721ad3a41601ce0968c9fe_DOB.jpg,01/01/1993
output/cropped_outputs/DOB/bc_image_086_jpg.rf.e1c722d585a0514219956e14b038f55b_DOB.jpg,01/01/1983
output/cropped_outputs/DOB/bc_image_095_jpg.rf.6cbd69be31e60d5b8fa20b64037ce987_DOB.jpg,01/01/1985
output/cropped_outputs/DOB/bnw_image_003_jpg.rf.f02c514344e4606dbc31b2fc5132e7f2_DOB.jpg,06/01/1992
output/cropped_outputs/DOB/bnw_image_098_jpg.rf.0157103804a72aa6d57338b324168e78_DOB.jpg,05/04/1987
output/cropped_outputs/DOB/bc_image_086_jpg.rf.747046ffe51a291ce8d487eeb76de500_DOB.jpg,01/01/1983
output/cropped_outputs/DOB/01338208270013_jpg.rf.1b2a3fbf35faf20e4b91eec55f32bd64_DOB.jpg,08/04/1983
output/cropped_outputs/DOB/bnw_image_165_jpg.rf.23d00a316c1ef3152f118af3484daf40_DOB.jpg,01/01/1984
output/cropped_outputs/DOB/bnw_image_021_jpg.rf.c332b481e46c40573eb63e9e37c3c1f7_DOB.jpg,01/01/1984
output/cropped_outputs/DOB/PAN_Card_20240702_180812051_jpg.rf.180618471e4ca775c2c141607e587632_DOB.jpg,27/02/1994
output/cropped_outputs/DOB/13_PAN_jpg.rf.25ebdb28f3e31ff9a75907d44afbd0e2_DOB.jpg,05/06/1997
output/cropped_outputs/DOB/Kalu-Lal-Salvi-PAN_page-0001-1-_jpg.rf.7d44009a9f28d6813cd4d80c19919e25_DOB.jpg,01/01/1955
output/cropped_outputs/DOB/bc_image_185_jpg.rf.15923139a63d2f6f5121b5df6da62907_DOB.jpg,01/01/1964
output/cropped_outputs/DOB/101_PAN_jpg.rf.1027f3eff53a5e07d3f500d534143047_DOB.jpg,16/07/1986
output/cropped_outputs/DOB/bc_image_226_jpg.rf.d9ff1671a446aa5f7be6b8bbe910c8d3_DOB.jpg,07/01/1986
output/cropped_outputs/DOB/01577335720011_jpg.rf.ee5db52dd037edb04a8679c23147c352_DOB.jpg,29/10/2002
output/cropped_outputs/DOB/bc_image_113_jpg.rf.58deb24bfaa93e0a897be42c1af78dc2_DOB.jpg,01/01/1961
output/cropped_outputs/DOB/bc_image_242_jpg.rf.eda6da8c7a040520e4e7febe7715b68d_DOB.jpg,01/01/2003
output/cropped_outputs/DOB/bc_image_050_jpg.rf.501ac4d1651864add13b4954dba22f25_DOB.jpg,19/05/1979
output/cropped_outputs/DOB/92_jpg.rf.c10bd33d1e13745e5bb38f89561d4e6c_DOB.jpg,19/05/1979
output/cropped_outputs/DOB/bnw_image_263_jpg.rf.8d2546acd013f2f924c0542d5876a947_DOB.jpg,19/11/1993
output/cropped_outputs/DOB/bnw_image_220_jpg.rf.22abb93c2f4bc8c989863f4661d192e7_DOB.jpg,01/01/1971
output/cropped_outputs/DOB/bc_image_074_jpg.rf.0aeb5b7b5d9da5d69650e5eeb2491222_DOB.jpg,01/01/1966
output/cropped_outputs/DOB/laluram-kir-pan-card-_page-0001_jpg.rf.6df6a7e38fb378c05bb36ff1bd571786_DOB.jpg,01/01/2001
output/cropped_outputs/DOB/Prakash-Pan-Card_jpg.rf.e6e98360d7e213ff4e036710b2cb34de_DOB.jpg,01/01/1971
output/cropped_outputs/DOB/01213254430016_jpg.rf.606528134f26a19fdf886fb5c8b47311_DOB.jpg,27/01/2000
output/cropped_outputs/DOB/bnw_image_157_jpg.rf.bbb2d02ef78006e3c11afcfa215c58e7_DOB.jpg,27/12/1975
output/cropped_outputs/DOB/bc_image_013_jpg.rf.9968e3f5ddfc74da59707350223053ac_DOB.jpg,27/03/1995
output/cropped_outputs/DOB/bc_image_085_jpg.rf.4f3c7c641e88cba7060dba3d1c9c3a22_DOB.jpg,01/01/1983
output/cropped_outputs/DOB/bc_image_223_jpg.rf.2cbfd294ba4cf6fe647e9eb2a54da7f9_DOB.jpg,10/08/1988
output/cropped_outputs/DOB/01231576410019_jpg.rf.29beb73c7b4d97d2739c1230e68c8aa5_DOB.jpg,18/01/2000
output/cropped_outputs/DOB/bc_image_158_jpg.rf.febf4df7897c8878b74378df15ae4741_DOB.jpg,01/01/1989
output/cropped_outputs/DOB/bnw_image_113_jpg.rf.952b4cc5db433b03d2582465c9463dec_DOB.jpg,01/01/1961
output/cropped_outputs/DOB/bc_image_229_jpg.rf.9ba36131dffa9df94a3269a6485f59bd_DOB.jpg,08/03/1985
output/cropped_outputs/DOB/79_PAN_jpg.rf.bffd31a7cbc18f56013ef8e7e8d77ddc_DOB.jpg,01/06/1995
output/cropped_outputs/DOB/bnw_image_211_jpg.rf.17191100ba910e26aafcbf89a6f699da_DOB.jpg,27/02/1994
output/cropped_outputs/DOB/01263124150013_jpg.rf.0721a416e955aa19eaf3d15224736f2a_DOB.jpg,24/05/1998
output/cropped_outputs/DOB/PAN_Card_20240702_145310923_jpg.rf.212ec641ead0769e642739ff295c1838_DOB.jpg,05/03/1992
output/cropped_outputs/DOB/89_PAN_jpg.rf.1ae5f7dec6810caaca4486b1a193baf9_DOB.jpg,27/10/1999
output/cropped_outputs/DOB/bc_image_221_jpg.rf.90fd22a005f2c0f3e490df3f3a3fda90_DOB.jpg,05/05/1969
output/cropped_outputs/DOB/bnw_image_202_jpg.rf.6b4785ab2444743cac4f09edda6a0374_DOB.jpg,01/01/1978
output/cropped_outputs/DOB/99_PAN_jpg.rf.06e40d1d1bfba48a0ece7292d8c5d0f3_DOB.jpg,01/01/1993
output/cropped_outputs/DOB/gaurnator-pan-card_jpg.rf.252650d6f43582f51e2a4cffb87450f7_DOB.jpg,08/08/1986
output/cropped_outputs/DOB/bc_image_144_jpg.rf.e76195d40d33b399f1c4d8cbad4dcf15_DOB.jpg,01/01/1989
output/cropped_outputs/DOB/PAN_Card_20240702_111040007_jpg.rf.aad49c3ae19c9a38826a6e6e17152802_DOB.jpg,12/06/1986
output/cropped_outputs/DOB/bnw_image_106_jpg.rf.2be8019531e37739bad8374615b12529_DOB.jpg,01/01/1991
output/cropped_outputs/DOB/bnw_image_268_jpg.rf.9924e9328c5e069f2ed3f7b034a646a1_DOB.jpg,01/07/1986
output/cropped_outputs/DOB/bc_image_236_jpg.rf.440c4885563c346f13f8ce628e58f844_DOB.jpg,18/04/1993
output/cropped_outputs/DOB/bnw_image_049_jpg.rf.2ad3c4e4b356e3b98ab7042cc0b310c0_DOB.jpg,06/07/1992
output/cropped_outputs/DOB/bc_image_036_jpg.rf.a6240eb6d27a1d736a2789c327ff631c_DOB.jpg,11/05/1996
output/cropped_outputs/DOB/01725443260010_jpg.rf.8d438accd55eb67b7b29f279615b66dc_DOB.jpg,27/10/1985
output/cropped_outputs/DOB/bnw_image_214_jpg.rf.cdf6c24c0e472c8906fcee58b679c7e3_DOB.jpg,29/06/1975
output/cropped_outputs/DOB/01452511510013_jpg.rf.143a625fa2db21f1d54bbefad8a51f7d_DOB.jpg,10/02/1997
output/cropped_outputs/DOB/Magha-Ram-PAN-card_jpeg.rf.edd19460fb0ec540e6f333baeda8a470_DOB.jpg,01/01/1985
output/cropped_outputs/DOB/Manish-Pan_jpg.rf.ad2d40530f4720541a546a4393aa12b3_DOB.jpg,08/10/1988
output/cropped_outputs/DOB/bnw_image_226_jpg.rf.55f0a44f6d5f961497baf39ec4fb813d_DOB.jpg,01/01/1986
output/cropped_outputs/DOB/Balkishan-gahlot-GTR-Pan_jpg.rf.a30265f7f7fd8fdebbd8ee7b441b6117_DOB.jpg,10/11/1972
output/cropped_outputs/DOB/bnw_image_056_jpg.rf.c41aef20311b4ce3a37a9779904a3712_DOB.jpg,24/07/1964
output/cropped_outputs/DOB/01757741370010_jpg.rf.c68af07abd680f8b6a439aee1bac5465_DOB.jpg,27/08/1990
output/cropped_outputs/DOB/PAN_Card_20240701_102658933_jpg.rf.21de6f09d4e4c22f9c493bb22b1ea1a6_DOB.jpg,08/04/2000
output/cropped_outputs/DOB/47_jpg.rf.41566b27c4a8133e63fb3ff2fcf77142_DOB.jpg,25/06/1981
output/cropped_outputs/DOB/Amra-PAN_jpeg.rf.9fce14c86319bb0f8c3a79acd34c4a09_DOB.jpg,24/07/1964
output/cropped_outputs/DOB/Anil_Pan_jpg.rf.ababd72103b42a4e924cfc22b1a67d02_DOB.jpg,26/01/1981
output/cropped_outputs/DOB/bnw_image_051_jpg.rf.c11b29491343ce7cbbfed38bd87936d8_DOB.jpg,14/05/1986
output/cropped_outputs/DOB/bc_image_122_jpg.rf.803f944bdd373c0ede7402b77d89ef41_DOB.jpg,01/01/1955
output/cropped_outputs/DOB/SURESH-PAN-CARD_page-0001_jpg.rf.ed6d4aefa0b539655f0115c9110cef48_DOB.jpg,19/11/1993
output/cropped_outputs/DOB/bnw_image_064_jpg.rf.d63df17f3f9f7fae9273a1f6d0654454_DOB.jpg,01/01/1994
output/cropped_outputs/DOB/bc_image_153_jpg.rf.98431ed67c09f40e05bb9ad8ef4eb690_DOB.jpg,15/08/1960
output/cropped_outputs/DOB/bc_image_157_jpg.rf.14b1813fb92579f90d8d29b05d39e217_DOB.jpg,27/12/1975
output/cropped_outputs/DOB/PAN_Card_20240701_114422759_jpg.rf.8c5f5871a19851569012a0ad5fd89ae1_DOB.jpg,12/06/1997
output/cropped_outputs/DOB/bnw_image_199_jpg.rf.cfe1b815fd8e20f30cafaf788117e119_DOB.jpg,05/03/1979
output/cropped_outputs/DOB/bc_image_131_jpg.rf.af58dbab195954fc6b333dafe1435919_DOB.jpg,01/01/1977
output/cropped_outputs/DOB/bc_image_090_jpg.rf.6a00404492b275fe835217360f9d2c9e_DOB.jpg,12/08/2001
output/cropped_outputs/DOB/bnw_image_215_jpg.rf.d3fe0cfe34b3b3cbc84e1f3af682a734_DOB.jpg,01/01/1992
output/cropped_outputs/DOB/bnw_image_150_jpg.rf.bb40d182c99cf0ec7e078fcf4330b591_DOB.jpg,12/01/1992
output/cropped_outputs/DOB/18_PAN_jpg.rf.3851a81d5bbdc56b338fa84ba6ce8a9e_DOB.jpg,18/08/1984
output/cropped_outputs/DOB/Badri-PAN-GTR_jpeg.rf.0f9b678a054aab697198f05cd32e0dcb_DOB.jpg,01/01/1966
output/cropped_outputs/DOB/IMG-20240224-WA0019_jpg.rf.9eb0c54d8ed8227a77b1a2d553fe3e28_DOB.jpg,05/02/2003
output/cropped_outputs/DOB/bc_image_238_jpg.rf.aa7f4349c09bc6e16ee1b968f3284916_DOB.jpg,20/07/1985
output/cropped_outputs/DOB/guman-pan-card_page-0001_jpg.rf.cc101b61793c108f86fcf0f2093eed74_DOB.jpg,01/01/1961
output/cropped_outputs/DOB/bnw_image_157_jpg.rf.8ada07595aad4344de3b770ed37c1d23_DOB.jpg,27/12/1975
output/cropped_outputs/DOB/bc_image_076_jpg.rf.565cb99ff250e0d005f821beb98bcff7_DOB.jpg,01/01/1958
output/cropped_outputs/DOB/sohan-lal-pan-card_page-0001_jpg.rf.c7da6b31851c4471abfc6f04197dd2c2_DOB.jpg,01/01/1962
output/cropped_outputs/DOB/GatuLal_Pan-Copy_jpg.rf.e6a772b6572c3fe29b322d150c9c3970_DOB.jpg,01/01/1994
output/cropped_outputs/DOB/My-new-pan-card-1-_page-0001_jpg.rf.6f308c48179ad932470eafb32b4269cc_DOB.jpg,14/01/2005
output/cropped_outputs/DOB/Mool-Singh-Chouhan-Pan-Card_jpg.rf.628763dfa262e950fec7784054fd1f70_DOB.jpg,15/08/1960
output/cropped_outputs/DOB/KHERU-NISA-PAN-CARD_page-0001_jpg.rf.929e49fe7e82b63647526824bb0671a8_DOB.jpg,01/01/1973
output/cropped_outputs/DOB/25_png.rf.553975245448c38d8c15390b0f9e716d_DOB.jpg,03/04/1994
output/cropped_outputs/DOB/Nand-PAN_jpeg.rf.a99fcc91d4cc1b1772167453137d04c1_DOB.jpg,01/08/1984
output/cropped_outputs/DOB/bnw_image_093_jpg.rf.772e2e9a81df2dde37cdabd8b7748624_DOB.jpg,01/01/1991
output/cropped_outputs/DOB/Gogaram-pan_page-0001_jpg.rf.45ded7172d36a2f015345df8e0f0742f_DOB.jpg,01/01/1957
output/cropped_outputs/DOB/YURAJ-PAN-CARD_page-0001_jpg.rf.92e171db6abc85e640aad844302bb147_DOB.jpg,13/07/2001
output/cropped_outputs/DOB/23_jpg.rf.c1872600a4d17e44f2adc46b8e74362b_DOB.jpg,25/10/1965
output/cropped_outputs/DOB/bc_image_046_jpg.rf.6a7cdf6d4e842939047f74699dd161dd_DOB.jpg,27/09/1989
output/cropped_outputs/DOB/bnw_image_066_jpg.rf.9d349820f2b27ad18ba92fa852dda4c4_DOB.jpg,01/01/1991
output/cropped_outputs/DOB/bnw_image_059_jpg.rf.f943c86002edcfa982914857058e5833_DOB.jpg,27/01/2004
output/cropped_outputs/DOB/bc_image_186_jpg.rf.278e1b52ef7941353dcb05a10eb38d70_DOB.jpg,05/01/1989
output/cropped_outputs/DOB/01231576410019_jpg.rf.4525d820c2381b402794ebcc4dcec355_DOB.jpg,18/01/2000
output/cropped_outputs/DOB/01151242750019_jpg.rf.bccbbe51f6403590009b564b321f37a6_DOB.jpg,17/02/1995
output/cropped_outputs/DOB/GTR-Phool-Chand-PAN_jpeg.rf.eb19b56604cb4d48d455b25ce4274ceb_DOB.jpg,15/08/1973
output/cropped_outputs/DOB/bnw_image_011_jpg.rf.7a348bd2ec1b248f16801bff6f3f3d3e_DOB.jpg,05/05/1994
output/cropped_outputs/DOB/bc_image_228_jpg.rf.668470f3f48a9e2774ae8f89dfab13e7_DOB.jpg,05/01/1990
output/cropped_outputs/DOB/bnw_image_227_jpg.rf.bca8613fede96424fa2c9d4fbceb0d8a_DOB.jpg,01/01/1993
output/cropped_outputs/DOB/bnw_image_156_jpg.rf.79d86243ea99c06fe823c8904496e5c1_DOB.jpg,01/08/1984
output/cropped_outputs/DOB/bnw_image_085_jpg.rf.15f9758a21b310679bf878be05b996ac_DOB.jpg,01/01/1983
output/cropped_outputs/DOB/bnw_image_013_jpg.rf.58eb36ecca6fc9f203ccf15d0a550538_DOB.jpg,27/03/1995
output/cropped_outputs/DOB/bnw_image_238_jpg.rf.481afc9f6a5b0aec056969a88eae7796_DOB.jpg,20/07/1985
output/cropped_outputs/DOB/bc_image_116_jpg.rf.4d471adf92446000e503bddac8119f2f_DOB.jpg,12/12/1992
output/cropped_outputs/DOB/bc_image_223_jpg.rf.2e2ea4eab57a570ebf8b5635f1d58b72_DOB.jpg,10/08/1988
output/cropped_outputs/DOB/16_PAN_jpg.rf.75c9b7048d2db7d0dac367f8b43f098d_DOB.jpg,24/01/1994
output/cropped_outputs/DOB/bc_image_260_jpg.rf.08b740d4b88c230081b21318a4b4f39c_DOB.jpg,23/12/1969
output/cropped_outputs/DOB/20_PAN_jpg.rf.6861ba919eeeb03978099763979d82a4_DOB.jpg,03/04/1994
output/cropped_outputs/DOB/bnw_image_176_jpg.rf.c47598dd26bc645d80d91725a8e2ddc4_DOB.jpg,01/01/1990
output/cropped_outputs/DOB/25_png.rf.332333190fef8d8964a8d3e585710bea_DOB.jpg,03/04/1994
output/cropped_outputs/DOB/Co-applicant-pan-adhar_page-0002_jpg.rf.2dbad4b5383c61541869a4c9fd17f9f1_DOB.jpg,29/06/1975
output/cropped_outputs/DOB/PAN_Card_20240702_125404493_jpg.rf.ed2c26a4d48856d417204bab42a7c706_DOB.jpg,15/11/1979
output/cropped_outputs/DOB/e007179a-58196aadc14229072fe70390_pan_jpg.rf.dd16edd3f67df103f9d7903436ff345e_DOB.jpg,13/06/1988
output/cropped_outputs/DOB/bnw_image_098_jpg.rf.829c0ef595078b64bfa2539c58d0a35a_DOB.jpg,05/04/1987
output/cropped_outputs/DOB/bnw_image_001_jpg.rf.31f94d60c7539e9dae261253ce753384_DOB.jpg,17/02/1995
output/cropped_outputs/DOB/pan3_png.rf.60a40998408d60afb954fd6da029ac72_DOB.jpg,18/03/1996
output/cropped_outputs/DOB/bnw_image_116_jpg.rf.cab3beeaea67ba5855fe1805587bfc9f_DOB.jpg,12/12/1992
output/cropped_outputs/DOB/bc_image_035_jpg.rf.336273b67915fca59e2eccfad19d6f9a_DOB.jpg,01/01/1985
output/cropped_outputs/DOB/bnw_image_006_jpg.rf.c17ebfd979821fc5ff3b484dbe3066ea_DOB.jpg,12/10/1990
output/cropped_outputs/DOB/pinki-pan_jpeg.rf.af3385fbe5361557574d6b97d5b3ca93_DOB.jpg,10/07/1988
output/cropped_outputs/DOB/Prakash-Pan-Card_jpg.rf.b849212a8882bea5899db262d80bd20d_DOB.jpg,01/01/1971
output/cropped_outputs/DOB/Shabbir-Pan_jpeg.rf.c492808101ccf9b1ad25d4199427f5e0_DOB.jpg,01/01/1966
output/cropped_outputs/DOB/PAN_Card_20240702_155249054_jpg.rf.a5fce132d053b120b79d1a8dc3afb590_DOB.jpg,01/06/1978
output/cropped_outputs/DOB/Naresh-PAN_jpg.rf.5695d0e9a5aee63c427e63b14534ce6f_DOB.jpg,01/01/1989
output/cropped_outputs/DOB/bnw_image_208_jpg.rf.5c7b1cf4e90b6a921b6dcd521653fc7a_DOB.jpg,19/09/1990
output/cropped_outputs/DOB/bnw_image_017_jpg.rf.29f922158134ad2d91448bb7fa33a473_DOB.jpg,"29/10/2002
"
output/cropped_outputs/DOB/bc_image_038_jpg.rf.8509450a505e38881215b04679f43ef4_DOB.jpg,20/02/1991
output/cropped_outputs/DOB/01651626160011_jpg.rf.e7cbe6554bb5c814a22dab558c17fbe7_DOB.jpg,10/09/1986
output/cropped_outputs/DOB/bnw_image_038_jpg.rf.f076b76f4a306ebc143314ee788a62e0_DOB.jpg,20/02/1991
output/cropped_outputs/DOB/PAN_Card_20240701_193712481_jpg.rf.fd419916f10c6fb344001244e1272312_DOB.jpg,26/01/1986
output/cropped_outputs/DOB/PAN_Card_20240702_172120999_jpg.rf.f515945f866bfa19d8d530e01fa6aaf1_DOB.jpg,15/12/1984
output/cropped_outputs/DOB/01187739310014_jpg.rf.160213e29ba96d2b32bd8447eb4ef124_DOB.jpg,02/04/1992
output/cropped_outputs/DOB/Jetha-Ram-Pan-Card_jpeg.rf.e15750a69790baf1615eb59a4b0b206a_DOB.jpg,01/08/1972
output/cropped_outputs/DOB/bnw_image_158_jpg.rf.61c7d6ce492660d6ed556726ff308b08_DOB.jpg,01/01/1989
output/cropped_outputs/DOB/Manilal_pancard_page-0001_jpg.rf.403b118053d96897d37fea585878acad_DOB.jpg,05/02/1982
output/cropped_outputs/DOB/01111534630016_jpg.rf.ab979d98a3fe47dd3ecb7a40b87aa53b_DOB.jpg,13/08/1991
output/cropped_outputs/DOB/Pancard-Kusum_page-0001_jpg.rf.26ff10a2fac81eff9b15cfb5fcf810fc_DOB.jpg,06/02/1964
output/cropped_outputs/DOB/Pancard-Kusum_page-0001_jpg.rf.0d2c93cf7d66083e17dc08687a51fb9f_DOB.jpg,06/02/1964
output/cropped_outputs/DOB/bc_image_034_jpg.rf.e87868da4ae3709c9fcef60cfcf7b518_DOB.jpg,03/04/1994
output/cropped_outputs/DOB/bnw_image_027_jpg.rf.2a96083a39940c99bdf49c4b4d2f0efb_DOB.jpg,18/08/1984
output/cropped_outputs/DOB/35_jpg.rf.1c51fea7119994c9f9c7220b11054afc_DOB.jpg,11/05/1996
output/cropped_outputs/DOB/Pan-card-of-Brajmohan_jpeg.rf.49d9134ef5693eb24a9acbdf63b428b3_DOB.jpg,04/03/1990
output/cropped_outputs/DOB/bnw_image_107_jpg.rf.3e2e0d6655dfe01b65b3da51e1361763_DOB.jpg,12/03/1982
output/cropped_outputs/DOB/Sadrudeen-Pan-Card_page-0001_jpg.rf.6b3995a20c79ffccb7b9f378587102f5_DOB.jpg,01/01/2003
output/cropped_outputs/DOB/PAN_Card_20240702_161532818_jpg.rf.084ca1ccc64193b0e5609e8ac7bb6407_DOB.jpg,14/06/1991
output/cropped_outputs/DOB/bc_image_100_jpg.rf.17381cb1cade991c6c262e357d3bdd9e_DOB.jpg,01/01/1994
output/cropped_outputs/DOB/30_jpg.rf.65d043ea1598e70701c58db037b7fec9_DOB.jpg,30/06/1975
output/cropped_outputs/DOB/bnw_image_096_jpg.rf.2cb63db7837cc4de84eb2749beadf786_DOB.jpg,13/06/1988
output/cropped_outputs/DOB/bc_image_024_jpg.rf.b8d250faa31cb24e38a36640ac39897c_DOB.jpg,05/06/1997
output/cropped_outputs/DOB/PAN_Card_20240702_125404493_jpg.rf.930068037ae64849e08927a47c9075c2_DOB.jpg,15/11/1979
output/cropped_outputs/DOB/bc_image_261_jpg.rf.50c7fcc0e19707cb2c22d2677dca6d2c_DOB.jpg,05/04/1979
output/cropped_outputs/DOB/bc_image_091_jpg.rf.d75aa7b723c8c789797fb3bb70311990_DOB.jpg,01/01/2003
output/cropped_outputs/DOB/bc_image_148_jpg.rf.a055e551bf8e07ff7d45233b08846e98_DOB.jpg,01/01/1986
output/cropped_outputs/DOB/Kan-Pan_jpg.rf.d88455fc3df27ce96f5033245660232f_DOB.jpg,01/01/1999
output/cropped_outputs/DOB/bnw_image_076_jpg.rf.3035555db29cf51fb30496c401fe749c_DOB.jpg,01/01/1958
output/cropped_outputs/DOB/Sangita-Pan_page-0001_jpg.rf.520ddd98189939db2f7caebacd9adc19_DOB.jpg,01/01/1991
output/cropped_outputs/DOB/bnw_image_102_jpg.rf.ccb54e06b2419b9d6a11472a4752f783_DOB.jpg,08/08/1986
output/cropped_outputs/DOB/01212121710017_jpg.rf.88f1647cd8d042e4a40ac4602866d7b1_DOB.jpg,02/08/1993
output/cropped_outputs/DOB/Kanta-Pan-Card_jpg.rf.ced47211617588efc53914221ed74a5c_DOB.jpg,01/01/1992
output/cropped_outputs/DOB/PAN_Card_20240702_180812051_jpg.rf.412e5cc254ac636c944c64c3555cfcb0_DOB.jpg,27/02/1994
output/cropped_outputs/DOB/Ashif-PAN_jpeg.rf.39f8e20d53fc7cebd399a0019affeb6e_DOB.jpg,25/05/1988
output/cropped_outputs/DOB/_pan_png.rf.85d0277f0d44e9edfe739b7703e7f0f3_DOB.jpg,13/06/1988
output/cropped_outputs/DOB/bnw_image_224_jpg.rf.d1f50cf525f2db3a605d5fc91af00f05_DOB.jpg,01/01/1946
output/cropped_outputs/DOB/bnw_image_206_jpg.rf.cdb2f99aad7b5b0e33eabc61d91150ce_DOB.jpg,01/01/1997
output/cropped_outputs/DOB/01111534630016_jpg.rf.0d36e1bc00ab1a8a898c81f7326222e4_DOB.jpg,13/08/1991
output/cropped_outputs/DOB/image19_jpeg.rf.f091e96383f4a7f84fcbf54594ac47bc_DOB.jpg,17/04/1999
output/cropped_outputs/DOB/bitthu-pan-card_jpeg.rf.49367faa6900d944a3962e2ca25affbd_DOB.jpg,01/01/1997
output/cropped_outputs/DOB/45_PAN_jpg.rf.0be244b5db658a07c5000d7295529ed1_DOB.jpg,10/09/2001
output/cropped_outputs/DOB/bnw_image_050_jpg.rf.7801f6d1d8ee473c3550c874200d3242_DOB.jpg,19/05/1979
output/cropped_outputs/DOB/bnw_image_102_jpg.rf.65f7334b6a8eb707683a46474e2d4418_DOB.jpg,08/08/1988
output/cropped_outputs/DOB/9a8eeebd-photo_1_2023-07-14_15-45-57_jpg.rf.77bb3aa0e97b21c10af0ff8eb42a8a29_DOB.jpg,05/05/1982
output/cropped_outputs/DOB/bnw_image_223_jpg.rf.6fa715d526f042b0f4e5be39ca9ef981_DOB.jpg,10/08/1988
output/cropped_outputs/DOB/bc_image_054_jpg.rf.36d866115a5173ec3cfc3887163fd5d5_DOB.jpg,01/01/1968
output/cropped_outputs/DOB/24_PAN_jpg.rf.11ee7536870e3254d3997d0112f93e61_DOB.jpg,01/01/1973
output/cropped_outputs/DOB/01214635550018_jpg.rf.36b71de4e254810124f15aef96ed3b09_DOB.jpg,22/01/1982
output/cropped_outputs/DOB/bnw_image_063_jpg.rf.faacba2bddcb007180232499cb3c1876_DOB.jpg,01/01/1988
output/cropped_outputs/DOB/bc_image_014_jpg.rf.6b90e75c6c07be26e67e94cf0610f356_DOB.jpg,01/01/1984
output/cropped_outputs/DOB/bc_image_201_jpg.rf.55140b00661bf090b822475aeac18259_DOB.jpg,08/04/2000
output/cropped_outputs/DOB/bnw_image_007_jpg.rf.48d74d923c22840372cff5a95a969d11_DOB.jpg,05/06/1999
output/cropped_outputs/DOB/bc_image_242_jpg.rf.93f33f0dded7d8a23a7d0461f583405b_DOB.jpg,01/01/2003
output/cropped_outputs/DOB/bc_image_007_jpg.rf.9887ed1e7e5372ef7cccd83c3a3af162_DOB.jpg,05/06/1999
output/cropped_outputs/DOB/bc_image_088_jpg.rf.58ae144950816e650c7727c0403a90df_DOB.jpg,01/01/1985
output/cropped_outputs/DOB/bc_image_052_jpg.rf.0679c0ed2aa64f0a52b087b31f7acb8c_DOB.jpg,01/01/1968
output/cropped_outputs/DOB/PAN_Card_20240702_145310923_jpg.rf.f8cef5a2d5e7f76bf8db2d74d5d16974_DOB.jpg,05/03/1999
output/cropped_outputs/DOB/01452511510013_jpg.rf.8bb59932dddf0f1816c3f3a977ffc438_DOB.jpg,10/02/1997
output/cropped_outputs/DOB/bc_image_176_jpg.rf.5e41d0675c9a5bc35fdeaa64d19e1656_DOB.jpg,01/01/1990
output/cropped_outputs/DOB/1aea9462babd9fb2fd84f7a2f81f5ccf_jpg.rf.fd58674dca2de053c07e8f47174bdb27_DOB.jpg,27/02/2002
output/cropped_outputs/DOB/bc_image_268_jpg.rf.a4981c071f751ea0274d0c0a51484c4d_DOB.jpg,01/07/1986
output/cropped_outputs/DOB/01262414660017_jpg.rf.a983f887f322b5a7f775a73e8e696070_DOB.jpg,05/05/1994
output/cropped_outputs/DOB/bc_image_029_jpg.rf.798f6d2eaa64d59f4c5b4dc148d1d068_DOB.jpg,27/02/2002
output/cropped_outputs/DOB/bc_image_050_jpg.rf.b2cfb32de3f1e5d119907a582204035d_DOB.jpg,19/05/1979
output/cropped_outputs/DOB/bnw_image_236_jpg.rf.881c435a8772c3bb71457c1a73adce35_DOB.jpg,18/04/1993
output/cropped_outputs/DOB/01274722210012_jpg.rf.8d7833bd91a29c12b13e22f8ff67b1ca_DOB.jpg,27/03/1995
output/cropped_outputs/DOB/Samuti-PAN_jpeg.rf.db52b383f5d6fb21ef289b93433706ef_DOB.jpg,15/01/1974
output/cropped_outputs/DOB/PAN_Card_20240703_104029804_jpg.rf.01d6bd2c7fb5c3860c7355766a6cd677_DOB.jpg,02/01/1986
output/cropped_outputs/DOB/RINKU-PAN_page-0001_jpg.rf.6fe70ff03495ee8660ce893153d94e67_DOB.jpg,01/01/1985
output/cropped_outputs/DOB/92_jpg.rf.88c9024864420f2039ed39ef71cb72c4_DOB.jpg,19/05/1979
output/cropped_outputs/DOB/bc_image_149_jpg.rf.94b645192c1de89323c566088fae26c3_DOB.jpg,10/07/1984
output/cropped_outputs/DOB/pan3_png.rf.285870f10fdd9194b21f41069ec70483_DOB.jpg,18/03/1996
output/cropped_outputs/DOB/29_jpg.rf.f7167bd7ed71246517009d02b585d832_DOB.jpg,01/01/1985
output/cropped_outputs/DOB/01214635550018_jpg.rf.9d703cbe98b4be0612e6cf356926b782_DOB.jpg,22/01/1982
output/cropped_outputs/DOB/bnw_image_239_jpg.rf.befb7976a9df5bbc3c99835ab78f9e39_DOB.jpg,01/01/1985
output/cropped_outputs/DOB/Kanta-Pan-Card_jpg.rf.6d42d4372e437ee0ed3d896790275e9c_DOB.jpg,01/01/1992
output/cropped_outputs/DOB/bnw_image_133_jpg.rf.d028ed96728993c20efa430f8eea670e_DOB.jpg,01/01/2001
output/cropped_outputs/DOB/PAN_Card_20240702_102138482_jpg.rf.7cf2bb8045ccf256c811e1af38d7d923_DOB.jpg,10/03/1978
output/cropped_outputs/DOB/Anop-Pan_jpg.rf.aaab6a925ed28361927fd8484424f663_DOB.jpg,01/01/1988
output/cropped_outputs/DOB/PAN_Card_20240702_122454538_jpg.rf.409766680922b6adb2421bfa5d9003c6_DOB.jpg,13/07/1990
output/cropped_outputs/DOB/bnw_image_073_jpg.rf.d07eb8150464ae453e2c6671198807a8_DOB.jpg,01/01/1966
output/cropped_outputs/DOB/01244621130012_jpg.rf.35082fdd8c9a92e63e72612cb11bfcba_DOB.jpg,01/04/1987
output/cropped_outputs/DOB/bc_image_071_jpg.rf.9640c5454919a896d0a0a8eb780f871c_DOB.jpg,01/01/1964
output/cropped_outputs/DOB/Pan-Arti_jpeg.rf.bd291204b46838bd31c07e98e37c5693_DOB.jpg,11/01/1987
output/cropped_outputs/DOB/PAN_Card_20240702_150444965_jpg.rf.2a38db66d096d9675663fd49aff91f13_DOB.jpg,20/07/1966
output/cropped_outputs/DOB/PAN_Card_20240701_205006547_jpg.rf.2187f9a46025361634f5bb53d1d8b7ab_DOB.jpg,15/06/1963
output/cropped_outputs/DOB/bc_image_057_jpg.rf.61423e7c081717d7638fdeff30e8e7e7_DOB.jpg,26/01/1981
output/cropped_outputs/DOB/bc_image_084_jpg.rf.3040b0358eb630bd8fa58adf502932ed_DOB.jpg,23/04/1998
output/cropped_outputs/DOB/01577335720011_jpg.rf.4bf77a0385e0a1ee53d6fe0808d5af77_DOB.jpg,29/10/2002
output/cropped_outputs/DOB/surendra-pan-card_jpg.rf.1dba5f6279cdcc98696e4a56072b8976_DOB.jpg,13/06/1987
output/cropped_outputs/DOB/Dhapu-Pan_page-0001_jpg.rf.1b41df8b90d501ea848cc4829ddfb342_DOB.jpg,01/01/1991
output/cropped_outputs/DOB/bnw_image_151_jpg.rf.146d325af2bc9a04e0172be5823a6a33_DOB.jpg,01/01/1996
output/cropped_outputs/DOB/bnw_image_089_jpg.rf.c6356d2553aab67904180b568f2e5a06_DOB.jpg,29/06/1975
output/cropped_outputs/DOB/bc_image_166_jpg.rf.efa6dcaaff38df1e68ee29cc4431791d_DOB.jpg,20/06/1999
output/cropped_outputs/DOB/bnw_image_028_jpg.rf.7fb47b97def5b547bd1fcde14271dc93_DOB.jpg,01/01/1970
output/cropped_outputs/DOB/bc_image_185_jpg.rf.abce5bb8c409a612e8b6c3e2ee726cfa_DOB.jpg,01/01/1964
output/cropped_outputs/DOB/01274722210012_jpg.rf.d17c322609aaeaa8b8bfdaa32d3a8403_DOB.jpg,27/03/1995
output/cropped_outputs/DOB/01112319790012_jpg.rf.a583b55990b899455483678f7c236c13_DOB.jpg,10/10/1998
output/cropped_outputs/DOB/100_PAN_jpg.rf.ebcf0de1f63534ca3b37f741f835f424_DOB.jpg,14/05/1986
output/cropped_outputs/DOB/Mansingh-Pan-Card_page-0001_jpg.rf.0405d20e4d9c812eeb6de9a535ad6cd4_DOB.jpg,12/01/1992
output/cropped_outputs/DOB/bc_image_263_jpg.rf.c34787619d660e4afff00cd2c53eef5b_DOB.jpg,19/11/1993
output/cropped_outputs/DOB/bc_image_183_jpg.rf.24fc1f1887817b8a45b738a809526e39_DOB.jpg,21/03/1968
output/cropped_outputs/DOB/Jitendra-PAN_page-0001_jpg.rf.112f140517d146ed9d92b62b9aca91b8_DOB.jpg,09/01/1989
output/cropped_outputs/DOB/bc_image_202_jpg.rf.47f8a96762352370f524062a0da292c0_DOB.jpg,01/01/1978
output/cropped_outputs/DOB/sohan-lal-pan-card_page-0001_jpg.rf.d4de77a51f34d79517dd4f28de22c84c_DOB.jpg,01/01/1962
output/cropped_outputs/DOB/bc_image_224_jpg.rf.b7a13f6187afb9f0e7a952b06d89af5a_DOB.jpg,01/01/1946
output/cropped_outputs/DOB/e007179a-58196aadc14229072fe70390_pan_jpg.rf.433194e76be515aaed359f531aae0a3c_DOB.jpg,13/06/1988
output/cropped_outputs/DOB/bc_image_111_jpg.rf.99b542cc7c494a30b8936110879a360d_DOB.jpg,06/09/1994
output/cropped_outputs/DOB/Shabnam-pan_jpeg.rf.0dd15c7379ed288bfa6b1542fe11c6d3_DOB.jpg,10/05/1997
output/cropped_outputs/DOB/pan1_png.rf.6f92d53760ce30856ab97ef9cdd0fc61_DOB.jpg,30/01/1997
output/cropped_outputs/DOB/bnw_image_011_jpg.rf.3f8b6757cd18a7da10b14f3b61012329_DOB.jpg,05/05/1994
output/cropped_outputs/DOB/Antu-Kanwar-Pan-Card_page-0001_jpg.rf.59f34b05f1c83a1ba6388eb81ff365df_DOB.jpg,01/01/1994
output/cropped_outputs/DOB/PAN-Saju_jpeg.rf.d3624d6d60c15a00bd44cbde743d35c6_DOB.jpg,01/01/1987
output/cropped_outputs/DOB/bc_image_117_jpg.rf.e0a56a0fa925ec9256e3f47fa4734396_DOB.jpg,01/08/1972
output/cropped_outputs/DOB/PAN_Card_20240702_151953847_jpg.rf.664427a4afdbd7fdab72376afd8bbbde_DOB.jpg,21/05/1991
output/cropped_outputs/DOB/PAN_Card_20240702_111912125_jpg.rf.06144d5207031d7f4ac57c7d7463d837_DOB.jpg,01/01/1997
output/cropped_outputs/DOB/bc_image_020_jpg.rf.6f228dfc118398b8b7e79f78047b5e94_DOB.jpg,01/06/1985
output/cropped_outputs/DOB/PAN_Card_20240702_154034177_jpg.rf.9351d1d1fc751cc113c913307cb08389_DOB.jpg,19/09/1990
output/cropped_outputs/DOB/bnw_image_226_jpg.rf.63def882d5820bac338953f27fa4c585_DOB.jpg,01/01/1986
output/cropped_outputs/DOB/bnw_image_174_jpg.rf.5046df0be9ae14e6e2b28e395a23fb39_DOB.jpg,04/03/1998
output/cropped_outputs/DOB/Rewant-Ram-Pan-Card_jpg.rf.ed68a608f57f5eee4b78c67cadca7c06_DOB.jpg,20/07/1985
output/cropped_outputs/DOB/bc_image_171_jpg.rf.066170999849ae42e1606e7e172f7df7_DOB.jpg,01/01/1963
output/cropped_outputs/DOB/bnw_image_037_jpg.rf.3ff6a1f4f73be432bf5e6bf94f7dc7ce_DOB.jpg,25/06/1981
output/cropped_outputs/DOB/bnw_image_130_jpg.rf.748e774e23e9001a16ea6da8d3cb2958_DOB.jpg,01/01/1973
output/cropped_outputs/DOB/bc_image_232_jpg.rf.1903ac5cdfdd1f92b0f79ec381839d01_DOB.jpg,25/06/1993
output/cropped_outputs/DOB/bc_image_187_jpg.rf.508d1d1b7a6212d4e11892cdca331183_DOB.jpg,22/10/1990
output/cropped_outputs/DOB/bnw_image_177_jpg.rf.f1b61d466b38c3db423ae040b0a63bd6_DOB.jpg,17/07/1977
output/cropped_outputs/DOB/GTR_Pan_jpg.rf.74260f31d08bde0cfc4924fcc737460f_DOB.jpg,06/09/1994
output/cropped_outputs/DOB/bc_image_177_jpg.rf.41d1901d10d8891cf3e35533b5c63e23_DOB.jpg,17/07/1977
output/cropped_outputs/DOB/bc_image_074_jpg.rf.360aa995ed693ccc8874c2c133e2b1ff_DOB.jpg,01/01/1966
output/cropped_outputs/DOB/bc_image_068_jpg.rf.2e4f23e229e2becaf46010284db635dd_DOB.jpg,28/06/1999
output/cropped_outputs/DOB/30_jpg.rf.54cb9835b1fbcb453cbe168798440f62_DOB.jpg,30/06/1975
output/cropped_outputs/DOB/bc_image_130_jpg.rf.bd658072e9ad693e5efc423734658147_DOB.jpg,01/01/1973
output/cropped_outputs/DOB/bc_image_204_jpg.rf.b4a93ac0995815e50c43a6938a5dcd9e_DOB.jpg,26/02/1981
output/cropped_outputs/DOB/bnw_image_118_jpg.rf.6bb4e2d30287680c68dcd21dab7cf23b_DOB.jpg,01/08/1972
output/cropped_outputs/DOB/01263124150013_jpg.rf.7beaf57bad03c3e6761bb1406394998c_DOB.jpg,24/05/1998
output/cropped_outputs/DOB/Babulal-PAN_page-0001_jpg.rf.3bd1a283d171071440399db84378d887_DOB.jpg,01/01/1964
output/cropped_outputs/DOB/bc_image_264_jpg.rf.a66df655012ab1eed1e45df2b7c58bc6_DOB.jpg,01/01/1969
output/cropped_outputs/DOB/bc_image_206_jpg.rf.9aac2084c5d629fac1c8733450feb202_DOB.jpg,01/01/1997
output/cropped_outputs/DOB/Panna_Pan_jpg.rf.9a113edfda9f332130426175754cc9ed_DOB.jpg,05/03/1979
output/cropped_outputs/DOB/bnw_image_259_jpg.rf.ffd3907dda484b5253765c8f752388ff_DOB.jpg,21/07/1990
output/cropped_outputs/DOB/bc_image_144_jpg.rf.708b74e1fbed53c9c4c5abc57d2e18dd_DOB.jpg,01/01/1989
output/cropped_outputs/DOB/bnw_image_167_jpg.rf.7eb101ab9acc38151b017746a0220adc_DOB.jpg,04/03/1990
output/cropped_outputs/DOB/bnw_image_099_jpg.rf.f680bb8210a92ab920629a623febbad2_DOB.jpg,01/01/1994
output/cropped_outputs/DOB/bc_image_078_jpg.rf.92490755dc24f7b8182be3eb4dc44ca5_DOB.jpg,05/11/1983
output/cropped_outputs/DOB/01651626160011_jpg.rf.1adfca3c813061f0432f039a61a11fd2_DOB.jpg,10/09/1986
output/cropped_outputs/DOB/Sushila-Pan_jpg.rf.eb40835e6d97586200d2f3033587379f_DOB.jpg,01/01/1969
output/cropped_outputs/DOB/01261443750015_jpg.rf.00f57fd4825a6824a60c2b12dc4534c0_DOB.jpg,05/05/1991
output/cropped_outputs/DOB/bnw_image_049_jpg.rf.55d76bbde776cd9e7ab1fa6ee4772976_DOB.jpg,06/07/1992 
output/cropped_outputs/DOB/97_PAN_jpg.rf.fe4373d2556b7f26d3684af9669de105_DOB.jpg,14/05/1986
output/cropped_outputs/DOB/PAN_Card_20240702_151953847_jpg.rf.a217bce79cc2b3191a2906036d609911_DOB.jpg,21/05/1991
output/cropped_outputs/DOB/bnw_image_206_jpg.rf.db64538d57a6cf38c97e9d15983ada8a_DOB.jpg,01/01/1997
output/cropped_outputs/DOB/bc_image_128_jpg.rf.0a252bead4d97770ab97ea0fc27a5f0b_DOB.jpg,01/01/1992
output/cropped_outputs/DOB/01452511510013_jpg.rf.858300272dfcb11e726a6799c5a06598_DOB.jpg,10/02/1997
output/cropped_outputs/DOB/bc_image_179_jpg.rf.c3d3a62c93e5ffdf6176c0d18c62a931_DOB.jpg,01/01/1991
output/cropped_outputs/DOB/63_jpg.rf.dce74d5d5a78f81fa39fb5c3f35ec50a_DOB.jpg,28/03/1999
output/cropped_outputs/DOB/bc_image_157_jpg.rf.9f326d7b70de1eb14182b401169e1cd7_DOB.jpg,27/12/1975
output/cropped_outputs/DOB/bnw_image_128_jpg.rf.8b85481fbd31da0265904c71829ae3e1_DOB.jpg,01/01/1992
output/cropped_outputs/DOB/bnw_image_047_jpg.rf.1d789d90ce8389ec27ff0fefc0efbc47_DOB.jpg,05/08/1996
output/cropped_outputs/DOB/Trust-PAN_jpeg.rf.122f317ec0c60f11488d0ffafb1fb02f_DOB.jpg,01/11/2006
output/cropped_outputs/DOB/bc_image_252_jpg.rf.10714d945d7b97d6b81d42397ce3d4c5_DOB.jpg,01/01/1978
output/cropped_outputs/DOB/bnw_image_002_jpg.rf.2a8d91f8c00f2a60b6eff683e804e1ef_DOB.jpg,27/10/1988
output/cropped_outputs/DOB/bc_image_178_jpg.rf.1ea5184c0a4aa2db8000c24558014402_DOB.jpg,24/12/1990
output/cropped_outputs/DOB/Sonia-PAN_jpeg.rf.70e5baf766f0ad49ddea6aa820c6829a_DOB.jpg,21/07/1990
output/cropped_outputs/DOB/bnw_image_171_jpg.rf.1818df37009a5ea5e85709d1a3abc8a1_DOB.jpg,01/01/1963
output/cropped_outputs/DOB/Chirag-Pan_jpeg.rf.83d6b09ff96426e013244ce471a16c19_DOB.jpg,23/04/1998
output/cropped_outputs/DOB/bc_image_063_jpg.rf.013c26c3e242a8e66899e1bd330c1565_DOB.jpg,01/01/1988
output/cropped_outputs/DOB/Sonia-PAN_jpeg.rf.90b660c2ba01f98c1b10609aea8b647b_DOB.jpg,21/07/1990
output/cropped_outputs/DOB/bnw_image_189_jpg.rf.11696221c627be83e1c148915ea969bd_DOB.jpg,18/03/1996
output/cropped_outputs/DOB/01213346260037_jpg.rf.e1a846ed4b7022a981eab5a4eebba11e_DOB.jpg,06/10/1986
output/cropped_outputs/DOB/01251136330013_jpg.rf.df60e09ac23d8c60545c293c87f02254_DOB.jpg,19/06/1988
output/cropped_outputs/DOB/bc_image_091_jpg.rf.bc77cf06157dfef82a723784f69e773c_DOB.jpg,01/01/2003
output/cropped_outputs/DOB/12_PAN_jpg.rf.08708e9e9276e2265bc3fa71edd0c163_DOB.jpg,02/06/1990
output/cropped_outputs/DOB/bnw_image_132_jpg.rf.f07aa62e1db39c0ee851a253b2698fa6_DOB.jpg,01/12/1976
output/cropped_outputs/DOB/bc_image_101_jpg.rf.9b7434dc3fb290ea60ad45ba9ed69a2f_DOB.jpg,01/01/1985
output/cropped_outputs/DOB/bnw_image_262_jpg.rf.1ed62eba88bc9af8b171baab7cedfe8d_DOB.jpg,13/06/1987
output/cropped_outputs/DOB/7780308718_jpg.rf.bbdf2b647ee42e5cc4967342a28823f3_DOB.jpg,04/11/1998
output/cropped_outputs/DOB/PAN_Card_20240702_154034177_jpg.rf.4e2bfca97d14f0d746cd6aaa73ec483d_DOB.jpg,19/09/1990
output/cropped_outputs/DOB/bnw_image_234_jpg.rf.a481624105b7265ec36aea84b0f6de08_DOB.jpg,04/02/1995
output/cropped_outputs/DOB/Panna_Pan_jpg.rf.1cacbd400e9d170e4f465388dad104cb_DOB.jpg,05/03/1979
output/cropped_outputs/DOB/PAN_Card_20240701_190503704_jpg.rf.0b5cb95d9296206b819eeed49184b9c6_DOB.jpg,01/04/1990
output/cropped_outputs/DOB/PAN_Card_20240703_104029804_jpg.rf.44b41971d697cfe8d7d68edc838a32bb_DOB.jpg,02/10/1986
output/cropped_outputs/DOB/PAN_Card_20240701_203515260_jpg.rf.3291a53659cfdbccd76ee5a181353efc_DOB.jpg,26/02/1981
output/cropped_outputs/DOB/bnw_image_167_jpg.rf.e6c0735fbe41b43c8ba837070c196e0b_DOB.jpg,04/03/1990
output/cropped_outputs/DOB/bc_image_049_jpg.rf.161e6d0d74bd9ac8952e33ebe5aa341c_DOB.jpg,06/07/1992
output/cropped_outputs/DOB/bnw_image_041_jpg.rf.3c7f86272c2954ec8f9d27163f0cf272_DOB.jpg,28/03/1999
output/cropped_outputs/DOB/bc_image_155_jpg.rf.8f32703fcff7bc73d99b6e6f9dfd44b1_DOB.jpg,14/01/2000
output/cropped_outputs/DOB/1000093608-UNITED-PAN-1_jpg.rf.2e91cb918490e6af4c5075515226e23a_DOB.jpg,29/01/2000
output/cropped_outputs/DOB/bc_image_020_jpg.rf.d12c1777b59fae6e76f2b8a6adb7f43d_DOB.jpg,01/06/1985
output/cropped_outputs/DOB/01125713540016_jpg.rf.bcdc3ebe187640823f1887ae2016945c_DOB.jpg,01/01/1996
output/cropped_outputs/DOB/Ratan-PAN_jpg.rf.38392fcc618817159a615a4eeaae1aae_DOB.jpg,08/04/1996
output/cropped_outputs/DOB/97_jpg.rf.dfccf5461f3f534561e04d4367bfd2b7_DOB.jpg,14/05/1986
output/cropped_outputs/DOB/PAN-Saju_jpeg.rf.da162cd470212dbdc19302adf5733ff3_DOB.jpg,01/01/1987
output/cropped_outputs/DOB/bc_image_251_jpg.rf.9d0bc0bc6cad7f9cda8c73a25e4dbcc6_DOB.jpg,07/08/1993
output/cropped_outputs/DOB/bc_image_072_jpg.rf.3fd141bbccc71b8f716b3df5052c3f83_DOB.jpg,04/09/1992
output/cropped_outputs/DOB/bnw_image_063_jpg.rf.683ffed0b905495db9538004e08738e8_DOB.jpg,01/01/1988
output/cropped_outputs/DOB/bc_image_164_jpg.rf.8507924a03171601a33d7a4ce833f454_DOB.jpg,05/10/1999
output/cropped_outputs/DOB/bc_image_051_jpg.rf.5a69db8f4768aba9e06ee565432752d7_DOB.jpg,14/05/1986
output/cropped_outputs/DOB/29_jpg.rf.6f7bd3348ac5d7a5234708e06a6a3e8f_DOB.jpg,01/01/1985
output/cropped_outputs/DOB/bnw_image_099_jpg.rf.edc72c6af14fa63e3f072069be829b0c_DOB.jpg,01/01/1994
output/cropped_outputs/DOB/pan2_png.rf.946f2d38711504ed142c7ed6370842ae_DOB.jpg,13/09/1996
output/cropped_outputs/DOB/0721a014-imgtopdf_generated_2508201310016_page-29_jpg.rf.dd71f53892e144a0114ac951f67ac0f4_DOB.jpg,01/06/1999
output/cropped_outputs/DOB/bc_image_139_jpg.rf.44794ce820cafe072ba6efb0d9ba1d55_DOB.jpg,25/05/1959
output/cropped_outputs/DOB/bc_image_134_jpg.rf.fc5eac515096822cd4e574d57648b30b_DOB.jpg,01/01/1969
output/cropped_outputs/DOB/bnw_image_095_jpg.rf.3c03c4433d59e29a1e63d3976b08a3ed_DOB.jpg,01/01/1985
output/cropped_outputs/DOB/01151242750019_jpg.rf.16293cb632840450a9471555c11d60ca_DOB.jpg,17/02/1995
output/cropped_outputs/DOB/bnw_image_071_jpg.rf.db773accc3816601f7a12053da9f16b7_DOB.jpg,01/01/1964
output/cropped_outputs/DOB/bc_image_125_jpg.rf.9f58cfd64d25622bb9c4152c5ed1dbd2_DOB.jpg,01/01/1993
output/cropped_outputs/DOB/101_PAN_jpg.rf.30cd4485d92adf1850eefbf82a352785_DOB.jpg,16/07/1986
output/cropped_outputs/DOB/RINKU-PAN_page-0001_jpg.rf.3f271965b3f1c729c42ef127d018d86d_DOB.jpg,01/01/1985
output/cropped_outputs/DOB/01245671710014_jpg.rf.9a8f7728c4e834503e07330275e311c1_DOB.jpg,20/07/1988
output/cropped_outputs/DOB/01244621130012_jpg.rf.3a20a339712c0068d5b95526e089c687_DOB.jpg,01/04/1987
output/cropped_outputs/DOB/20_PAN_jpg.rf.55d8414f834d0e847b9b4ccdf7f8949a_DOB.jpg,03/04/1994
output/cropped_outputs/DOB/01577523110010_jpg.rf.a72df353869cc0ae75476501dadb0382_DOB.jpg,05/11/1985
output/cropped_outputs/DOB/bnw_image_012_jpg.rf.1b137898818a09f254a1c9b4b3035709_DOB.jpg,24/05/1998
output/cropped_outputs/DOB/bc_image_222_jpg.rf.7724bbe444f0773ffb50f96b796eeaaf_DOB.jpg,01/01/1995
output/cropped_outputs/DOB/PAN-Deepak-Swami_page-0001_jpg.rf.f523caa5ce1dd9fb8abc072f80929be2_DOB.jpg,24/12/1990
output/cropped_outputs/DOB/bc_image_135_jpg.rf.90f2e39baa44cc1b42b283f666bed3fe_DOB.jpg,01/01/1985
output/cropped_outputs/DOB/PAN_Card_20240702_170651139_jpg.rf.95a3cc4ed797775fdfd948f55d146fe5_DOB.jpg,15/03/1987
output/cropped_outputs/DOB/01611485750018_jpg.rf.fec745eb8df70d2e83fa03b27711c3b8_DOB.jpg,03/08/1983
output/cropped_outputs/DOB/bc_image_026_jpg.rf.721e2779d41bee6277071f04c1d44979_DOB.jpg,16/04/1995
output/cropped_outputs/DOB/bnw_image_113_jpg.rf.2156d7709a5d5f2463815636e8e629d5_DOB.jpg,01/01/1961
output/cropped_outputs/DOB/bnw_image_117_jpg.rf.4d947c0d0778be6f613480c592ebeec5_DOB.jpg,01/08/1972
output/cropped_outputs/DOB/bnw_image_034_jpg.rf.50f6ea0daeb7f6e87c2494f56056c22c_DOB.jpg,03/04/1994
output/cropped_outputs/DOB/01215352310017_jpg.rf.e73d321863e656403f42d07f2da14995_DOB.jpg,15/03/1996
output/cropped_outputs/DOB/PAN-BALRAM_jpg.rf.e2dd4040530ef083becb940bbfb99ef4_DOB.jpg,05/10/1999
output/cropped_outputs/DOB/bnw_image_232_jpg.rf.cafc6dc9ac3a8518ac09ad00e785b0a6_DOB.jpg,25/06/1993
output/cropped_outputs/DOB/01577523110010_jpg.rf.b56fa33ccfbf128941972a50737acd70_DOB.jpg,05/11/1985
output/cropped_outputs/DOB/Pramila-PAN_jpeg.rf.d03ec21181cb0058ec9690b8b5a699be_DOB.jpg,01/01/1995
output/cropped_outputs/DOB/01452511510013_jpg.rf.e65a39ffdffde3f783211749ed812c77_DOB.jpg,10/02/1997
output/cropped_outputs/DOB/01215352310017_jpg.rf.2cd063e78cfd7735c886809dd9f78813_DOB.jpg,15/03/1996
output/cropped_outputs/DOB/01335435330017_jpg.rf.aff1e0b0bf758fc1ef05726fb2e4f60e_DOB.jpg,02/10/1995
output/cropped_outputs/DOB/bc_image_199_jpg.rf.03645b612e3c1f80162e33da272daf48_DOB.jpg,05/03/1979
output/cropped_outputs/DOB/bnw_image_243_jpg.rf.a43a2b6a95b051d9c0d80f39d0562476_DOB.jpg,27/01/1978
output/cropped_outputs/DOB/bc_image_087_jpg.rf.3749a8d81c61e350f0db7a84bb1f9652_DOB.jpg,01/01/1986
output/cropped_outputs/DOB/bc_image_114_jpg.rf.f8807080064f93f9fc5bb2e981708b84_DOB.jpg,29/12/1960
output/cropped_outputs/DOB/PAN_Card_20240701_184004436_jpg.rf.e60b1d12b46f8682473cc7ed9e71945f_DOB.jpg,01/01/1978
output/cropped_outputs/DOB/46_PAN_jpg.rf.488543a6ed33136d029a587ff568f838_DOB.jpg,28/02/1991
output/cropped_outputs/DOB/bc_image_005_jpg.rf.6c154634192eadc21f287836c3a9ffd5_DOB.jpg,22/01/1982
output/cropped_outputs/DOB/bc_image_214_jpg.rf.84e417ec9259b7fead1b49d086946fed_DOB.jpg,29/06/1975
output/cropped_outputs/DOB/App_-Anandaraj-Pan-Card-1-_page-0001_jpg.rf.8351b36387113997aef481209ce03a4d_DOB.jpg,01/01/1984
output/cropped_outputs/DOB/bnw_image_190_jpg.rf.762a0de4bcf4ee0fb197801ccb086bdf_DOB.jpg,06/02/1964
output/cropped_outputs/DOB/7780308718_jpg.rf.4b5938c5e5cf1974e031752349f734ed_DOB.jpg,04/11/1998
output/cropped_outputs/DOB/17_jpg.rf.3b021c55ea642b6cc8280f5fc94ca55e_DOB.jpg,15/08/1991
output/cropped_outputs/DOB/PAN_Card_20240701_181008420_jpg.rf.299e2febc073ea619bc862d0207d1092_DOB.jpg,04/12/1978
output/cropped_outputs/DOB/bc_image_133_jpg.rf.0ea3c82e6a3e3e0b0a2418d9c8741974_DOB.jpg,01/01/2001
output/cropped_outputs/DOB/bnw_image_159_jpg.rf.636d936d58cf8773dbf6e05855f81449_DOB.jpg,08/10/1980
output/cropped_outputs/DOB/bnw_image_222_jpg.rf.61318bbed6c532da61c0c9cccfa76954_DOB.jpg,01/01/1995
output/cropped_outputs/DOB/Co-applicant-pan-adhar_page-0004_jpg.rf.442cb0b9a73bd9823975e116908c135e_DOB.jpg,12/08/2001
output/cropped_outputs/DOB/80db6ff7-imgtopdf_generated_2208201757059_page-76_jpg.rf.bb4637905c625ed1874d91146c33f9ea_DOB.jpg,05/09/1996
output/cropped_outputs/DOB/bc_image_205_jpg.rf.1d525fc664f257268862afae02952f7d_DOB.jpg,12/06/1986
output/cropped_outputs/DOB/punus-ali-aadhar-pan-_page-0003_jpg.rf.2512e40fb2d53563679314a68816ebff_DOB.jpg,01/01/1986
output/cropped_outputs/DOB/bc_image_121_jpg.rf.9190dacc95c09b0cc3dd0e3d199f169e_DOB.jpg,15/07/1993
output/cropped_outputs/DOB/bc_image_112_jpg.rf.d46b68f0f7005b39cc84d0a168105807_DOB.jpg,13/04/1997
output/cropped_outputs/DOB/IMG-20240224-WA0011_jpg.rf.279b064fbe15c50bca5cd825c6e2a60e_DOB.jpg,08/06/2003
output/cropped_outputs/DOB/bc_image_062_jpg.rf.092130e43be70d56270abfdd439a460a_DOB.jpg,27/01/2004
output/cropped_outputs/DOB/61_PAN_jpg.rf.abb47a17026d04042c8753b2f83f7eb5_DOB.jpg,09/06/1961
output/cropped_outputs/DOB/SUKUMAR-PAN_page-0001_jpg.rf.7854c433e0714879dfe57e70675db993_DOB.jpg,05/04/1979
output/cropped_outputs/DOB/bc_image_209_jpg.rf.b34912427a0c4d0036ab09c14a8ddd90_DOB.jpg,15/03/1987
output/cropped_outputs/DOB/bc_image_047_jpg.rf.022c38ca8675b53ef178d6a26f937621_DOB.jpg,05/09/1995
output/cropped_outputs/DOB/bnw_image_233_jpg.rf.ab9f2c58eee6e48c45a3bf38938a62bb_DOB.jpg,09/09/1995
output/cropped_outputs/DOB/bc_image_093_jpg.rf.b78e1db607ff9b6ee640145cb668da1b_DOB.jpg,01/01/1991
output/cropped_outputs/DOB/PAN_Card_20240701_174646462_jpg.rf.09bdee3208c76439ef99f45efad7c7f7_DOB.jpg,22/04/1996
output/cropped_outputs/DOB/bnw_image_220_jpg.rf.0c9dfd1f7657798f1d4169f96499caee_DOB.jpg,01/01/1971
output/cropped_outputs/DOB/PAN_Card_20240702_172120999_jpg.rf.159ab402326cc654a77dd3c4b22e70cb_DOB.jpg,15/12/1984
output/cropped_outputs/DOB/01215317330013_jpg.rf.7e447e803d4d2a89694188e5f23e2c40_DOB.jpg,12/10/1990
output/cropped_outputs/DOB/bc_image_214_jpg.rf.61d878f6d5fe048761085fda7e28ba96_DOB.jpg,29/06/1975
output/cropped_outputs/DOB/35_PAN_jpg.rf.b1ab408c67123c571a4f9737887c8418_DOB.jpg,11/05/1996
output/cropped_outputs/DOB/10_PAN_jpg.rf.79178a13bf1391da4fc60ccd486a13f1_DOB.jpg,01/01/1984
output/cropped_outputs/DOB/bc_image_180_jpg.rf.aba518097ad92fa3e6918ccf5af0bf67_DOB.jpg,12/07/1980
output/cropped_outputs/DOB/bnw_image_205_jpg.rf.0317bacf321d153b380410020e7ce9e1_DOB.jpg,12/06/1986
output/cropped_outputs/DOB/Aichuki-Pan-Card_page-0001_jpg.rf.8dbe34e66ee9b0905bad59df8fe5c44f_DOB.jpg,01/01/1975
output/cropped_outputs/DOB/Ganga_Pan_jpg.rf.112bd1a30648fbfb94750125ba373584_DOB.jpg,05/04/1987
output/cropped_outputs/DOB/bc_image_045_jpg.rf.a9c1886af9f3ab34bebe51896459a39e_DOB.jpg,27/09/1989
output/cropped_outputs/DOB/bc_image_120_jpg.rf.d34727e5b279b3d7b7ec58c36663fc36_DOB.jpg,09/01/1989
output/cropped_outputs/DOB/bnw_image_237_jpg.rf.71e870c3774d0b2fd393dd7397145dd9_DOB.jpg,08/04/1996
output/cropped_outputs/DOB/29_jpg.rf.ec812719fae903072ac879eafeb155dd_DOB.jpg,01/01/1985
output/cropped_outputs/DOB/bnw_image_097_jpg.rf.13a7105174977e7cb077cc3219b3954f_DOB.jpg,20/03/1979
output/cropped_outputs/DOB/bc_image_024_jpg.rf.5013b792c1a8558a3209df8465bf8f37_DOB.jpg,05/06/1997
output/cropped_outputs/DOB/My-new-pan-card-1-_page-0001_jpg.rf.c604f7cdbf4578f1b8b3bd5226b050c1_DOB.jpg,14/01/2005
output/cropped_outputs/DOB/MAYA-PAN_page-0001_jpg.rf.bd4842f1642cfaf6e23e673144229fca_DOB.jpg,01/01/1996
output/cropped_outputs/DOB/hamji-rawat-pAn-card_page-0001_jpg.rf.08d283c69a657a373877ce43dd44f8f6_DOB.jpg,29/12/1960
output/cropped_outputs/DOB/bnw_image_144_jpg.rf.bff5cc1b81d098a9398c07d726ead337_DOB.jpg,01/01/1989
output/cropped_outputs/DOB/SUKUMAR-PAN_page-0001_jpg.rf.775b9e897941fa17836189e546357099_DOB.jpg,05/04/1979
output/cropped_outputs/DOB/bc_image_204_jpg.rf.6f0dcb51d308ef808b9ed159a767c144_DOB.jpg,26/02/1981
output/cropped_outputs/DOB/bc_image_008_jpg.rf.379310ec6981d74471aee8ac571ba809_DOB.jpg,18/01/2000
output/cropped_outputs/DOB/PAN_raju-Joshi_page-0001_jpg.rf.b694bf3cb4e5f9363738dbdc55d6c87d_DOB.jpg,29/06/1975
output/cropped_outputs/DOB/67_jpg.rf.a02e938c4727e7c524d50444854da598_DOB.jpg,07/08/1993
output/cropped_outputs/DOB/bc_image_220_jpg.rf.862223a4ffd6104afdf88af2190a07ce_DOB.jpg,01/01/1971
output/cropped_outputs/DOB/bc_image_011_jpg.rf.56115893c9353ca967cef1443199137c_DOB.jpg,05/05/1994
output/cropped_outputs/DOB/29_jpg.rf.00c08977af51f47282af3d57cefbbf65_DOB.jpg,01/01/1985
output/cropped_outputs/DOB/01213346260037_jpg.rf.57dd6f567cb00ae43905b7402863503a_DOB.jpg,06/10/1986
output/cropped_outputs/DOB/bc_image_186_jpg.rf.72f0f026d2089d1ebc4ebdd7e4570c6c_DOB.jpg,05/01/1989
output/cropped_outputs/DOB/bc_image_099_jpg.rf.cd28127c051112a39adf7677d6f6479e_DOB.jpg,01/01/1994
output/cropped_outputs/DOB/bnw_image_120_jpg.rf.01214669ccfa4dbc6198fe646c139cd5_DOB.jpg,09/01/1989
output/cropped_outputs/DOB/pushpa-pAn-card_page-0001_jpg.rf.2651a69d9521e0404b364a8b752d2039_DOB.jpg,05/01/1990
output/cropped_outputs/DOB/bc_image_015_jpg.rf.00765554437b51047853e2371e604b77_DOB.jpg,10/02/1997
output/cropped_outputs/DOB/PAN_Card_20240702_144026812_jpg.rf.4ed3ef65379677b053441cce0acfe2c5_DOB.jpg,29/05/1984
output/cropped_outputs/DOB/bnw_image_203_jpg.rf.9ff8ca3e32e68ebb2c324160660f1dcb_DOB.jpg,21/03/2001
output/cropped_outputs/DOB/Manjula-Devi-Pancard_jpeg.rf.02a1e9b5cb82ba11a8c0743fb7b2ac82_DOB.jpg,01/01/1986
output/cropped_outputs/DOB/cba40b81-photo_4_2023-07-14_15-44-52_jpg.rf.f80cf6d1ae0c38b8dcec76ce3534da8a_DOB.jpg,11/04/1999
output/cropped_outputs/DOB/bnw_image_132_jpg.rf.e978bfd5e51dfc5efb6e8c9a5e1787a3_DOB.jpg,01/12/1976
output/cropped_outputs/DOB/01338208270013_jpg.rf.4f66dc0942149328b234cfe54b1d75bf_DOB.jpg,08/04/1983
output/cropped_outputs/DOB/bnw_image_185_jpg.rf.72bfacd9606c71a420eb39208cd88784_DOB.jpg,01/01/1964
output/cropped_outputs/DOB/PAN_Card_20240701_184004436_jpg.rf.0168bdee4a60c5d257ebada414f27765_DOB.jpg,01/01/1978
output/cropped_outputs/DOB/27_PAN_jpg.rf.cb2079b1a0beaa27ee753d2ff64227df_DOB.jpg,15/07/1983
output/cropped_outputs/DOB/PAN_Card_20240702_121814233_jpg.rf.65e110beb5bb34f005e927535d3092c7_DOB.jpg,12/06/1985
output/cropped_outputs/DOB/bc_image_019_jpg.rf.290904dc66e4e3f18c35b5e758e3adb3_DOB.jpg,08/03/1988
output/cropped_outputs/DOB/24_PAN_jpg.rf.8b5132ec9bdc0fb8c3ff92186e0bbb29_DOB.jpg,01/01/1973
output/cropped_outputs/DOB/bnw_image_178_jpg.rf.9cf5179838ea2383ac73c306d4de28f2_DOB.jpg,24/12/1990
output/cropped_outputs/DOB/gaurnator-pan-card_jpg.rf.a44c402a3d1abf5e750de92afcc7de94_DOB.jpg,08/08/1988
output/cropped_outputs/DOB/bc_image_267_jpg.rf.14f91f88e93ef6af09930aeb113c1238_DOB.jpg,10/05/1992
output/cropped_outputs/DOB/27_PAN_jpg.rf.b2017e872cf61f8f9160071efe0b8cec_DOB.jpg,15/07/1983
output/cropped_outputs/DOB/bc_image_069_jpg.rf.69c843eb7fd412c966952dd0fba52dd5_DOB.jpg,01/01/1972
output/cropped_outputs/DOB/bnw_image_129_jpg.rf.ac58855bf45ea0882567dea6982d96d7_DOB.jpg,06/09/1977
output/cropped_outputs/DOB/ram-nivas-pan-card_jpg.rf.ea1ae4b22474c24212ed21f15517d6aa_DOB.jpg,04/02/1995
output/cropped_outputs/DOB/bnw_image_242_jpg.rf.7ee57634e6a74c16bf24b608df98498a_DOB.jpg,01/01/2003
output/cropped_outputs/DOB/ram-nivas-pan-card_jpg.rf.e7f769e9aff91f9d3fb92fae177f556d_DOB.jpg,04/02/1995
output/cropped_outputs/DOB/CoApp-Pan-Card_jpeg.rf.7dc798eda0538533504a0eeae462bf39_DOB.jpg,04/08/1986
output/cropped_outputs/DOB/bnw_image_055_jpg.rf.660911497a4f607390a18ebe606c9e9a_DOB.jpg,01/01/1975
output/cropped_outputs/DOB/bc_image_200_jpg.rf.ee598dd00a1fe8dd38cd5eaaaf86477e_DOB.jpg,10/04/1966
output/cropped_outputs/DOB/bnw_image_007_jpg.rf.2d16ef5e07da8bbe009696018fc81e6c_DOB.jpg,05/06/1999
output/cropped_outputs/DOB/01341463450015_jpg.rf.5b9381c7c43e3b0535ca3f42a99d8059_DOB.jpg,05/03/1992
output/cropped_outputs/DOB/Anil_Pan_jpg.rf.0383bcf190b250df491417e7dd2e4a73_DOB.jpg,26/01/1981
output/cropped_outputs/DOB/bnw_image_027_jpg.rf.10c1c0361d39f0dfa5670d4c074050c6_DOB.jpg,18/08/1984
output/cropped_outputs/DOB/pan-card-of-jamuna_page-0001_jpg.rf.4a6a9a5293895e078f18197c19f5d5cf_DOB.jpg,05/06/1978
output/cropped_outputs/DOB/01125761720016_jpg.rf.4d19ae88975945e5a4f11ce18085bb77_DOB.jpg,30/07/1989
output/cropped_outputs/Name/bc_image_224_jpg.rf.b7a13f6187afb9f0e7a952b06d89af5a_Name.jpg,PREM DEVI NAI
output/cropped_outputs/Name/70_PAN_jpg.rf.153b191cd63d2ff54a9a896273d6b8f7_Name.jpg,A MOHAMED SAIFUDEEN
output/cropped_outputs/Name/bnw_image_238_jpg.rf.481afc9f6a5b0aec056969a88eae7796_Name.jpg,REVANT RAM AACHARI
output/cropped_outputs/Name/01577335720011_jpg.rf.ee5db52dd037edb04a8679c23147c352_Name.jpg,MD NAHID AHMED
output/cropped_outputs/Name/bc_image_238_jpg.rf.55a378b602c06eaf0f8e4ac1f8bbaa0e_Name.jpg,REVANT RAM AACHARI
output/cropped_outputs/Name/GTR_Pan_jpg.rf.74260f31d08bde0cfc4924fcc737460f_Name.jpg,ARVIND KUMAR PRAJAPAT
output/cropped_outputs/Name/bnw_image_166_jpg.rf.a9efa29e5cfc7b4c5ec8547a0078c784_Name.jpg,MANOJ KUMAR
output/cropped_outputs/Name/bnw_image_012_jpg.rf.41bdca8fc7f2637eec722f98e67b3362_Name.jpg,RAJNISH KUMAR MISHRA
output/cropped_outputs/Name/01243337570010_jpg.rf.7a098b21974bca2551abefeadec66a5b_Name.jpg,NARUGOPAL KAR
output/cropped_outputs/Name/bc_image_041_jpg.rf.e7073942280a25cd0edc718574256c73_Name.jpg,MAKARAND PRAKASH GARATE
output/cropped_outputs/Name/bc_image_090_jpg.rf.7f849aecb4e07c765dc984679cb1d561_Name.jpg,JOSHI SAURABH RAJENDRA
output/cropped_outputs/Name/Ajit-Kumar-Banjara-Pan-Card_JPG.rf.3613439895eb3af66b5778da65f25a4e_Name.jpg,Ajit Kumar Banjara
output/cropped_outputs/Name/bc_image_222_jpg.rf.5d4b51009fb93311ec2e07970f60a616_Name.jpg,PRAMILA PATEL
output/cropped_outputs/Name/13_PAN_jpg.rf.3d85b9e84bcba45f6293f80657eb55d7_Name.jpg,TAHZEEN
output/cropped_outputs/Name/Neetu-PAN_jpeg.rf.2b1543065e2e911080bbb8ae225b5d04_Name.jpg,NEETU MEENA
output/cropped_outputs/Name/bc_image_141_jpg.rf.cbf1e6902da15c0782b31c4d45ff92d2_Name.jpg,MAMTA PANDYA
output/cropped_outputs/Name/bnw_image_145_jpg.rf.9f9408eff3ee42912358ce28071f6c05_Name.jpg,MANILAL PRAJAPAT
output/cropped_outputs/Name/bnw_image_024_jpg.rf.e38f38ab55cd03836ccc41f0e464739c_Name.jpg,TAHZEEN
output/cropped_outputs/Name/bnw_image_057_jpg.rf.98a2583e209b439f6c1a407136e1c7b1_Name.jpg,ANIL LAVJI RAO
output/cropped_outputs/Name/bc_image_201_jpg.rf.55140b00661bf090b822475aeac18259_Name.jpg,AKASH T B
output/cropped_outputs/Name/01215473510013_jpg.rf.67be7162f1daad52fd214ddb6203541c_Name.jpg,PAPIA SARKAR DUTTA
output/cropped_outputs/Name/01231576410019_jpg.rf.4525d820c2381b402794ebcc4dcec355_Name.jpg,SERAJ ANSARI
output/cropped_outputs/Name/70_PAN_jpg.rf.349154c6bb11424f4968f233c30796c8_Name.jpg,A MOHAMED DAIFUDEEN
output/cropped_outputs/Name/01367165370017_jpg.rf.5f53dd4dcafff4a8b333df176d774352_Name.jpg,SATYANARAYAN DAS
output/cropped_outputs/Name/PAN_Card_20240702_112851192_jpg.rf.e197e2869e1ddff590d1dec5e3cf757a_Name.jpg,RANGASWAMY
output/cropped_outputs/Name/PAN-Deepak-Swami_page-0001_jpg.rf.f523caa5ce1dd9fb8abc072f80929be2_Name.jpg,DEEPAK SWAMI
output/cropped_outputs/Name/46_PAN_jpg.rf.2dc4fbedf92bba67d8b4914e16c62418_Name.jpg,SANJAY SUNDI
output/cropped_outputs/Name/bnw_image_201_jpg.rf.e3894e92fb346be09b2ea4b5167381be_Name.jpg,AKASH T B
output/cropped_outputs/Name/bc_image_051_jpg.rf.977e108bcc14e96f87ba0feff50a0a82_Name.jpg,RAKESH B
output/cropped_outputs/Name/bc_image_226_jpg.rf.d9ff1671a446aa5f7be6b8bbe910c8d3_Name.jpg,YUNUS ALI
output/cropped_outputs/Name/30_jpg.rf.54cb9835b1fbcb453cbe168798440f62_Name.jpg,AJEET KUMAR SHUKLA
output/cropped_outputs/Name/bc_image_024_jpg.rf.b8d250faa31cb24e38a36640ac39897c_Name.jpg,TAHZEEN
output/cropped_outputs/Name/PAN_Card_20240702_170651139_jpg.rf.95a3cc4ed797775fdfd948f55d146fe5_Name.jpg,HASEENA BEGUM
output/cropped_outputs/Name/bnw_image_124_jpg.rf.a7bad9689f6515be134313c3e128090e_Name.jpg,KAMLA DEVI RAO
output/cropped_outputs/Name/bc_image_008_jpg.rf.fef881486d33adfa99a203dbb8178df2_Name.jpg,SERAJ ANSARI
output/cropped_outputs/Name/bc_image_185_jpg.rf.abce5bb8c409a612e8b6c3e2ee726cfa_Name.jpg,SARSI KUNWAR
output/cropped_outputs/Name/Gogaram-pan_page-0001_jpg.rf.db3714512a94ecb974c6529ea3850fee_Name.jpg,GOGA RAM
output/cropped_outputs/Name/prem-singh-aadar-pan-_page-0007_jpg.rf.61a0d56b337ba619e85b2fcd88b895b7_Name.jpg,PREM SINGH MEENA
output/cropped_outputs/Name/PAN_Card_20240702_154034177_jpg.rf.0e87503a2eb936d982cab2c5b65c9ba3_Name.jpg,SANGEETHA NAIR K S
output/cropped_outputs/Name/Prakash-Pan_jpeg.rf.fb5fd16b97d2e5ae14e0faa000aa71c6_Name.jpg,PRAKASH CHANDAR
output/cropped_outputs/Name/sohan-lal-pan-card_page-0001_jpg.rf.c7da6b31851c4471abfc6f04197dd2c2_Name.jpg,SOHAN LAL HARIJAN
output/cropped_outputs/Name/92_jpg.rf.c10bd33d1e13745e5bb38f89561d4e6c_Name.jpg,INDRANI D
output/cropped_outputs/Name/bnw_image_008_jpg.rf.8560f45cf7d921dcea54406611c3fb6c_Name.jpg,SERAJ ANSARI
output/cropped_outputs/Name/bc_image_186_jpg.rf.278e1b52ef7941353dcb05a10eb38d70_Name.jpg,RAKESH NINAMA
output/cropped_outputs/Name/bc_image_065_jpg.rf.a2625d84c0930544a5585977364bfb58_Name.jpg,ARJUN RAM
output/cropped_outputs/Name/e007179a-58196aadc14229072fe70390_pan_jpg.rf.dd16edd3f67df103f9d7903436ff345e_Name.jpg,VINAYKUMAR H S
output/cropped_outputs/Name/bnw_image_156_jpg.rf.c90928ef8e465d83ed74197a4f39e1d5_Name.jpg,NANDKISHOR RENIWAL
output/cropped_outputs/Name/bc_image_264_jpg.rf.a66df655012ab1eed1e45df2b7c58bc6_Name.jpg,SUSHILA
output/cropped_outputs/Name/bnw_image_099_jpg.rf.edc72c6af14fa63e3f072069be829b0c_Name.jpg,GATULAL YADAV
output/cropped_outputs/Name/gaurnator-pan-card_jpg.rf.a44c402a3d1abf5e750de92afcc7de94_Name.jpg,BRIJ GOPAL DAHNA
output/cropped_outputs/Name/67_jpg.rf.a02e938c4727e7c524d50444854da598_Name.jpg,SACHIN YADAV
output/cropped_outputs/Name/1710411256675_jpeg.rf.c01107ae6ce58a05277feb583ebc9236_Name.jpg,NANDHINI B
output/cropped_outputs/Name/Dhapu-Pan_page-0001_jpg.rf.27b749c5d0c729d3b672cab2a9fa7686_Name.jpg,DHAPU DEVI
output/cropped_outputs/Name/bc_image_142_jpg.rf.499e9f1463ad17bab4f2bd0ef355373a_Name.jpg,MAMTA YADAV
output/cropped_outputs/Name/bnw_image_114_jpg.rf.5bbd2b9c6d52f3fba68a4e18fda7c71e_Name.jpg,HOMJI RAWAT
output/cropped_outputs/Name/bnw_image_207_jpg.rf.17baab421c6857920142a47f592cab93_Name.jpg,KENCHAVEERAPPA RANGASWAMY
output/cropped_outputs/Name/bnw_image_129_jpg.rf.ac58855bf45ea0882567dea6982d96d7_Name.jpg,KHEMRAJ BENIWAL
output/cropped_outputs/Name/PAN_Card_20240701_200154056_jpg.rf.7550c63d4c7977549656b7078825725b_Name.jpg,SUFIYA BEGUM
output/cropped_outputs/Name/bc_image_050_jpg.rf.b2cfb32de3f1e5d119907a582204035d_Name.jpg,INDRANI D
output/cropped_outputs/Name/Pan-card-Manoj_page-0001_jpg.rf.5d5a7f9dd75f9aad70041824da2371be_Name.jpg,MANOJ KUMAR
output/cropped_outputs/Name/bnw_image_024_jpg.rf.7bd18d925a91a8018501625e70ea97b3_Name.jpg,TAHZEEN
output/cropped_outputs/Name/bc_image_218_jpg.rf.3303385b4eb565e7877e2a6646c57e17_Name.jpg,PRABHU LAL
output/cropped_outputs/Name/bc_image_166_jpg.rf.9f61593e69920636c18f69fa9544b62d_Name.jpg,MANOJ KUMAR
output/cropped_outputs/Name/bc_image_133_jpg.rf.0ea3c82e6a3e3e0b0a2418d9c8741974_Name.jpg,LALURAM KIR
output/cropped_outputs/Name/01261732310018_jpg.rf.aae5a16900ee87a51056e5359697c370_Name.jpg,RATAN SK
output/cropped_outputs/Name/01335435330017_jpg.rf.aff1e0b0bf758fc1ef05726fb2e4f60e_Name.jpg,VIKAS 
output/cropped_outputs/Name/01335435330017_jpg.rf.b012de1c8d73de6dfcf923a68ed215cf_Name.jpg,VIKAS
output/cropped_outputs/Name/Anop-Pan_jpg.rf.994ee38721392d1266386bd5b0aae075_Name.jpg,ANOP SINGH
output/cropped_outputs/Name/bnw_image_177_jpg.rf.f1b61d466b38c3db423ae040b0a63bd6_Name.jpg,RAMJILAL YADAV
output/cropped_outputs/Name/bc_image_206_jpg.rf.9aac2084c5d629fac1c8733450feb202_Name.jpg,MANJUNATHA M N
output/cropped_outputs/Name/bnw_image_064_jpg.rf.702ffc846f0f0b49a4c84a2187708768_Name.jpg,ANTU KANWAR
output/cropped_outputs/Name/bnw_image_002_jpg.rf.2a8d91f8c00f2a60b6eff683e804e1ef_Name.jpg,MAN SINGH
output/cropped_outputs/Name/bnw_image_226_jpg.rf.63def882d5820bac338953f27fa4c585_Name.jpg,YUNUS ALI
output/cropped_outputs/Name/bnw_image_131_jpg.rf.424a545010e09925446dbf9246b301bc_Name.jpg,LAD BAI
output/cropped_outputs/Name/01213334750014_jpg.rf.4e302d33a1faca8b95fc1e3d0dd733c5_Name.jpg,DEBASHIS ROY
output/cropped_outputs/Name/bc_image_066_jpg.rf.cb1f3032ae4edb3a1795a64f24ec3611_Name.jpg,AJIJ
output/cropped_outputs/Name/bnw_image_112_jpg.rf.255f8f0c483ed959e40aee455d286387_Name.jpg,MAYANK GARG
output/cropped_outputs/Name/9162825938_jpg.rf.315393c46b01abdd9c89f5e66e411b27_Name.jpg,ROHIT KUMAR GIRI
output/cropped_outputs/Name/bnw_image_117_jpg.rf.4d947c0d0778be6f613480c592ebeec5_Name.jpg,JETHA RAM
output/cropped_outputs/Name/bnw_image_052_jpg.rf.c018646721fe08b8a4e8cd6e60a9b3d0_Name.jpg,HEMRAJ MEENA
output/cropped_outputs/Name/bc_image_013_jpg.rf.e20c68fc6f92b0d22067a87c95651120_Name.jpg,RAJESH KUMAR
output/cropped_outputs/Name/bnw_image_037_jpg.rf.3ff6a1f4f73be432bf5e6bf94f7dc7ce_Name.jpg,NITIN JITURI
output/cropped_outputs/Name/bnw_image_173_jpg.rf.c4ea44165562848e7c75c8cdc24f185a_Name.jpg,SANNU BAI JAIN
output/cropped_outputs/Name/bnw_image_208_jpg.rf.370bbeb89a3a5af7d784e1fca3f6cdc9_Name.jpg,SANGEETHA NAIR K S
output/cropped_outputs/Name/bc_image_099_jpg.rf.be493753b5ee2495a460492ef04bd6fa_Name.jpg,GATULAL YADAV
output/cropped_outputs/Name/bc_image_092_jpg.rf.903bdc9444c5e09d68585db0026c7999_Name.jpg,KAUSHALYA
output/cropped_outputs/Name/Kalu-Lal-Salvi-PAN_page-0001-1-_jpg.rf.a6e61de4c12031e78e655af50a110d34_Name.jpg,KALU LAL SALVI
output/cropped_outputs/Name/bc_image_076_jpg.rf.5ce69010d709ae1b7fe1596745dc46c2_Name.jpg,BHAGURAM SAMOTA
output/cropped_outputs/Name/01243337570010_jpg.rf.0869cb6845eb9f4a19eebdb2c753abfc_Name.jpg,NARUGOPAL KAR
output/cropped_outputs/Name/01367165370017_jpg.rf.d5936d31ed3fe0b2bbb3333d153aec6e_Name.jpg,SATYANARAYAN DAS
output/cropped_outputs/Name/Manish-Pan_jpg.rf.d9d1054580d6a30292571114d6d15d3c_Name.jpg,MANISH KUMAR SUMAN
output/cropped_outputs/Name/23_jpg.rf.c1872600a4d17e44f2adc46b8e74362b_Name.jpg,MOHAMMED KARIMULLAH
output/cropped_outputs/Name/bc_image_149_jpg.rf.2806c5601ec43bdb7bacc117d7798581_Name.jpg,MANOHAR LAL
output/cropped_outputs/Name/bnw_image_131_jpg.rf.9e44b744b9005bd730b31bda93b49d02_Name.jpg,LAD BAI
output/cropped_outputs/Name/bc_image_015_jpg.rf.00765554437b51047853e2371e604b77_Name.jpg,SEKENDAR ALI
output/cropped_outputs/Name/SUKUMAR-PAN_page-0001_jpg.rf.7854c433e0714879dfe57e70675db993_Name.jpg,SUKUMAR BISHWASA NAMOSUDA
output/cropped_outputs/Name/Chirag-Pan_jpeg.rf.83d6b09ff96426e013244ce471a16c19_Name.jpg,CHIRAG JAIN
output/cropped_outputs/Name/01243431710010_pan_png.rf.fac45786b3e64800675df5e4d7c71460_Name.jpg,MD ZIARUL ISLAM
output/cropped_outputs/Name/9a8eeebd-photo_1_2023-07-14_15-45-57_jpg.rf.54e25a4bafd65a2b4a271dc46fbf0f71_Name.jpg,RAMESH PANDEY
output/cropped_outputs/Name/bnw_image_220_jpg.rf.0c9dfd1f7657798f1d4169f96499caee_Name.jpg,PRAKASH RAM
output/cropped_outputs/Name/16_PAN_jpg.rf.75c9b7048d2db7d0dac367f8b43f098d_Name.jpg,ADITYA KUBDE
output/cropped_outputs/Name/4abfeb59-imgtopdf_generated_2208201757059_page-43_jpg.rf.f969f342b6d33ee03b818091512ce12b_Name.jpg,KOUSHIK TANTUBAI
output/cropped_outputs/Name/bnw_image_233_jpg.rf.ab9f2c58eee6e48c45a3bf38938a62bb_Name.jpg,RAKESH
output/cropped_outputs/Name/bc_image_221_jpg.rf.90fd22a005f2c0f3e490df3f3a3fda90_Name.jpg,PRAKASH CHANDAR
output/cropped_outputs/Name/Mangi-Lal-Pan-Card_jpg.rf.331db6c7f988ec990dafa6872a96557d_Name.jpg,MANGI LAL
output/cropped_outputs/Name/bnw_image_005_jpg.rf.8c95a31ddc99e9649591ef568de1ee43_Name.jpg,SOHRAB ALAM NAWAB KHAN
output/cropped_outputs/Name/bc_image_057_jpg.rf.61423e7c081717d7638fdeff30e8e7e7_Name.jpg,ANIL LAVJI RAO
output/cropped_outputs/Name/bnw_image_260_jpg.rf.a48ff2463692e0ec79f96e1be5411ce2_Name.jpg,SUDHIR KUMAR JAIN
output/cropped_outputs/Name/bc_image_041_jpg.rf.418aed02231da65f87626417e9a31f01_Name.jpg,MAKARAND PRAKASH GARATE
output/cropped_outputs/Name/PAN-CARD-SUNIL_page-0001_jpg.rf.dd0f6f4833691dc1b50b2446eb84285f_Name.jpg,SUNIL HARIJAN
output/cropped_outputs/Name/bnw_image_128_jpg.rf.7a066ba2df1e66994f1a770fcd092b74_Name.jpg,KANTA
output/cropped_outputs/Name/01213334750014_jpg.rf.8389dd058af235d93db804596270205a_Name.jpg,DEBASHIS ROY
output/cropped_outputs/Name/bnw_image_090_jpg.rf.c1b947b3c9ade91170816edb156dbab9_Name.jpg,JOSHI SAURABH RAJENDRA
output/cropped_outputs/Name/Kan-Pan_jpg.rf.d88455fc3df27ce96f5033245660232f_Name.jpg,KAN SINGH
output/cropped_outputs/Name/pan1_png.rf.ab890a626dd203608ea3418bb833318b_Name.jpg,RAHUL MISHRA
output/cropped_outputs/Name/Kan-Pan_jpg.rf.421b223f426603caeb3cc60d6dc383e8_Name.jpg,KAN SINGH
output/cropped_outputs/Name/1710411256572_jpg.rf.91216dc0cb4618e273d063edf29ea666_Name.jpg,DANIEL RAJ A
output/cropped_outputs/Name/01651626160011_jpg.rf.e7cbe6554bb5c814a22dab558c17fbe7_Name.jpg,MAHIPAL RAHANGDALE
output/cropped_outputs/Name/bc_image_170_jpg.rf.4c44f8e2c81420ec0fe98f00d5686cf4_Name.jpg,RAJ KUMAR
output/cropped_outputs/Name/bnw_image_246_jpg.rf.8ba979b17a6bcc88da450735502dfbc6_Name.jpg,SANGITA
output/cropped_outputs/Name/01244621130012_jpg.rf.35082fdd8c9a92e63e72612cb11bfcba_Name.jpg,FALIN SHIL 
output/cropped_outputs/Name/Balkishan-gahlot-GTR-Pan_jpg.rf.a30265f7f7fd8fdebbd8ee7b441b6117_Name.jpg,BAL KISHAN GAHLOT
output/cropped_outputs/Name/bnw_image_190_jpg.rf.dfb7ef7a5ef55e42458f409ee7a48713_Name.jpg,KUSUM LATA KANWAR
output/cropped_outputs/Name/72_jpg.rf.e3b71bfd93d25d6233e02e75a7419d64_Name.jpg,ANUP KUMAR BANERJEE
output/cropped_outputs/Name/bc_image_026_jpg.rf.721e2779d41bee6277071f04c1d44979_Name.jpg,DANIEL RAJ A
output/cropped_outputs/Name/bc_image_164_jpg.rf.8507924a03171601a33d7a4ce833f454_Name.jpg,BALRAM ACHARIYA
output/cropped_outputs/Name/bnw_image_019_jpg.rf.fb9e43b4afe004a66bb629ebb68e2ccc_Name.jpg,NIKHIL KUMAR
output/cropped_outputs/Name/PAN_Card_20240701_203515260_jpg.rf.e76dd56392b2d61856182b314ecd6d7b_Name.jpg,ZEENATH BEGUM
output/cropped_outputs/Name/01213254430016_jpg.rf.c40e6199371ac46da05bbaffb5d72b63_Name.jpg,ARBIND KUMAR
output/cropped_outputs/Name/bc_image_029_jpg.rf.798f6d2eaa64d59f4c5b4dc148d1d068_Name.jpg,ROSHAN SAHANI
output/cropped_outputs/Name/Kamlesh-Gtr-PAN-Copy_jpg.rf.99ab3e5ecaffcb071059c1c1f3154619_Name.jpg,KAMLESH KUMAR YADAV
output/cropped_outputs/Name/PAN_Card_20240702_145310923_jpg.rf.f8cef5a2d5e7f76bf8db2d74d5d16974_Name.jpg,SANGEETA
output/cropped_outputs/Name/PAN_Card_20240702_111040007_jpg.rf.312e8c8235836d155933d34b07841139_Name.jpg,PRAVEEN KUMAR M UDAGI
output/cropped_outputs/Name/bc_image_189_jpg.rf.048af5098496c0f1eacd243e71ed1d67_Name.jpg,JALDEEP
output/cropped_outputs/Name/Pan-Sarsi_jpeg.rf.dafa2e590e7a63e0412b4fdc7d26e889_Name.jpg,SARSI KUNWAR
output/cropped_outputs/Name/20_PAN_jpg.rf.6861ba919eeeb03978099763979d82a4_Name.jpg,PRIYANKA BABAN LOHAR
output/cropped_outputs/Name/bc_image_122_jpg.rf.69d1e4be41471a0886784e544e679913_Name.jpg,KALU LAL SALVI
output/cropped_outputs/Name/bc_image_120_jpg.rf.d34727e5b279b3d7b7ec58c36663fc36_Name.jpg,JITENDRA RAWAT
output/cropped_outputs/Name/bnw_image_075_jpg.rf.b06c51cd71ade6bb6b3d396415d8c8dd_Name.jpg,BAL KISHAN GAHLOT
output/cropped_outputs/Name/bnw_image_082_jpg.rf.42f29bd4e9b203e216845803009a47c9_Name.jpg,BITTU
output/cropped_outputs/Name/manohar-pan_jpeg.rf.e8012aec8c7afd4f00ca9b69bf289454_Name.jpg,MANOHAR LAL
output/cropped_outputs/Name/32_PAN_jpg.rf.b09172366fcb1097b1cd4da2cfabc5cc_Name.jpg,KUSUM LATA
output/cropped_outputs/Name/Sudhir-pan_jpeg.rf.c38056be3fcc22e3f5d38546d0620daf_Name.jpg,SUDHIR KUMAR JAIN
output/cropped_outputs/Name/bc_image_049_jpg.rf.161e6d0d74bd9ac8952e33ebe5aa341c_Name.jpg,ROHIT KUMAR GIRI
output/cropped_outputs/Name/PAN_Card_20240701_203515260_jpg.rf.3291a53659cfdbccd76ee5a181353efc_Name.jpg,ZEENATH BEGUM
output/cropped_outputs/Name/bc_image_205_jpg.rf.0290a6ff9515cc0dd157733f1ba1b694_Name.jpg,PRAVEEN KUMAR M UDAGI
output/cropped_outputs/Name/bc_image_156_jpg.rf.04a1b133be201f48cb849f40c291230f_Name.jpg,NANDKISHOR RENIWAL
output/cropped_outputs/Name/Mukesh-Pan_page-0001_jpg.rf.a1164987cedad8fb62e349cdd661ce84_Name.jpg,MUKESH KUMAR SEN
output/cropped_outputs/Name/bc_image_184_jpg.rf.6e432ca94f5229ebf4e8f04a4756d80f_Name.jpg,SAJU KUNWAR
output/cropped_outputs/Name/CoAPP-Deepa-Pan-Card_page-0001_jpg.rf.4c80a3b9643197f640042981d700204d_Name.jpg,DEEPA
output/cropped_outputs/Name/bnw_image_225_jpg.rf.1250c200a24e28659ebc214ad24315ad_Name.jpg,PREM SINGH MEENA
output/cropped_outputs/Name/Neetu-PAN_jpeg.rf.54d72aff6b31eaef5ff753a837b960e2_Name.jpg,NEETU MEENA
output/cropped_outputs/Name/bnw_image_098_jpg.rf.829c0ef595078b64bfa2539c58d0a35a_Name.jpg,GANGA
output/cropped_outputs/Name/bc_image_054_jpg.rf.684d5e3e9018d6030aaeca9c457a8951_Name.jpg,HEMRAJ MEENA
output/cropped_outputs/Name/Co-App-Guddi-Pan-Card_page-0001_jpg.rf.1245271d636a5d7ea92ed9e1b83f2efe_Name.jpg,GUDDI
output/cropped_outputs/Name/Ghanshyam-PAN-ADHAR_page-0003_jpg.rf.219eb2d6ff74a7ae45933c7db6f3da42_Name.jpg,GHANSHYAM
output/cropped_outputs/Name/bc_image_026_jpg.rf.e53d0a88edfa5e3cfdae802908041c80_Name.jpg,DANIEL RAJ A
output/cropped_outputs/Name/bc_image_228_jpg.rf.668470f3f48a9e2774ae8f89dfab13e7_Name.jpg,PUSHPA
output/cropped_outputs/Name/bnw_image_047_jpg.rf.1d789d90ce8389ec27ff0fefc0efbc47_Name.jpg,BILAS MAFTY
output/cropped_outputs/Name/bnw_image_234_jpg.rf.a481624105b7265ec36aea84b0f6de08_Name.jpg,RAM NIVAS GURJAR
output/cropped_outputs/Name/bc_image_066_jpg.rf.33125ec68f6baf48e2bdc1d0bc5c8c85_Name.jpg,AJIJ
output/cropped_outputs/Name/bnw_image_217_jpg.rf.92c9ae7d1088514ae5aec63c3b51311e_Name.jpg,PINKI DEVI
output/cropped_outputs/Name/01212121710017_jpg.rf.144b097536108de6a8e9a5b91df1080d_Name.jpg,KISHORI LAL SAHU
output/cropped_outputs/Name/01651626160011_jpg.rf.1adfca3c813061f0432f039a61a11fd2_Name.jpg,MAHIPAL RAHANGDALE
output/cropped_outputs/Name/PAN_Card_20240701_174646462_jpg.rf.09bdee3208c76439ef99f45efad7c7f7_Name.jpg,MAMATA
output/cropped_outputs/Name/Prem-PAN_jpg.rf.e7b7d80cee31e69c7ecfac072fb6052c_Name.jpg,PREM DEVI NAI
output/cropped_outputs/Name/bc_image_093_jpg.rf.b78e1db607ff9b6ee640145cb668da1b_Name.jpg,DHAPU DEVI
output/cropped_outputs/Name/bc_image_099_jpg.rf.cd28127c051112a39adf7677d6f6479e_Name.jpg,GATULAL YADAV
output/cropped_outputs/Name/aadar-pan-jaswant-1_page-0010_jpg.rf.64464c96e4a933930a41d176da1be7d3_Name.jpg,JASHWANT MEENA
output/cropped_outputs/Name/Dilip-PAN_jpeg.rf.e369f16be287e863f7e7692c09f8e858_Name.jpg,RAWAT DILIP
output/cropped_outputs/Name/PAN_Card_20240702_143115599_jpg.rf.c2e4b7c61fa91a2aa7e5d2a507e8b014_Name.jpg,ALTAF SHAH
output/cropped_outputs/Name/bc_image_245_jpg.rf.ab496285094f5a1c42275b41e58521fa_Name.jpg,SAMUTI RAWAT
output/cropped_outputs/Name/cba40b81-photo_4_2023-07-14_15-44-52_jpg.rf.f80cf6d1ae0c38b8dcec76ce3534da8a_Name.jpg,ANIKUL SK
output/cropped_outputs/Name/bc_image_224_jpg.rf.dcd1a67b913f1580a89a1bce066d3da0_Name.jpg,PREM DEVI NAI
output/cropped_outputs/Name/bnw_image_056_jpg.rf.58b77e66dbbc665123ea4e634ab11431_Name.jpg,AMARA RAM
output/cropped_outputs/Name/bnw_image_117_jpg.rf.771de46ce02d44bb903056ae36b70bdd_Name.jpg,JETHA RAM
output/cropped_outputs/Name/bc_image_150_jpg.rf.af6fe2327007d853261c08940a031785_Name.jpg,MAN SINGH CHUDAWAT
output/cropped_outputs/Name/App_-Ajij-Pan-Card-1-_page-0001_jpg.rf.a3ab2299c0a299c0d0648bfc12f3a327_Name.jpg,AJIJ
output/cropped_outputs/Name/Pan-Gopal_jpeg.rf.e3b466098905b3c3c855e74485c04cb9_Name.jpg,GOPAL
output/cropped_outputs/Name/Pan-Arti_jpeg.rf.47ac91b63b8a4f2733f05f613182fe76_Name.jpg,ARTI
output/cropped_outputs/Name/bnw_image_214_jpg.rf.cdf6c24c0e472c8906fcee58b679c7e3_Name.jpg,JOSHI RAJENDRABHAI B
output/cropped_outputs/Name/bc_image_004_jpg.rf.173b57078bb78d756625f1c87b4a1eec_Name.jpg,BHUPENDRA KUMAR NAYAK
output/cropped_outputs/Name/bnw_image_051_jpg.rf.c11b29491343ce7cbbfed38bd87936d8_Name.jpg,RAKESH B
output/cropped_outputs/Name/Sonia-PAN_jpeg.rf.90b660c2ba01f98c1b10609aea8b647b_Name.jpg,SONIYA BANO QRESHI
output/cropped_outputs/Name/bc_image_266_jpg.rf.99a62bb68febae9db6b70e0abfb0b396_Name.jpg,VIMALA DEVI PANCHAL
output/cropped_outputs/Name/bnw_image_189_jpg.rf.11696221c627be83e1c148915ea969bd_Name.jpg,JALDEEP
output/cropped_outputs/Name/PAN_Card_20240701_114422759_jpg.rf.0d37ebf9e6f517413e867655889cbc13_Name.jpg,KONDAPUREDDY VENKATA LAKSHMI ARUDRA
output/cropped_outputs/Name/bnw_image_238_jpg.rf.04dba6f890dd0229bf42bf750867af03_Name.jpg,REVANT RAM AACHARTE
output/cropped_outputs/Name/01757741370010_jpg.rf.c68af07abd680f8b6a439aee1bac5465_Name.jpg,PREM KUMAR
output/cropped_outputs/Name/bc_image_156_jpg.rf.ee1e3750f0a9c8ff02f50b0112325e7d_Name.jpg,"
NANDKISHOR RENIWAL"
output/cropped_outputs/Name/bnw_image_239_jpg.rf.8c2874151355606cca1e1dbf1976011b_Name.jpg,RINKU BISHWASA NAMOSUDA
output/cropped_outputs/Name/bnw_image_059_jpg.rf.135f1fdbb16273f0ed11ef2c5e009597_Name.jpg,ANKUSH PANCHAL
output/cropped_outputs/Name/bc_image_258_jpg.rf.5b5a9c718dee649cd4e93f66672d278e_Name.jpg,SOHAN LAL HARIJAN
output/cropped_outputs/Name/PAN_Card_20240702_112851192_jpg.rf.2d2e52226c1edac23e175a28df8788f5_Name.jpg,RANGASWAMY
output/cropped_outputs/Name/7780308718_jpg.rf.bbdf2b647ee42e5cc4967342a28823f3_Name.jpg,SESHAMMA SAMANTHAPUDI
output/cropped_outputs/Name/bc_image_146_jpg.rf.5f6f6c18ea561ef868b606dcb3b508ea_Name.jpg,MANISH KUMAR SUMAN
output/cropped_outputs/Name/17_jpg.rf.3b021c55ea642b6cc8280f5fc94ca55e_Name.jpg,AJAY KUMAR SAW
output/cropped_outputs/Name/bnw_image_021_jpg.rf.200241f8e84195087714eb76997fe8b7_Name.jpg,RAKESH KUMAR RATHORE
output/cropped_outputs/Name/01512636240017_jpg.rf.eaf9a685921d93cea064cb893c37e7e8_Name.jpg,AMIT KUMAR
output/cropped_outputs/Name/bnw_image_035_jpg.rf.b3f6144281a435ba2ef252508b3bc1cc_Name.jpg,NITESH KUMAR
output/cropped_outputs/Name/bc_image_084_jpg.rf.5549bcdd6a6e5246cac560c66e231b49_Name.jpg,CHIRAG JAIN
output/cropped_outputs/Name/29_jpg.rf.6f7bd3348ac5d7a5234708e06a6a3e8f_Name.jpg,NITESH KUMAR
output/cropped_outputs/Name/9a8eeebd-photo_1_2023-07-14_15-45-57_jpg.rf.77bb3aa0e97b21c10af0ff8eb42a8a29_Name.jpg,RAMESH PANDEY
output/cropped_outputs/Name/Kalu-Lal-Salvi-PAN_page-0001-1-_jpg.rf.7d44009a9f28d6813cd4d80c19919e25_Name.jpg,KALU LAL SALVI
output/cropped_outputs/Name/bc_image_046_jpg.rf.69ddb2fd8a211baddf7ac85b2cdce5dc_Name.jpg,VIJAY KUMAR
output/cropped_outputs/Name/bnw_image_075_jpg.rf.db187fc0040db7c2d9acc82cfdce2120_Name.jpg,BAL KISHAN GAHLOT
output/cropped_outputs/Name/49_jpg.rf.fbdf375f8b29e7b89b2ea3b68bb7a853_Name.jpg,FIRSTNAME MIDDLE NAME SURNAME
output/cropped_outputs/Name/bnw_image_221_jpg.rf.cffaa75c6a97d0e4003d7e9f9ee3db1b_Name.jpg,PRAKASH CHANDAR
output/cropped_outputs/Name/01577335720011_jpg.rf.ce883f88ce6043d63d2bc4ae4ff7095c_Name.jpg,MD NAHID AHMED
output/cropped_outputs/Name/01261443750015_jpg.rf.51954ddf028e979f89aaac1ce2dcd926_Name.jpg,PRAKASH KUMAR DANGI
output/cropped_outputs/Name/bnw_image_249_jpg.rf.88fd4a6baeb30ba1770958dd2389a485_Name.jpg,SHABBIR KHAN
output/cropped_outputs/Name/Mukesh-Pan_page-0001_jpg.rf.fe9b1f272950df819f727be911bd3039_Name.jpg,MUKESH KUMAR SEN
output/cropped_outputs/Name/7780308718_jpg.rf.4b5938c5e5cf1974e031752349f734ed_Name.jpg,SESHAMMA SAMANTHAPUDI
output/cropped_outputs/Name/79_PAN_jpg.rf.bffd31a7cbc18f56013ef8e7e8d77ddc_Name.jpg,APPLICANT NAME
output/cropped_outputs/Name/01725443260010_jpg.rf.1a57f7b9694e8b1e2caa29ed9089e016_Name.jpg,HARPREET KAUR
output/cropped_outputs/Name/bnw_image_264_jpg.rf.78820870f953a1f5d7349ce9e38dffcd_Name.jpg,SUSHILA
output/cropped_outputs/Name/MAYA-PAN_page-0001_jpg.rf.ca95d24ff63d1d18b3d056f9b4f1e4dc_Name.jpg,MAYA BAI
output/cropped_outputs/Name/24_PAN_jpg.rf.8b5132ec9bdc0fb8c3ff92186e0bbb29_Name.jpg,AJAY PATEL.
output/cropped_outputs/Name/77_PAN_jpg.rf.59a25615f50d012adbe13fe0c7cf3ce1_Name.jpg,XXXXX XXXX XXX
output/cropped_outputs/Name/Co-applicant-pan-adhar_page-0002_jpg.rf.2dbad4b5383c61541869a4c9fd17f9f1_Name.jpg,JOSHI RAJENDRABHAI B
output/cropped_outputs/Name/bnw_image_006_jpg.rf.c17ebfd979821fc5ff3b484dbe3066ea_Name.jpg,SANDEEP KUMAR
output/cropped_outputs/Name/9162825938_jpg.rf.b6d9acc0909eb9b9a8d835d53f6b74b6_Name.jpg,ROHIT KUMAR GIRI
output/cropped_outputs/Name/01212121710017_jpg.rf.88f1647cd8d042e4a40ac4602866d7b1_Name.jpg,KISHORI LAL SAHU
output/cropped_outputs/Name/GTR-2-Rajendra-PAN_jpg.rf.cdd2339c0d5ca244c89e372b984153b2_Name.jpg,RAJENDRA KUMAR PRAJAPAT
output/cropped_outputs/Name/bc_image_212_jpg.rf.f3d32af4a30fdeb7aa50eceb005ba376_Name.jpg,MD SALMAN
output/cropped_outputs/Name/01215317330013_jpg.rf.250338ed85229219e18bd981f2049ae4_Name.jpg,SANDEEP KUMAR
output/cropped_outputs/Name/IMG_20240314_160358_jpg.rf.72c1e346c4b5ce3f03cc71ef880a5768_Name.jpg,ARUN S
output/cropped_outputs/Name/Baby-Kanwar-Pan-Card_page-0001_jpg.rf.96b9fb51493dd88fdb0e3d6596c03ea6_Name.jpg,BABY KANWAR
output/cropped_outputs/Name/PAN-Saju_jpeg.rf.d3624d6d60c15a00bd44cbde743d35c6_Name.jpg,SAJU KUNWAR
output/cropped_outputs/Name/PAN_Card_20240702_180812051_jpg.rf.4c2e2dbce7a66283bffd89f1d20e0b8a_Name.jpg,SABAH ANJUM
output/cropped_outputs/Name/bnw_image_003_jpg.rf.f02c514344e4606dbc31b2fc5132e7f2_Name.jpg,DEBASHIS ROY
output/cropped_outputs/Name/97_PAN_jpg.rf.9f81d32de264bcf383389b9c82d8dee1_Name.jpg,RAKESH B
output/cropped_outputs/Name/bnw_image_018_jpg.rf.6e80e8ab4d87537d1aefb4db34ee162e_Name.jpg,HARPREET KAUR
output/cropped_outputs/Name/bnw_image_210_jpg.rf.9ca5e34e2892ade40735d8727fd59755_Name.jpg,USHA S G
output/cropped_outputs/Name/surendra-pan-card_jpg.rf.1939e79c157111f9f0934a63c78eb0d1_Name.jpg,SURENDRA SISODIA
output/cropped_outputs/Name/Rafik-PAN_jpeg.rf.955eafda2ed5fa6d68427d92d21e1a13_Name.jpg,MOHAMMED RAFIK
output/cropped_outputs/Name/14_PAN_jpg.rf.d3adef9a7d28606bb4e3e7da5e1040ea_Name.jpg,FIRST NAME MIDDLE NAME SURNAME
output/cropped_outputs/Name/Sudhir-pan_jpeg.rf.42a21f12d7c75999360b4b6004ca75a4_Name.jpg,SUDHIR KUMAR JAIN
output/cropped_outputs/Name/bc_image_158_jpg.rf.74355f0d18b9e05b6f25c8515c4ee5af_Name.jpg,NARESH KUMAR
output/cropped_outputs/Name/Anil_Pan_jpg.rf.0383bcf190b250df491417e7dd2e4a73_Name.jpg,ANL LAVJI RAO
output/cropped_outputs/Name/bnw_image_143_jpg.rf.62a0aa5eac787c7f489a82a380fabea0_Name.jpg,MAN SINGH RATHORE
output/cropped_outputs/Name/SAFARUDIN-PAN-CARD_page-0001_jpg.rf.30be82f37d31aec76e7204bce02fd463_Name.jpg,SAFARUDIN
output/cropped_outputs/Name/bc_image_104_jpg.rf.b7f519ff197d3b3b8a4c75946b103766_Name.jpg,GOGA RAM
output/cropped_outputs/Name/GatuLal_Pan-Copy_jpg.rf.e6a772b6572c3fe29b322d150c9c3970_Name.jpg,GATULAL YADAV
output/cropped_outputs/Name/bnw_image_178_jpg.rf.452975be7f8090a7970befee7ca73a73_Name.jpg,DEEPAK SWAMI
output/cropped_outputs/Name/Badri-PAN-GTR_jpeg.rf.0f9b678a054aab697198f05cd32e0dcb_Name.jpg,BADRI LAL
output/cropped_outputs/Name/bc_image_265_jpg.rf.bcfa7587fdd5c764fdc212283204b02c_Name.jpg,MONARK PUBLIC SHIKSHAN SANSTHAN
output/cropped_outputs/Name/25_png.rf.9c2e7fa4b45c20e3429df3b2f2640665_Name.jpg,PRIYANKA BABAN LOHAR
output/cropped_outputs/Name/01212725670019_jpg.rf.5afd7bd8bd80f6bdd98137987838dbf7_Name.jpg,GH RASOOL KUMAR
output/cropped_outputs/Name/bc_image_180_jpg.rf.fb30ca2c82554905a79acd0a407e588b_Name.jpg,KARANSINGH KESHARSINGH RATHORE
output/cropped_outputs/Name/bc_image_208_jpg.rf.f94fb0c86be2c0eaceefad8b435bec9c_Name.jpg,SANGEETHA NAIR K S
output/cropped_outputs/Name/bnw_image_204_jpg.rf.8e1a13bd2d9c3b817e280cf1ebb9d3d0_Name.jpg,ZEENATH BEGUM
output/cropped_outputs/Name/bc_image_158_jpg.rf.febf4df7897c8878b74378df15ae4741_Name.jpg,NARESH KUMAR
output/cropped_outputs/Name/01599646500012_jpg.rf.7ee602c2d9eda3fdacdd67973f60e5a2_Name.jpg,SAHANAJ BIBI
output/cropped_outputs/Name/bnw_image_215_jpg.rf.d15668096a18c1d84146a1238b29d1dd_Name.jpg,PAPU SINGH
output/cropped_outputs/Name/bc_image_181_jpg.rf.205a03b52826e0503315c59172227d6d_Name.jpg,IRFAN
output/cropped_outputs/Name/Chirag-Pan_jpeg.rf.b841d9f66e38adf735772c203f58b6de_Name.jpg,CHIRAG JAIN
output/cropped_outputs/Name/bnw_image_223_jpg.rf.6fa715d526f042b0f4e5be39ca9ef981_Name.jpg,PRAVIN MOGA PRAJAPAT
output/cropped_outputs/Name/101_PAN_jpg.rf.1027f3eff53a5e07d3f500d534143047_Name.jpg,D MANIKANDAN
output/cropped_outputs/Name/bc_image_167_jpg.rf.48c6381cb0329d9eadc35f40a420315b_Name.jpg,BRAJMOHAN
output/cropped_outputs/Name/bc_image_057_jpg.rf.a30b544e4de182e4bf8031aaa6063ce0_Name.jpg,ANIL LAVJI RAO
output/cropped_outputs/Name/bc_image_165_jpg.rf.f77e98e04ba27eed4cec18a2e4048890_Name.jpg,BHIWA
output/cropped_outputs/Name/bnw_image_162_jpg.rf.00dfd1623ad0805bd95877a60c6b2c27_Name.jpg,NARVIK BUILDHOMES
output/cropped_outputs/Name/My-new-pan-card-1-_page-0001_jpg.rf.c604f7cdbf4578f1b8b3bd5226b050c1_Name.jpg,SHUSHIL KUMAR
output/cropped_outputs/Name/bnw_image_030_jpg.rf.67046d728cfabf47b1f43ed5a0cdc929_Name.jpg,PRIYANKA BABAN LOHAR
output/cropped_outputs/Name/bnw_image_170_jpg.rf.9953af856c87c4280cb95316da06d123_Name.jpg,RAJ KUMAR
output/cropped_outputs/Name/bnw_image_013_jpg.rf.58eb36ecca6fc9f203ccf15d0a550538_Name.jpg,RAJESH KUMAR
output/cropped_outputs/Name/bnw_image_140_jpg.rf.42398c956feb207800bf2d5b01e71f1f_Name.jpg,MAHENDRA
output/cropped_outputs/Name/bc_image_190_jpg.rf.71a864ae2bb6474b18eeabf13c47854c_Name.jpg,KUSUM LATA KANWAR
output/cropped_outputs/Name/PAN_Card_20240701_184004436_jpg.rf.935a3af44d991e3d186c5a9adb0397a7_Name.jpg,NAYAZ
output/cropped_outputs/Name/bc_image_107_jpg.rf.d49bd6baa5e6ee8cdd70df933e335d74_Name.jpg,RAJENDRA KUMAR PRAJAPAT
output/cropped_outputs/Name/30_jpg.rf.65d043ea1598e70701c58db037b7fec9_Name.jpg,AJEET KUMAR SHUKLA
output/cropped_outputs/Name/bnw_image_215_jpg.rf.d3fe0cfe34b3b3cbc84e1f3af682a734_Name.jpg,PAPU SINGH
output/cropped_outputs/Name/01611485750018_jpg.rf.d78c5d828f3e6fcc90d5e7b647cd8884_Name.jpg,SURESH KUMAR RAI
output/cropped_outputs/Name/bc_image_098_jpg.rf.dfeb28bb03a73ee93461c96be51653a6_Name.jpg,GANGA
output/cropped_outputs/Name/bc_image_153_jpg.rf.98431ed67c09f40e05bb9ad8ef4eb690_Name.jpg,MOOL SINGH CHAUHAN
output/cropped_outputs/Name/bc_image_045_jpg.rf.a9c1886af9f3ab34bebe51896459a39e_Name.jpg,VIJAY KUMAR
output/cropped_outputs/Name/bnw_image_144_jpg.rf.bff5cc1b81d098a9398c07d726ead337_Name.jpg,MANGI LAL
output/cropped_outputs/Name/pan-card_jpeg.rf.dd2f3bd732aa8a5c5904515fccde6573_Name.jpg,PRAHLAD BAIRWA
output/cropped_outputs/Name/bnw_image_209_jpg.rf.f3c41c903c1e778422eafa7de870bd66_Name.jpg,HASEENA BEGUM
output/cropped_outputs/Name/bnw_image_157_jpg.rf.bbb2d02ef78006e3c11afcfa215c58e7_Name.jpg,NARENDRA PANDYA
output/cropped_outputs/Name/bc_image_112_jpg.rf.d46b68f0f7005b39cc84d0a168105807_Name.jpg,MAYANK GARG
output/cropped_outputs/Name/01213346260037_jpg.rf.e1a846ed4b7022a981eab5a4eebba11e_Name.jpg,BHUPENDRA KUMAR NAYAK
output/cropped_outputs/Name/pan-card-of-jamuna_page-0001_jpg.rf.4a6a9a5293895e078f18197c19f5d5cf_Name.jpg,JAMANA GURJAR
output/cropped_outputs/Name/bnw_image_106_jpg.rf.63c8e3cd97501593df74b452cb5ade71_Name.jpg,ISHWAR SINGH
output/cropped_outputs/Name/PAN_Card_20240702_111040007_jpg.rf.8148b092f5b8bfb3265cbd8481de8a75_Name.jpg,PRAVEEN KUMAR M UDAGI
output/cropped_outputs/Name/guman-pan-card_page-0001_jpg.rf.cc101b61793c108f86fcf0f2093eed74_Name.jpg,GUMAN RAN
output/cropped_outputs/Name/bnw_image_026_jpg.rf.7ac2a15deb347d9ba2e5d773cf721723_Name.jpg,DANIEL RAJ A
output/cropped_outputs/Name/jetha-ram-panc_jpeg.rf.d171d6db87e23516cbb79f815bfceee5_Name.jpg,JETHA RAM
output/cropped_outputs/Name/Jagdish-GTR-Pan_jpeg.rf.4859bdb6603af81d9cefdedf3f0e8429_Name.jpg,JAGDISH PURI
output/cropped_outputs/Name/PAN_Card_20240702_111040007_jpg.rf.aad49c3ae19c9a38826a6e6e17152802_Name.jpg,PRAVEEN KUMAR M UDAGI
output/cropped_outputs/Name/bc_image_131_jpg.rf.af58dbab195954fc6b333dafe1435919_Name.jpg,LAD BAI
output/cropped_outputs/Name/PAN_Card_20240701_184004436_jpg.rf.cf15450a1e88dca870fc14839320e315_Name.jpg,NAYAZ
output/cropped_outputs/Name/bc_image_040_jpg.rf.7182be8e7aa2f7e211bc63d6d39ccb8d_Name.jpg,VIRENDRA KUMAR JAIN
output/cropped_outputs/Name/bnw_image_103_jpg.rf.9d8bec57e3351b410618c40f26080593_Name.jpg,GHANSHYAM
output/cropped_outputs/Name/bnw_image_055_jpg.rf.660911497a4f607390a18ebe606c9e9a_Name.jpg,Aichuki
output/cropped_outputs/Name/97_PAN_jpg.rf.fe4373d2556b7f26d3684af9669de105_Name.jpg,RAKESH B
output/cropped_outputs/Name/01261732310018_jpg.rf.b30a96a58c1c9403142f1d2bfebdfc61_Name.jpg,RATAN SK
output/cropped_outputs/Name/bnw_image_208_jpg.rf.5c7b1cf4e90b6a921b6dcd521653fc7a_Name.jpg,SANGEETHA NAIR K S
output/cropped_outputs/Name/bc_image_055_jpg.rf.55ac3d0f02fdaf518c218079cdca348b_Name.jpg,Aichuki
output/cropped_outputs/Name/01151242750019_jpg.rf.23828156f2bcb1b7fa49e8d98fd070f8_Name.jpg,SK SARJID UDDIN
output/cropped_outputs/Name/bnw_image_203_jpg.rf.5418f057b846b88a4d4c468d4f995bed_Name.jpg,CHINMAYE D
output/cropped_outputs/Name/bnw_image_041_jpg.rf.3c7f86272c2954ec8f9d27163f0cf272_Name.jpg,MAKARAND PRAKASH GARATE
output/cropped_outputs/Name/Vimla-Pan_jpeg.rf.bb7fa5028a6765b631f24771d98b66cd_Name.jpg,VIMALA DEVI PANCHAL
output/cropped_outputs/Name/91_PAN_jpg.rf.3abe87ade4c0c7d9d46ea38ea9b2e769_Name.jpg,SANJAY KUMAR PRAJAPATI
output/cropped_outputs/Name/bnw_image_139_jpg.rf.229b19ebeb311782f21ec0b249ed3aac_Name.jpg,MAHAVEER OLA
output/cropped_outputs/Name/4abfeb59-imgtopdf_generated_2208201757059_page-43_jpg.rf.7d022996eb73cd021046667f06d1246a_Name.jpg,KOUSHIK TANTUBAI
output/cropped_outputs/Name/pan-card-of_jpg.rf.e99ec1c80dc50f7144b64cf1a57debfb_Name.jpg,RAJ KUMAR
output/cropped_outputs/Name/9162825938_jpg.rf.ff61f9aeec3f9170e6fef385e9474f00_Name.jpg,ROHIT KUMAR GIRI
output/cropped_outputs/Name/Naresh-PAN_jpg.rf.5695d0e9a5aee63c427e63b14534ce6f_Name.jpg,NARESH KUMAR
output/cropped_outputs/Name/IMG-20240224-WA0011_jpg.rf.279b064fbe15c50bca5cd825c6e2a60e_Name.jpg,PRADEEP K
output/cropped_outputs/Name/2_jpg.rf.2a0d1a13854570732bb93f1ca72ce6ae_Name.jpg,RAKESH KASANA
output/cropped_outputs/Name/bc_image_151_jpg.rf.abb83a17935e11ccfdf45e5fcfd08957_Name.jpg,MAYA BAI
output/cropped_outputs/Name/01215317330013_jpg.rf.96b638bbd3e91d79a243466c58961306_Name.jpg,SANDEEP KUMAR
output/cropped_outputs/Name/24_PAN_jpg.rf.11ee7536870e3254d3997d0112f93e61_Name.jpg,AJAY PATEL
output/cropped_outputs/Name/bnw_image_205_jpg.rf.1cc243f38e385a2d92a8cca8a9e85192_Name.jpg,PRAVEEN KUMAR M UDAGI
output/cropped_outputs/Name/roop-singh-pan_jpeg.rf.75b7b2b7d935057b7b82f6d8bf42e120_Name.jpg,ROOPSINGH RAJPUT
output/cropped_outputs/Name/bc_image_003_jpg.rf.ce5195b2b5afd567f556fca9d0d29a2f_Name.jpg,DEBASHIS ROY
output/cropped_outputs/Name/vithal-pan_jpeg.rf.61a1f0c8535f676715ecde55f9cd8f77_Name.jpg,VITHAL SINGH
output/cropped_outputs/Name/bc_image_103_jpg.rf.4cf3ebd96838ff316c57e8ae4fdcb3f6_Name.jpg,GHANSHYAM
output/cropped_outputs/Name/bnw_image_041_jpg.rf.b41c575b84e4ade2269bae6415a2f412_Name.jpg,MAKARAND PRAKASH GARATE
output/cropped_outputs/Name/8402957537_jpg.rf.73ebd2471328ef5c6921881fe12b9895_Name.jpg,IKBAL HUSSAIN
output/cropped_outputs/Name/RADHA-PAN-CARD_page-0001_jpg.rf.d975dd8f3d5c7a38694887d6454d19de_Name.jpg,RADHA OJHA
output/cropped_outputs/Name/Rajendra-Singh-PAN_page-0001_jpg.rf.b43f391d9889b0749b11d945935d6e32_Name.jpg,RAJENDRA SINGH SOLANKI
output/cropped_outputs/Name/Panna_Pan_jpg.rf.9a113edfda9f332130426175754cc9ed_Name.jpg,PANNA LAL GURJAR
output/cropped_outputs/Name/Screenshot-2024-09-11-at-5-31-14-PM_png.rf.b35f55c621aa9d69475d6474a6b6aca6_Name.jpg,TANKNATH
output/cropped_outputs/Name/Babulal-PAN_page-0001_jpg.rf.3bd1a283d171071440399db84378d887_Name.jpg,BABULAL SAINI
output/cropped_outputs/Name/bc_image_141_jpg.rf.7a382546bb3367acc2eccf9a7d2b350f_Name.jpg,MAMTA PANDYA
output/cropped_outputs/Name/PAN_Card_20240702_180812051_jpg.rf.412e5cc254ac636c944c64c3555cfcb0_Name.jpg,SABAH ANJUM
output/cropped_outputs/Name/29_jpg.rf.f7167bd7ed71246517009d02b585d832_Name.jpg,NITESH KUMAR
output/cropped_outputs/Name/bc_image_214_jpg.rf.61d878f6d5fe048761085fda7e28ba96_Name.jpg,JOSHI RAJENDRABHAI B
output/cropped_outputs/Name/PAN_Card_20240702_170651139_jpg.rf.1849e3a8d42cb1b8b5200f9d65905f4b_Name.jpg,HASEENA BEGUM
output/cropped_outputs/Name/pan-card-parma-ram_page-0001_jpg.rf.cee5995608fa2511dd56a343bca5ac96_Name.jpg,PARAMARAM
output/cropped_outputs/Name/bnw_image_066_jpg.rf.b345db564b9fa038783653b18226bd15_Name.jpg,AJIJ
output/cropped_outputs/Name/bnw_image_122_jpg.rf.ee13fd1ea46dc044bc8ce2b86a58adf5_Name.jpg,KALU LAL SALVI
output/cropped_outputs/Name/bc_image_043_jpg.rf.d4818e0f171c13ba1b8a3edc7e267976_Name.jpg,A MOHAMED SAIFUDEEN
output/cropped_outputs/Name/bc_image_068_jpg.rf.f67f54dff70b3e73ea96dbe88aceadf5_Name.jpg,ARJUN KUMAR BENIWAL
output/cropped_outputs/Name/bc_image_183_jpg.rf.013259b1d9515bd4fb8f710fc8b21abf_Name.jpg,SAFIA KHAN
output/cropped_outputs/Name/bnw_image_229_jpg.rf.9e87f8b4117990617696ed6f6426c565_Name.jpg,RADHA OJHA
output/cropped_outputs/Name/01225511530017_jpg.rf.19952318b0334cea38d3ccc6456db473_Name.jpg,SOMNATH SHIVAJI HANKARE
output/cropped_outputs/Name/11_PAN_jpg.rf.6039005b03450f15691c2275d34f9948_Name.jpg,FIRST NAME MIDDLE NAME SURNAME
output/cropped_outputs/Name/01217236730015_jpg.rf.ca90f4ae202f2d845524ee6d7a1658f0_Name.jpg,AVDHESH PRASAD PATEL
output/cropped_outputs/Name/bnw_image_132_jpg.rf.e978bfd5e51dfc5efb6e8c9a5e1787a3_Name.jpg,LALA RAM
output/cropped_outputs/Name/bc_image_016_jpg.rf.396babc386989f19191c074d59489401_Name.jpg,MD ABDULLA AL GALIB
output/cropped_outputs/Name/bnw_image_239_jpg.rf.befb7976a9df5bbc3c99835ab78f9e39_Name.jpg,RINKU BISHWASA NAMOSUDA
output/cropped_outputs/Name/bc_image_053_jpg.rf.001028d9b7a83b003fb9393dd5772ddc_Name.jpg,JASHWANT MEENA
output/cropped_outputs/Name/01563141730011_jpg.rf.c198d1cf3e7e0e40221319d22805e6b1_Name.jpg,UJJAL HOSSAIN
output/cropped_outputs/Name/bc_image_220_jpg.rf.862223a4ffd6104afdf88af2190a07ce_Name.jpg,PRAKASH RAM
output/cropped_outputs/Name/bc_image_116_jpg.rf.c67cf136e2a875b347f546f0245ea8ff_Name.jpg,JAGDISH PURI
output/cropped_outputs/Name/bc_image_183_jpg.rf.24fc1f1887817b8a45b738a809526e39_Name.jpg,SAFIA KHAN
output/cropped_outputs/Name/bc_image_037_jpg.rf.cb973cc0fe78fa164cf5f71067b114d6_Name.jpg,NITIN JITURI
output/cropped_outputs/Name/35_jpg.rf.1c51fea7119994c9f9c7220b11054afc_Name.jpg,RENUKA VINOD SONAR
output/cropped_outputs/Name/Guarantor-Mayank_Pan_jpg.rf.381f6e5d9198531ee1220351f3142b49_Name.jpg,MAYANK GARG
output/cropped_outputs/Name/PAN_Card_20240702_173020584_jpg.rf.cc9816ea8ac2fa2b42175497ee2aa0bf_Name.jpg,SHIVAKUMAR
output/cropped_outputs/Name/SEETA-PAN-CARD_page-0001_jpg.rf.0d4dc6c7e73b13b9a2471be4a8dfb940_Name.jpg,SEETA CHOUDHARY
output/cropped_outputs/Name/bc_image_062_jpg.rf.092130e43be70d56270abfdd439a460a_Name.jpg,ANKUSH PANCHAL
output/cropped_outputs/Name/bc_image_180_jpg.rf.aba518097ad92fa3e6918ccf5af0bf67_Name.jpg,KARANSINGH KESHARSINGH RATHORE
output/cropped_outputs/Name/gaurantor-pan-card_jpeg.rf.876cdf475592733b367c14b92554c2ef_Name.jpg,JITENDRA SWAMI
output/cropped_outputs/Name/bc_image_096_jpg.rf.0898279fc276042659e5e42c4e6e320c_Name.jpg,VINAYKUMAR H S
output/cropped_outputs/Name/Kanta-Pan-Card_jpg.rf.6d42d4372e437ee0ed3d896790275e9c_Name.jpg,KANTA
output/cropped_outputs/Name/Mahaveer-Pancard_jpeg.rf.2669e3627311b74524108c95258a49dd_Name.jpg,MAHAVEER OLA
output/cropped_outputs/Name/PAN_Card_20240702_150444965_jpg.rf.2a38db66d096d9675663fd49aff91f13_Name.jpg,GUNASHEKAR G
output/cropped_outputs/Name/bnw_image_224_jpg.rf.d1f50cf525f2db3a605d5fc91af00f05_Name.jpg,PREM DEVI NAI
output/cropped_outputs/Name/PAN_jpeg.rf.c6ce5bdbd947d3f2c9a5983dceb7b5d5_Name.jpg,RAKESH NINAMA
output/cropped_outputs/Name/Gopal-ji-pan-card_page-0001_jpg.rf.c670c29cd323e335e73aedd4c11f8d81_Name.jpg,ISHWAR SINGH
output/cropped_outputs/Name/bnw_image_141_jpg.rf.edeafaa9d5f6c3ebb444d7cd49f891f9_Name.jpg,MAMTA PANDYA
output/cropped_outputs/Name/bnw_image_181_jpg.rf.285d5e98ce86556dcbf70694a8788bc1_Name.jpg,IRFAN
output/cropped_outputs/Name/3_jpg.rf.f82e943463d0fdf14a9e38498c3c6266_Name.jpg,SUNIT B BHUMAR
output/cropped_outputs/Name/bnw_image_106_jpg.rf.2be8019531e37739bad8374615b12529_Name.jpg,ISHWAR SINGH
output/cropped_outputs/Name/9_PAN_jpg.rf.a1771e983f01fad71817e0bb0815654b_Name.jpg,FIRST NAME MIDDLE NAME SURNAME
output/cropped_outputs/Name/01263124150013_jpg.rf.0721a416e955aa19eaf3d15224736f2a_Name.jpg,RAJNISH KUMAR MISHRA
output/cropped_outputs/Name/16_PAN_jpg.rf.c75e2840a0877213208763eadd4c1e36_Name.jpg,ADITYA KUBDE
output/cropped_outputs/Name/01611485750018_jpg.rf.fec745eb8df70d2e83fa03b27711c3b8_Name.jpg,SURESH KUMAR RAI
output/cropped_outputs/Name/bc_image_173_jpg.rf.a450a639b58442cdc1896e7a4473cdb8_Name.jpg,SANNU BAI JAIN
output/cropped_outputs/Name/Prakash-Pan-Card_jpg.rf.b849212a8882bea5899db262d80bd20d_Name.jpg,PRAKASH RAM
output/cropped_outputs/Name/Mansingh-Pan-Card_page-0001_jpg.rf.0405d20e4d9c812eeb6de9a535ad6cd4_Name.jpg,MAN SINGH CHUDAWAT
output/cropped_outputs/Name/bnw_image_052_jpg.rf.acef800d996b24b001fa1c1a6876f431_Name.jpg,HEMRAJ MEENA
output/cropped_outputs/Name/bnw_image_097_jpg.rf.13a7105174977e7cb077cc3219b3954f_Name.jpg,GANESH MEENA
output/cropped_outputs/Name/01231576410019_jpg.rf.2dc8204f907d66889806d59ad7e8c906_Name.jpg,SERAJ ANSARI
output/cropped_outputs/Name/PAN_Card_20240703_104029804_jpg.rf.01d6bd2c7fb5c3860c7355766a6cd677_Name.jpg,RAHUL SAJJAN
output/cropped_outputs/Name/01577523110010_jpg.rf.a72df353869cc0ae75476501dadb0382_Name.jpg,JAIBIR SINGH
output/cropped_outputs/Name/21_PAN_jpg.rf.a3ec8f2f2873ec6472707e4dbd45eddc_Name.jpg,SURENDRA SINGH
output/cropped_outputs/Name/PAN_Card_20240701_102658933_jpg.rf.21de6f09d4e4c22f9c493bb22b1ea1a6_Name.jpg,AKASH T B
output/cropped_outputs/Name/01599646500012_jpg.rf.b128dbbcd19b6a68531bce5eaa6569fb_Name.jpg,SAHANAJ BIBI
output/cropped_outputs/Name/PAN-Saju_jpeg.rf.da162cd470212dbdc19302adf5733ff3_Name.jpg,SAJU KUNWAR
output/cropped_outputs/Name/bnw_image_134_jpg.rf.7c9103119906d17d6fda48efae324ece_Name.jpg,LICHHMAN RAM KUMAWAT
output/cropped_outputs/Name/bnw_image_047_jpg.rf.9ae613f58b1894139ff75419cab4fa7c_Name.jpg,BILAS MAFTY
output/cropped_outputs/Name/bc_image_211_jpg.rf.6f70d8278b53a6b2496f29567efa6fb2_Name.jpg,SABAH ANJUM
output/cropped_outputs/Name/bc_image_231_jpg.rf.21fb3c8b5a86c8c02f92a77e0cf01f4f_Name.jpg,MOHAMMED RAFIK
output/cropped_outputs/Name/11_PAN_jpg.rf.8500135eca8613205a88eb74f24e930d_Name.jpg,FIRST NAME MIDDLE NAME SURNAME
output/cropped_outputs/Name/7_PAN_jpg.rf.630016e7ebbb05d09330214edba420f1_Name.jpg,VIJAY KUMAR
output/cropped_outputs/Name/bnw_image_012_jpg.rf.1b137898818a09f254a1c9b4b3035709_Name.jpg,RAJNISH KUMAR MISHRA
output/cropped_outputs/Name/bnw_image_250_jpg.rf.546c9f4569a103c7bc4ae015cb8a0d2b_Name.jpg,SHABANAM PATHAN
output/cropped_outputs/Name/bnw_image_263_jpg.rf.8d2546acd013f2f924c0542d5876a947_Name.jpg,SURESH KUMAR NITHARWAL
output/cropped_outputs/Name/bc_image_007_jpg.rf.9887ed1e7e5372ef7cccd83c3a3af162_Name.jpg,SOMNATH SHIVAJI HANKARE
output/cropped_outputs/Name/bnw_image_207_jpg.rf.67941d9e58ff72980b71e0f6f610cf39_Name.jpg,KENCHAVEERAPPA RANGASWAMY
output/cropped_outputs/Name/bnw_image_223_jpg.rf.6124597e8045283c8d0e96f3b29cdcf4_Name.jpg,PRAVIN MOGA PRAJAPAT
output/cropped_outputs/Name/01274722210012_jpg.rf.d17c322609aaeaa8b8bfdaa32d3a8403_Name.jpg,RAJESH KUMAR
output/cropped_outputs/Name/image19_jpeg.rf.f091e96383f4a7f84fcbf54594ac47bc_Name.jpg,SAIFALI ANSARI
output/cropped_outputs/Name/bnw_image_263_jpg.rf.dae0030464e24c5500ced3be3c020ad1_Name.jpg,SURESH KUMAR NITHARWAL
output/cropped_outputs/Name/80db6ff7-imgtopdf_generated_2208201757059_page-76_jpg.rf.90cfe76724ec62cb7e9d04a8dc515bcc_Name.jpg,BILAS MAITY
output/cropped_outputs/Name/PAN_Card_20240702_111912125_jpg.rf.c20bd2430d15149fdacc288feaaf41f2_Name.jpg,MANJUNATHA M N
output/cropped_outputs/Name/bc_image_132_jpg.rf.26265f0be91c13a80e9ab0acabce18c7_Name.jpg,LALA RAM
output/cropped_outputs/Name/bnw_image_266_jpg.rf.a97b466b08343cbebfcb81ff632e0e7a_Name.jpg,VIMALA DEVI PANCHAL
output/cropped_outputs/Name/Prakash-Pan-Card_jpg.rf.e6e98360d7e213ff4e036710b2cb34de_Name.jpg,PRAKASH RAM
output/cropped_outputs/Name/99_PAN_jpg.rf.8502048ea0653906f693790a3d7bdd09_Name.jpg,RAHUL ASARAM NATHBHAJAN
output/cropped_outputs/Name/pushpa-pAn-card_page-0001_jpg.rf.2651a69d9521e0404b364a8b752d2039_Name.jpg,PUSHPA
output/cropped_outputs/Name/bnw_image_237_jpg.rf.71e870c3774d0b2fd393dd7397145dd9_Name.jpg,RATAN LAL
output/cropped_outputs/Name/bnw_image_021_jpg.rf.c332b481e46c40573eb63e9e37c3c1f7_Name.jpg,RAKESH KUMAR RATHORE
output/cropped_outputs/Name/bc_image_149_jpg.rf.94b645192c1de89323c566088fae26c3_Name.jpg,MANOHAR LAL
output/cropped_outputs/Name/bnw_image_101_jpg.rf.a3fb56f41db706693704421b5d79b75e_Name.jpg,JITENDRA SWAMI
output/cropped_outputs/Name/bnw_image_085_jpg.rf.15f9758a21b310679bf878be05b996ac_Name.jpg,CHHOTU LAL
output/cropped_outputs/Name/PAN_Card_20240702_172120999_jpg.rf.58f419a8bdb38a79ebb79bc47426ed4b_Name.jpg,USHA S G
output/cropped_outputs/Name/bnw_image_142_jpg.rf.201399c8d63e97919ea335e15b3a5df9_Name.jpg,MAMTA YADAV
output/cropped_outputs/Name/bc_image_024_jpg.rf.5013b792c1a8558a3209df8465bf8f37_Name.jpg,TAHZEEN
output/cropped_outputs/Name/bc_image_014_jpg.rf.6b90e75c6c07be26e67e94cf0610f356_Name.jpg,SATYANARAYAN DAS
output/cropped_outputs/Name/bc_image_117_jpg.rf.21380e873268571afb41258b6823ee97_Name.jpg,JETHA RAM
output/cropped_outputs/Name/bc_image_071_jpg.rf.cbd1f5795276dd07dff28f2e4c3e89ad_Name.jpg,BABULAL SAINI
output/cropped_outputs/Name/19_jpg.rf.983cd7818a8da0bfd04874c29ef9e082_Name.jpg,ANUP KUMAR BANERJEE
output/cropped_outputs/Name/01262414660017_jpg.rf.f9239034c9d24fb1ca2d9efe58721ccb_Name.jpg,KAUSHAL KISHORE
output/cropped_outputs/Name/GTR_Ganesh_Pan_jpg.rf.63cbc0d9a95eacbd47314f95ffcc0864_Name.jpg,GANESH GURJAR
output/cropped_outputs/Name/bnw_image_130_jpg.rf.9973972ac536f1a148346657ea488d03_Name.jpg,KHERU NISA
output/cropped_outputs/Name/bc_image_056_jpg.rf.5261887a701a3da6b72b60ce86bd762d_Name.jpg,AMARA RAM
output/cropped_outputs/Name/Laxman-PAN_page-0001_jpg.rf.9e84ea75d8b1ef4827d0a55e218911e5_Name.jpg,LICHHMAN RAM KUMAWAT
output/cropped_outputs/Name/bnw_image_240_jpg.rf.3fd550b5f85347d66736010a016e658c_Name.jpg,ROOPSINGH RAJPUT
output/cropped_outputs/Name/20_PAN_jpg.rf.7eab9987efacc4de584d2ba72c8cf7f9_Name.jpg,PRIYANKA BABAN LOHAR
output/cropped_outputs/Name/PAN_Card_20240702_151953847_jpg.rf.a217bce79cc2b3191a2906036d609911_Name.jpg,GIREESHA S N
output/cropped_outputs/Name/bc_image_032_jpg.rf.dcb49aebb0ab32f271cf79ab86adfd95_Name.jpg,SURENDRA SINGH
output/cropped_outputs/Name/bc_image_058_jpg.rf.948714746e1b1e1d067a42035bd8dc45_Name.jpg,ANJANA PATIDAR
output/cropped_outputs/Name/8402957537_jpg.rf.86ab933a34b7305cbba96412da842a03_Name.jpg,IKBAL HUSSAIN
output/cropped_outputs/Name/bc_image_152_jpg.rf.de12067235f550c7ff43d0caf480b721_Name.jpg,MOGAJI
output/cropped_outputs/Name/Samuti-PAN_jpeg.rf.db52b383f5d6fb21ef289b93433706ef_Name.jpg,SAMUTI RAWAT
output/cropped_outputs/Name/bnw_image_096_jpg.rf.ccfa7c311350cae7f05126f60a8c50c4_Name.jpg,VINAYKUMAR H S
output/cropped_outputs/Name/bnw_image_269_jpg.rf.d06552c40be897d1da8fd99f87a13e1c_Name.jpg,YUVRAJ MAHARSHI
output/cropped_outputs/Name/bc_image_086_jpg.rf.747046ffe51a291ce8d487eeb76de500_Name.jpg,CHHOTU LAL
output/cropped_outputs/Name/bc_image_049_jpg.rf.8e6f984dcd580798bb6647e14e64071d_Name.jpg,ROHIT KUMAR GIRI
output/cropped_outputs/Name/Anil_Pan_jpg.rf.ababd72103b42a4e924cfc22b1a67d02_Name.jpg,ANIL LAVJI RAO
output/cropped_outputs/Name/1_jpg.rf.117576c2927f2133a11bc20c8c9b89c9_Name.jpg,KOCHERLA SRIKANTH
output/cropped_outputs/Name/Trust-PAN_jpeg.rf.122f317ec0c60f11488d0ffafb1fb02f_Name.jpg,MONARK PUBLIC SHIKSHAN SANSTHAN
output/cropped_outputs/Name/Pan-Card_page-0001_jpg.rf.50a8d56549e902479ef425d9ed0d0a07_Name.jpg,RAMJILAL YADAV
output/cropped_outputs/Name/63_PAN_jpg.rf.1a96a1a1ee666e8b7cce185b04b4ea17_Name.jpg,MAKARAND PRAKASH GARATE
output/cropped_outputs/Name/bc_image_216_jpg.rf.2e00a7998221c85a53fa5aa0d3a71b3f_Name.jpg,PAWAN KUMAR SAINI
output/cropped_outputs/Name/bc_image_155_jpg.rf.8f32703fcff7bc73d99b6e6f9dfd44b1_Name.jpg,SHUSHIL KUMAR
output/cropped_outputs/Name/bc_image_085_jpg.rf.99c2d6110778b26e79dc2311c013a33a_Name.jpg,CHHOTU LAL
output/cropped_outputs/Name/01215463130017_jpg.rf.1c523b45470a0b3de8fe845546a37f62_Name.jpg,MASALKAR AVINASH NANABHAU
output/cropped_outputs/Name/bc_image_236_jpg.rf.e0b25637b88e66450ff50fd16a3a4bd1_Name.jpg,RATAN SINGH MEENA
output/cropped_outputs/Name/bnw_image_115_jpg.rf.3bed4a19ed31b14824eaf3f1d65aad50_Name.jpg,INDER SINGH CHOUDHARY
output/cropped_outputs/Name/bnw_image_090_jpg.rf.557f2c00d2aba5484fb4281603a8d5ef_Name.jpg,JOSHI SAURABH RAJENDRA
output/cropped_outputs/Name/bnw_image_155_jpg.rf.de171c1f433f09254f93ad8d77fa5f65_Name.jpg,SHUSHIL KUMAR
output/cropped_outputs/Name/bnw_image_094_jpg.rf.0f46a1e879f7024cb96c330e963779d6_Name.jpg,RAWAT DILIP
output/cropped_outputs/Name/bc_image_214_jpg.rf.84e417ec9259b7fead1b49d086946fed_Name.jpg,JOSHI RAJENDRABHAI B
output/cropped_outputs/Name/bnw_image_236_jpg.rf.881c435a8772c3bb71457c1a73adce35_Name.jpg,RATAN SINGH MEENA
output/cropped_outputs/Name/App_-Anandaraj-Pan-Card-1-_page-0001_jpg.rf.8351b36387113997aef481209ce03a4d_Name.jpg,ANANDARAJ
output/cropped_outputs/Name/bc_image_084_jpg.rf.3040b0358eb630bd8fa58adf502932ed_Name.jpg,CHIRAG JAIN
output/cropped_outputs/Name/01251136330013_jpg.rf.df60e09ac23d8c60545c293c87f02254_Name.jpg,SHAIKH MUSHTAQUE SHAIKH RAFIQ
output/cropped_outputs/Name/1000093608-UNITED-PAN-1_jpg.rf.53e95960a959c105a64e1d3fd59bc3c2_Name.jpg,SAYI DARSHITH
output/cropped_outputs/Name/IMG-20240224-WA0011_jpg.rf.a23a947935841e40b03fc015f8905b4a_Name.jpg,PRADEEP K
output/cropped_outputs/Name/Sushila-Pan_jpg.rf.a53ef5c6f810c8854f5cd6036e594f1e_Name.jpg,SUSHILA
output/cropped_outputs/Name/PAN_Card_20240702_154034177_jpg.rf.4e2bfca97d14f0d746cd6aaa73ec483d_Name.jpg,SANGEETHA NAIR K S
output/cropped_outputs/Name/bnw_image_205_jpg.rf.0317bacf321d153b380410020e7ce9e1_Name.jpg,PRAVEEN KUMAR M UDAGI
output/cropped_outputs/Name/Ratan-PAN_jpg.rf.38392fcc618817159a615a4eeaae1aae_Name.jpg,RATAN LAL
output/cropped_outputs/Name/bnw_image_265_jpg.rf.ebf7772b9fa3a382a08b8945991e7849_Name.jpg,MONARK PUBLIC SHIKSHAN SANSTHAN
output/cropped_outputs/Name/bc_image_008_jpg.rf.379310ec6981d74471aee8ac571ba809_Name.jpg,SERAJ ANSARI
output/cropped_outputs/Name/01725443260010_jpg.rf.e3118f041f4695aa2169496bafaba1a0_Name.jpg,HARPREET KAUR
output/cropped_outputs/Name/bnw_image_206_jpg.rf.db64538d57a6cf38c97e9d15983ada8a_Name.jpg,MANJUNATHA M N
output/cropped_outputs/Name/bc_image_161_jpg.rf.38e3538873ddb16f7442d53ce89564e4_Name.jpg,ARTI
output/cropped_outputs/Name/bc_image_034_jpg.rf.e87868da4ae3709c9fcef60cfcf7b518_Name.jpg,PRIYANKA BABAN LOHAR
output/cropped_outputs/Name/Mangi-Lal-Pan-Card_jpg.rf.746e4f6d75fe3572a4c41a6cc49235be_Name.jpg,MANGI LAL
output/cropped_outputs/Name/01151242750019_jpg.rf.bccbbe51f6403590009b564b321f37a6_Name.jpg,SK SARJID UDDIN
output/cropped_outputs/Name/bc_image_036_jpg.rf.4fc54ac324895b6f30957380a7bbab6c_Name.jpg,RENUKA VINOD SONAR
output/cropped_outputs/Name/01214635550018_jpg.rf.9d703cbe98b4be0612e6cf356926b782_Name.jpg,SOHRAB ALAM NAWAB KHAN
output/cropped_outputs/Name/Ganesh-PAN_jpeg.rf.d69be418ae46b42fa2af85261d70dc84_Name.jpg,GANESH MEENA
output/cropped_outputs/Name/bc_image_251_jpg.rf.9d0bc0bc6cad7f9cda8c73a25e4dbcc6_Name.jpg,SHAHRUKH KHAN PATHAN
output/cropped_outputs/Name/bnw_image_045_jpg.rf.8272047ece185b00e1a914f17154c402_Name.jpg,VIJAY KUMAR
output/cropped_outputs/Name/10_PAN_jpg.rf.79178a13bf1391da4fc60ccd486a13f1_Name.jpg,RAKESH KUMAR RATHORE
output/cropped_outputs/Name/Sangita-Pan_page-0001_jpg.rf.520ddd98189939db2f7caebacd9adc19_Name.jpg,SANGITA
output/cropped_outputs/Name/App-Arjun-Ram-Pan-Card_page-0001_jpg.rf.c382749938634f6e16cbf2f415fc6598_Name.jpg,ARJUN RAM
output/cropped_outputs/Name/01338208270013_jpg.rf.4f66dc0942149328b234cfe54b1d75bf_Name.jpg,ASHISH PATIDAR
output/cropped_outputs/Name/bc_image_207_jpg.rf.269f739e8cbfcbd818fa3494115ea2c7_Name.jpg,KENCHAVEERAPPA RANGASWAMY
output/cropped_outputs/Name/47_PAN_jpg.rf.2ede538aa47ee486755ec07ec502565e_Name.jpg,NITIN JITURI
output/cropped_outputs/Name/01111534630016_jpg.rf.ab979d98a3fe47dd3ecb7a40b87aa53b_Name.jpg,SONU PATHAK
output/cropped_outputs/Name/bc_image_240_jpg.rf.3df2adf3f56313c30f59eaf3367acc36_Name.jpg,ROOPSINGH RAJPUT
output/cropped_outputs/Name/PAN_Card_20240701_102658933_jpg.rf.0ade25e6c43a84145697b640e58c7c25_Name.jpg,AKASH T B 
output/cropped_outputs/Name/bnw_image_038_jpg.rf.0940818eed2d8057eece875c33e47502_Name.jpg,NEHA JAIN
output/cropped_outputs/Name/89_PAN_jpg.rf.cbab82ae858aef0a867c4351300bf7a9_Name.jpg,JITENDRA KUMAR ARORA
output/cropped_outputs/Name/1710411256675_jpeg.rf.431afcb1294a845a345849fe3eb5067e_Name.jpg,NANDHINI B
output/cropped_outputs/Name/bnw_image_093_jpg.rf.772e2e9a81df2dde37cdabd8b7748624_Name.jpg,DHAPU DEVI
output/cropped_outputs/Name/92_jpg.rf.6fe257e686237267aeb0e5bf82bd3dd8_Name.jpg,INDRANI D
output/cropped_outputs/Name/31_PAN_jpg.rf.e75dba731251150a6c55cf7bce9a7cd9_Name.jpg,ABHISHEK GUPTA
output/cropped_outputs/Name/IMG-20240224-WA0019_jpg.rf.a6e9803a98b1965f576a468dc6d16321_Name.jpg,ARASH DHARSHAN S
output/cropped_outputs/Name/bc_image_253_jpg.rf.6d2a727bf0958193f72b29c5214745d6_Name.jpg,SHANTA PURI
output/cropped_outputs/Name/PAN_Card_20240702_191406532_jpg.rf.1ca23bfd4f77446f18196642c3b5b284_Name.jpg,MD SALMAN
output/cropped_outputs/Name/aadar-pan-jaswant-1_page-0010_jpg.rf.fa42a38240721ad3a41601ce0968c9fe_Name.jpg,JASHWANT MEENA
output/cropped_outputs/Name/bnw_image_089_jpg.rf.c6356d2553aab67904180b568f2e5a06_Name.jpg,JOSHI RAJENDRABHAI B
output/cropped_outputs/Name/Leru-Puri-PAN_page-0001_jpg.rf.dd483659b690dd36d240a94940410aac_Name.jpg,LERU PURI
output/cropped_outputs/Name/bc_image_109_jpg.rf.5b595e6322a5895149eb0edf086e89e5_Name.jpg,PHOOLCHAND
output/cropped_outputs/Name/Mamta-PAn_jpeg.rf.76357d20a8f9e836e9c79640e2993b03_Name.jpg,MAMTA PANDYA
output/cropped_outputs/Name/01215352310017_jpg.rf.2cd063e78cfd7735c886809dd9f78813_Name.jpg,VED PRAKASH KUMAR
output/cropped_outputs/Name/bnw_image_018_jpg.rf.cfe20e74c8ded0502b5d167a478668cf_Name.jpg,HARPREET KAUR
output/cropped_outputs/Name/bc_image_014_jpg.rf.7ca8519bbeb0be81ae8cac9236411664_Name.jpg,SATYANARAYAN DAS
output/cropped_outputs/Name/Leru-Puri-PAN_page-0001_jpg.rf.89a410d3a020ee9f66b37c6f13ea8df5_Name.jpg,LERU PURI
output/cropped_outputs/Name/bc_image_148_jpg.rf.a055e551bf8e07ff7d45233b08846e98_Name.jpg,MANJULA DEVI PANCHAL
output/cropped_outputs/Name/01125761720016_jpg.rf.4d19ae88975945e5a4f11ce18085bb77_Name.jpg,ABDULAZIZ AWATI
output/cropped_outputs/Name/bnw_image_069_jpg.rf.b53a708d1535a7b1e74165abc97a2dd9_Name.jpg,ASHA SISODIA
output/cropped_outputs/Name/80db6ff7-imgtopdf_generated_2208201757059_page-76_jpg.rf.dca8338f00dd60e3930a08b0f1c43348_Name.jpg,BILAS MAITY
output/cropped_outputs/Name/bnw_image_227_jpg.rf.bca8613fede96424fa2c9d4fbceb0d8a_Name.jpg,PUSHPA DEVI
output/cropped_outputs/Name/bnw_image_076_jpg.rf.3035555db29cf51fb30496c401fe749c_Name.jpg,BHAGURAM SAMOTA
output/cropped_outputs/Name/13_PAN_jpg.rf.1c67e5831533d36f45bc6e263300c73f_Name.jpg,TAHZEEN
output/cropped_outputs/Name/Co-App_-Laxmi-Pan-Card-1-_page-0001_jpg.rf.45738ae834c0bcb021d054681dfb57a1_Name.jpg,LAXMI
output/cropped_outputs/Name/PAN_Card_20240702_125404493_jpg.rf.930068037ae64849e08927a47c9075c2_Name.jpg,KENCHAVEERAPPA RANGASWAMY
output/cropped_outputs/Name/01776262270018_jpg.rf.a535819b9514bf6ae4ba099847ecdd40_Name.jpg,SOUVIK HALDER
output/cropped_outputs/Name/bc_image_125_jpg.rf.f5a81863af9288139196f38677b5b0a0_Name.jpg,KAMLESH KUMAR YADAV
output/cropped_outputs/Name/bc_image_003_jpg.rf.5e76546ab97b78d5e51f19c2c5fa4421_Name.jpg,DEBASHIS ROY
output/cropped_outputs/Name/bc_image_111_jpg.rf.99b542cc7c494a30b8936110879a360d_Name.jpg,ARVIND KUMAR PRAJAPAT
output/cropped_outputs/Name/bc_image_174_jpg.rf.3faeecb753be47e6b059221630f04517_Name.jpg,SUNIL HARIJAN
output/cropped_outputs/Name/PAN_Card_20240702_151953847_jpg.rf.664427a4afdbd7fdab72376afd8bbbde_Name.jpg,GIREESHA S N
output/cropped_outputs/Name/Shanta-Puri-PAN_page-0001_jpg.rf.0575d0fbbfbf43f1b649aef4911afd27_Name.jpg,SHANTA PURI
output/cropped_outputs/Name/bnw_image_099_jpg.rf.f680bb8210a92ab920629a623febbad2_Name.jpg,GATULAL YADAV
output/cropped_outputs/Name/01276174510017_jpg.rf.4f3d0451557bd40ee6e1e0791dff539d_Name.jpg,MAHTAB ANSARI
output/cropped_outputs/Name/PAN_Card_20240702_143115599_jpg.rf.7f079f86968a96a348f0e5cf7f5f6101_Name.jpg,ALTAF SHAH
output/cropped_outputs/Name/35_jpg.rf.b6d7e42c586aa6e1b8a96abad80819af_Name.jpg,RENUKA VINOD SONAR
output/cropped_outputs/Name/bc_image_229_jpg.rf.b39f6408610a81fb6ccefc01f25ee5b6_Name.jpg,RADHA OJHA
output/cropped_outputs/Name/01236464640010_jpg.rf.acfeb25982f8a5e7ba22fc07d47a9663_Name.jpg,ROHIT KUMAR
output/cropped_outputs/Name/bnw_image_269_jpg.rf.7a1266780fc65ae7349509ab3bf20be4_Name.jpg,YUVRAJ MAHARSHI
output/cropped_outputs/Name/aadar-pan-jaswant-1_page-0007_jpg.rf.4300f5590f7208895fd64d74367d04a0_Name.jpg,HEMRAJ MEENA
output/cropped_outputs/Name/01537155560015_jpg.rf.40f7052788f54d6f229433c20e0f888c_Name.jpg,MD ABDULLA AL GALIB
output/cropped_outputs/Name/bc_image_199_jpg.rf.0bd0dfeb979bfb031292c7a240b93f10_Name.jpg,PANNA LAL GURJAR
output/cropped_outputs/Name/17_jpg.rf.1d82fa04d9f2e5a5ebd98f67bf2c4b0f_Name.jpg,AJAY KUMAR SAW
output/cropped_outputs/Name/bnw_image_034_jpg.rf.50f6ea0daeb7f6e87c2494f56056c22c_Name.jpg,PRIYANKA BABAN LOHAR
output/cropped_outputs/Name/70_PAN_jpg.rf.ab320e769a58542fb7d3f713daa3cb56_Name.jpg,A MOHAMED SAIFUDEEN
output/cropped_outputs/Name/01422723140018_jpg.rf.369989a86508223aa76282d6a392bad8_Name.jpg,PRITI RANJAN SAHU
output/cropped_outputs/Name/pushpa-devi-pan-card_page-0001_jpg.rf.a0a8027089e3b08e6203ed2689fb834d_Name.jpg,PUSHPA DEVI
output/cropped_outputs/Name/bnw_image_087_jpg.rf.85bdb02228b1cf9eed6dd22a8bc3d31a_Name.jpg,GUDDI
output/cropped_outputs/Name/01245671710014_jpg.rf.9a8f7728c4e834503e07330275e311c1_Name.jpg,SYED AMINUL ISLAM
output/cropped_outputs/Name/bc_image_171_jpg.rf.03fc98b6dbc898c7ebb0d74c4bf26a15_Name.jpg,PARAMARAM
output/cropped_outputs/Name/bc_image_018_jpg.rf.e8f2843a2d8106683820beb8490fa842_Name.jpg,HARPREET KAUR
output/cropped_outputs/Name/bnw_image_240_jpg.rf.7cf8ab6b88266515311eaa75d77da101_Name.jpg,ROOPSINGH RAJPUT
output/cropped_outputs/Name/bc_image_167_jpg.rf.90d4d26c3e18c4bc8c0216872fa0dacd_Name.jpg,BRAJMOHAN
output/cropped_outputs/Name/bc_image_054_jpg.rf.36d866115a5173ec3cfc3887163fd5d5_Name.jpg,HEMRAJ MEENA
output/cropped_outputs/Name/bnw_image_201_jpg.rf.afbe3561b7280dee41f8ecccab8b1bb5_Name.jpg,AKASH T B
output/cropped_outputs/Name/bnw_image_154_jpg.rf.c77b3a8ad8800678334017c56b948333_Name.jpg,MUKESH KUMAR SEN
output/cropped_outputs/Name/bnw_image_050_jpg.rf.7801f6d1d8ee473c3550c874200d3242_Name.jpg,INDRANI D
output/cropped_outputs/Name/SUKUMAR-PAN_page-0001_jpg.rf.775b9e897941fa17836189e546357099_Name.jpg,SUKUMAR BISHWASA NAMOSUDA
output/cropped_outputs/Name/bnw_image_116_jpg.rf.cab3beeaea67ba5855fe1805587bfc9f_Name.jpg,JAGDISH PURI
output/cropped_outputs/Name/bc_image_113_jpg.rf.58deb24bfaa93e0a897be42c1af78dc2_Name.jpg,GUMAN RAM
output/cropped_outputs/Name/35_PAN_jpg.rf.b1ab408c67123c571a4f9737887c8418_Name.jpg,RENUKA VINOD SONAR
output/cropped_outputs/Name/bnw_image_216_jpg.rf.f0ff9c4deabe1bb8e259cb901be20d1e_Name.jpg,PAWAN KUMAR SAINI
output/cropped_outputs/Name/bc_image_104_jpg.rf.0ef07b8e5ef6557c49ed988b22dbbab0_Name.jpg,GOGA RAM
output/cropped_outputs/Name/bnw_image_091_jpg.rf.72cfdc62524e1d3133d5bba062c4c94d_Name.jpg,DEEPA
output/cropped_outputs/Name/bnw_image_067_jpg.rf.938b387d5c46f805bf1c351a17b9246d_Name.jpg,ANANDARAJ
output/cropped_outputs/Name/bc_image_157_jpg.rf.14b1813fb92579f90d8d29b05d39e217_Name.jpg,NARENDRA PANDYA
output/cropped_outputs/Name/bnw_image_028_jpg.rf.97be3db924d4f937c4f8392ae0c53fc7_Name.jpg,ANUP KUMAR BANERJEE
output/cropped_outputs/Name/bnw_image_149_jpg.rf.4e0cfc45f72dccd74ccfbeadf70ac57e_Name.jpg,MANOHAR LAL
output/cropped_outputs/Name/PAN_Card_20240702_122454538_jpg.rf.a18e60eb4de8bb1d28ff37305ee0f6f4_Name.jpg,SWAPNA V G
output/cropped_outputs/Name/01341463450015_jpg.rf.e06d486329327c831328ef8d29484d02_Name.jpg,SANDEEP PATIDAR
output/cropped_outputs/Name/bnw_image_020_jpg.rf.8a443d41cd3ebb13a84606c03a4fc65e_Name.jpg,RAJU SHANKAR KALASE
output/cropped_outputs/Name/bc_image_249_jpg.rf.0a821dfb6f66d595aeb6b8b2454606b6_Name.jpg,SHABBIR KHAN
output/cropped_outputs/Name/bnw_image_186_jpg.rf.40f1987aa6781546a6fe34cb05dc4d9b_Name.jpg,RAKESH NINAMA
output/cropped_outputs/Name/bc_image_186_jpg.rf.72f0f026d2089d1ebc4ebdd7e4570c6c_Name.jpg,RAKESH NINAMA
output/cropped_outputs/Name/bnw_image_011_jpg.rf.3f8b6757cd18a7da10b14f3b61012329_Name.jpg,KAUSHAL KISHORE
output/cropped_outputs/Name/papu-singh-pan-card-tambariya_page-0001_jpg.rf.e2c3b78b3a8f8fbd35c654f52aa30aa4_Name.jpg,PAPU SINGH
output/cropped_outputs/Name/Nand-PAN_jpeg.rf.3b1e6b1ead5eada1b440e9bdcdb290e4_Name.jpg,NANDKISHOR RENIWAL
output/cropped_outputs/Name/bc_image_013_jpg.rf.9968e3f5ddfc74da59707350223053ac_Name.jpg,RAJESH KUMAR
output/cropped_outputs/Name/bnw_image_152_jpg.rf.32c7472a3f98a18afeb52d878081c710_Name.jpg,MOGAJI
output/cropped_outputs/Name/PAN_Card_20240702_102138482_jpg.rf.7cf2bb8045ccf256c811e1af38d7d923_Name.jpg,AMJAD HUSSAIN
output/cropped_outputs/Name/bc_image_135_jpg.rf.5ce5befcad0eaca9eb623b9a0b06db52_Name.jpg,LERU PURI
output/cropped_outputs/Name/bnw_image_177_jpg.rf.ccca0de61721283b4d7065587aa7612f_Name.jpg,RAMJILAL YADAV
output/cropped_outputs/Name/bc_image_106_jpg.rf.5b54091156f4695bd132237d6c350f3f_Name.jpg,ISHWAR SINGH
output/cropped_outputs/Name/bnw_image_115_jpg.rf.6b61f51e83c43b2ab83e03aea10d24f2_Name.jpg,INDER SINGH CHOUDHARY
output/cropped_outputs/Name/6-Virendra-PAN_jpeg.rf.859df881d2efdabef21116f7d4898284_Name.jpg,VIRENDRA KUMAR JAIN
output/cropped_outputs/Name/Baby-Kanwar-Pan-Card_page-0001_jpg.rf.00cf1a39fe5627a56171d76af600692c_Name.jpg,BABY KANWAR
output/cropped_outputs/Name/PAN_Card_20240702_145310923_jpg.rf.212ec641ead0769e642739ff295c1838_Name.jpg,SANGEETA
output/cropped_outputs/Name/bnw_image_066_jpg.rf.9d349820f2b27ad18ba92fa852dda4c4_Name.jpg,AJIJ
output/cropped_outputs/Name/bnw_image_152_jpg.rf.409c2f4094f4a91a6046a44592d7bd58_Name.jpg,MOGAJI
output/cropped_outputs/Name/7_PAN_jpg.rf.e9f6f8ef4a32a02b4cf0fd5237715896_Name.jpg,VIJAY KUMAR
output/cropped_outputs/Name/YURAJ-PAN-CARD_page-0001_jpg.rf.92e171db6abc85e640aad844302bb147_Name.jpg,YUVRAJ MAHARSHI
output/cropped_outputs/Name/Shahrukh-Pan_jpeg.rf.8bae278f7426680b6c650e5d8fc9428f_Name.jpg,SHMIRUMK KHAN PATHAN
output/cropped_outputs/Name/bc_image_130_jpg.rf.bd658072e9ad693e5efc423734658147_Name.jpg,KHERU NISA
output/cropped_outputs/Name/bc_image_090_jpg.rf.6a00404492b275fe835217360f9d2c9e_Name.jpg,JOSHI SAURABH RAJENDRA
output/cropped_outputs/Name/Ghanshyam-PAN-ADHAR_page-0003_jpg.rf.d1376631a17a42bf8446f70bb0ce4f5c_Name.jpg,GHANSHYAM
output/cropped_outputs/Name/bnw_image_001_jpg.rf.31f94d60c7539e9dae261253ce753384_Name.jpg,SK SARJID UDDIN
output/cropped_outputs/Name/bnw_image_072_jpg.rf.8703c66060851e5d0c5a0eb028dd6b4d_Name.jpg,BABY KANWAR
output/cropped_outputs/Name/bc_image_012_jpg.rf.c59b68a622faac3868813ec5f9300929_Name.jpg,RAJNISH KUMAR MISHRA
output/cropped_outputs/Name/bc_image_035_jpg.rf.336273b67915fca59e2eccfad19d6f9a_Name.jpg,NITESH KUMAR
output/cropped_outputs/Name/bc_image_215_jpg.rf.0c074640be1cae3d60f9d51129e2e538_Name.jpg,PAPU SINGH
output/cropped_outputs/Name/bc_image_138_jpg.rf.7a753d9d5b382cdec0f58c4a30da4039_Name.jpg,MAGHA RAM
output/cropped_outputs/Name/bnw_image_034_jpg.rf.40d318acc10e8ef614f1708c3d0f0e11_Name.jpg,PRIYANKA BABAN LOHAR
output/cropped_outputs/Name/01212725670019_jpg.rf.4b19ee49a206b31bbe0dd9e660512dce_Name.jpg,GH RASOOL KUMAR
output/cropped_outputs/Name/01577523110010_jpg.rf.b56fa33ccfbf128941972a50737acd70_Name.jpg,JAIBIR SINGH
output/cropped_outputs/Name/bc_image_260_jpg.rf.6fcfdb45b5e9b3c3ef571b30e7116c16_Name.jpg,SUDHIR KUMAR JAIN
output/cropped_outputs/Name/bnw_image_212_jpg.rf.d753f7c40e3f02bf70a03c09b2d042a9_Name.jpg,MD SALMAN
output/cropped_outputs/Name/Laxman-PAN_page-0001_jpg.rf.228dc4e9dfab77f2c9a58b7c29f4b911_Name.jpg,LICHHMAN RAM KUMAWAT
output/cropped_outputs/Name/Kanta-Pan-Card_jpg.rf.ced47211617588efc53914221ed74a5c_Name.jpg,KANTA
output/cropped_outputs/Name/bnw_image_004_jpg.rf.3b34326364988fa21b187e32688a5ec6_Name.jpg,BHUPENDRA KUMAR NAYAK
output/cropped_outputs/Name/bnw_image_159_jpg.rf.bf6b0f019a9652ac51272f7cf3c2fb5a_Name.jpg,NEETU MEENA
output/cropped_outputs/Name/bnw_image_068_jpg.rf.c05235b5bf23d2394b3409b900292eaf_Name.jpg,ARJUN KUMAR BENIWAL
output/cropped_outputs/Name/19_PAN_jpg.rf.480ac9e937db891aeff0bbd864fc559d_Name.jpg,ANUP KUMAR BANERJEE
output/cropped_outputs/Name/bnw_image_069_jpg.rf.a5606bd62c30721315da6d4531fce165_Name.jpg,ASHA SISODIA
output/cropped_outputs/Name/Shabnam-pan_jpeg.rf.d9f31db613509d4e100b266a7b706bff_Name.jpg,SHABANAM PATHAN
output/cropped_outputs/Name/bnw_image_176_jpg.rf.c47598dd26bc645d80d91725a8e2ddc4_Name.jpg,PRAHLAD BAIRWA
output/cropped_outputs/Name/01353526370014_jpg.rf.4c76cb690467ea6a5f29d91830917c40_Name.jpg,NANDU RAM YADU
output/cropped_outputs/Name/bc_image_038_jpg.rf.e24a98bf02992f157f7aea9a11ab873f_Name.jpg,NEHA JAIN
output/cropped_outputs/Name/bc_image_250_jpg.rf.1dd730608b92a801536c3794050fd918_Name.jpg,SHABANAM PATHAN
output/cropped_outputs/Name/CoApp-Pan-Card_jpeg.rf.1f48a14c7943b840f27c78221aac6978_Name.jpg,KAUSHALYA
output/cropped_outputs/Name/bc_image_159_jpg.rf.1693382523ad5521079388566817b5bd_Name.jpg,NEETU MEENA
output/cropped_outputs/Name/bc_image_081_jpg.rf.45de5c8762764cb022ed533a35312979_Name.jpg,BHERU LAL
output/cropped_outputs/Name/yashoda-pan-card-_page-0001_jpg.rf.3b5d882c8a8bc9dd4074262c634a6a53_Name.jpg,JASHODA BAI
output/cropped_outputs/Name/PAN-Deepak-Swami_page-0001_jpg.rf.e26481057b4bee0fbb2d02961e16d566_Name.jpg,DEEPAK SWAMI
output/cropped_outputs/Name/bnw_image_135_jpg.rf.0831f7f874320450b140194929d18feb_Name.jpg,LERU PURI
output/cropped_outputs/Name/bc_image_101_jpg.rf.9b7434dc3fb290ea60ad45ba9ed69a2f_Name.jpg,JITENDRA SWAMI
output/cropped_outputs/Name/bc_image_242_jpg.rf.93f33f0dded7d8a23a7d0461f583405b_Name.jpg,SADARUDEEN
output/cropped_outputs/Name/01367165370017_jpg.rf.e2e8c22efeb7fe9b754915b490cf11f1_Name.jpg,SATYANARAYAN DAS
output/cropped_outputs/Name/bc_image_021_jpg.rf.9cf1696e018a8d4b993e86bdf8d6c834_Name.jpg,RAKESH KUMAR RATHORE
output/cropped_outputs/Name/hamji-rawat-pAn-card_page-0001_jpg.rf.08d283c69a657a373877ce43dd44f8f6_Name.jpg,HOMJI RAWAT
output/cropped_outputs/Name/PAN_Card_20240702_111912125_jpg.rf.06144d5207031d7f4ac57c7d7463d837_Name.jpg,MANJUNATHA M N
output/cropped_outputs/Name/bnw_image_199_jpg.rf.b3387666a9924afa04f8aaa88ad31408_Name.jpg,PANNA LAL GURJAR
output/cropped_outputs/Name/PAN-card-bhiwa_page-0001_jpg.rf.787e133814420aeb3111ae02c1d524ca_Name.jpg,BHIWA
output/cropped_outputs/Name/01263124150013_jpg.rf.80f66e666b702b47e549d52e5c3d0764_Name.jpg,RAJNISH KUMAR MISHRA
output/cropped_outputs/Name/10_PAN_jpg.rf.6d70307c8a969390b1315ac273b675a6_Name.jpg,RAKESH KUMAR RATHORE
output/cropped_outputs/Name/bnw_image_017_jpg.rf.761ff75ce629cc91a7194b2a42eef1d0_Name.jpg,MD NAHID AHMED
output/cropped_outputs/Name/01243431710010_pan_png.rf.34cbbae2eee6bb07acd135e848911fb4_Name.jpg,MD ZIARUL ISLAM
output/cropped_outputs/Name/Jitendra-Singh-Pan-Card_jpg.rf.62cdb916acff1883d1cc370180d7be15_Name.jpg,JITENDRA SINGH
output/cropped_outputs/Name/bnw_image_015_jpg.rf.34d82fd44ee53265da028071aadc8905_Name.jpg,SEKENDAR ALI
output/cropped_outputs/Name/bnw_image_053_jpg.rf.da31eba102f4f4b008b5a0e5787bd5f2_Name.jpg,JASHWANT MEENA
output/cropped_outputs/Name/bc_image_004_jpg.rf.b24c0fca438ecbdcb5f3accf4eefe9e1_Name.jpg,BHUPENDRA KUMAR NAYAK
output/cropped_outputs/Name/bc_image_103_jpg.rf.4566eb6fe9bcad5f5aa17b17cbfb21b7_Name.jpg,GHANSHYAM
output/cropped_outputs/Name/bc_image_138_jpg.rf.2c6a4de9e61813d1a5e885230ed1825a_Name.jpg,MAGHA RAM
output/cropped_outputs/Name/PAN_Card_20240702_170651139_jpg.rf.7f0c405f2d947576f0f48c4911e28842_Name.jpg,HASEENA BEGUM
output/cropped_outputs/Name/chotu-lal-PAN_page-0001-1-_jpg.rf.ef1a1a8898b12d04ab23f81b41b7a99e_Name.jpg,CHHOTU LAL
output/cropped_outputs/Name/bnw_image_010_jpg.rf.bdbf08d4e7b1994d7a9b9823a1e06cab_Name.jpg,SUMIT SAINI
output/cropped_outputs/Name/bc_image_011_jpg.rf.db24302199e639aec50ab16b750a550d_Name.jpg,KAUSHAL KISHORE
output/cropped_outputs/Name/bnw_image_237_jpg.rf.68def84532430cd3f10f243caf1b71c1_Name.jpg,RATAN LAL
output/cropped_outputs/Name/bnw_image_266_jpg.rf.ff2e75357c33b57a9010c00506ce9052_Name.jpg,VIMALA DEVI PANCHAL
output/cropped_outputs/Name/bnw_image_129_jpg.rf.0d7cd0db684e0a659ebb6ef67cc2fa32_Name.jpg,KHEMRAJ BENIWAL
output/cropped_outputs/Name/PAN_Card_20240702_161137495_jpg.rf.8b6bbdf2b37a94179304c56529a8b79b_Name.jpg,CHORASIYA RANJAN
output/cropped_outputs/Name/bnw_image_092_jpg.rf.ba71d654cc7ee21844471ccbfb9dbd81_Name.jpg,KAUSHALYA
output/cropped_outputs/Name/bc_image_121_jpg.rf.2b14248c4d9cdc7a12704e98d1e5ed53_Name.jpg,JITENDRA SINGH
output/cropped_outputs/Name/bnw_image_146_jpg.rf.d343a99bea248d95ebac516c816ca72c_Name.jpg,MANISH KUMAR SUMAN
output/cropped_outputs/Name/bnw_image_185_jpg.rf.72bfacd9606c71a420eb39208cd88784_Name.jpg,SARSI KUNWAR
output/cropped_outputs/Name/e007179a-58196aadc14229072fe70390_pan_jpg.rf.c32d70244998575ffd5f360af9ddf40e_Name.jpg,VINAYKUMAR H S
output/cropped_outputs/Name/47_jpg.rf.a19d11635b2244da0f293cdb609209d4_Name.jpg,NITIN JITURI
output/cropped_outputs/Name/bnw_image_125_jpg.rf.969ea8e9f4e5d36e42087dd8140b8f36_Name.jpg,KAMLESH KUMAR YADAV
output/cropped_outputs/Name/bnw_image_187_jpg.rf.41e2313c88bc434a9400d62c96ba40ac_Name.jpg,ROSHAN TRIVEDI
output/cropped_outputs/Name/Mogaji_PanCard_jpg.rf.23eb1b314ff573abf400548d336a6268_Name.jpg,MOGAJI
output/cropped_outputs/Name/bnw_image_112_jpg.rf.a3d73f89ed625b353c31a0ae7d778ba7_Name.jpg,MAYANK GARG
output/cropped_outputs/Name/bc_image_238_jpg.rf.aa7f4349c09bc6e16ee1b968f3284916_Name.jpg,REVANT RAM AACHARI
output/cropped_outputs/Name/PAN_Card_20240701_193138329_jpg.rf.3fadd6112ac039c623dfffc8aa7c83e4_Name.jpg,DEEPIKA V
output/cropped_outputs/Name/3_jpg.rf.b915761a2628dfa99adf3863ab67da95_Name.jpg,SUNIT B BHUMAR
output/cropped_outputs/Name/bc_image_268_jpg.rf.a4981c071f751ea0274d0c0a51484c4d_Name.jpg,JASHODA BAI
output/cropped_outputs/Name/bnw_image_222_jpg.rf.61318bbed6c532da61c0c9cccfa76954_Name.jpg,PRAMILA PATEL
output/cropped_outputs/Name/bnw_image_104_jpg.rf.4f0e891af02197b2d96cdf1ea28a76c8_Name.jpg,GOGA RAM
output/cropped_outputs/Name/bnw_image_065_jpg.rf.6392954d4069d0d59261abf2ae9aa4c3_Name.jpg,ARJUN RAM
output/cropped_outputs/Name/sohan-lal-pan-card_page-0001_jpg.rf.d4de77a51f34d79517dd4f28de22c84c_Name.jpg,SOHAN LAL HARIJAN
output/cropped_outputs/Name/01262414660017_jpg.rf.ed9812c2d2e44d9326346193b7566eb6_Name.jpg,KAUSHAL KISHORE
output/cropped_outputs/Name/bc_image_082_jpg.rf.6450c5e0a4cd31a1e42ce454f7ecd90f_Name.jpg,BITTU
output/cropped_outputs/Name/01577335720011_jpg.rf.08e553878491d8eeb5fbd2dc70d558d1_Name.jpg,MD NAHID AHMED
output/cropped_outputs/Name/Antu-Kanwar-Pan-Card_page-0001_jpg.rf.25bb4272afdb453e42ee0dc7620a30a0_Name.jpg,ANTU KANWAR
output/cropped_outputs/Name/bnw_image_118_jpg.rf.d22be22c029f5fbeaf5c5b295599ba3a_Name.jpg,JETHA RAM
output/cropped_outputs/Name/manohar-pan_jpeg.rf.def478583a8d43cb994d2f0b754c731b_Name.jpg,MANOHAR LAL
output/cropped_outputs/Name/bnw_image_073_jpg.rf.ae26226600396d5dc1669e5e8312152f_Name.jpg,BADRI LAL
output/cropped_outputs/Name/bnw_image_261_jpg.rf.aba8abb6af9ba05c16aeed16a32b6cb1_Name.jpg,SUKUMAR BISHWASA NAMOSUDA
output/cropped_outputs/Name/bnw_image_016_jpg.rf.28fa62d213d9dbe4abf41087444b0bf1_Name.jpg,MD ABDULLA AL GALIB
output/cropped_outputs/Name/bnw_image_248_jpg.rf.1091d3a436d9aa472bde63e9617742a2_Name.jpg,SEETA CHOUDHARY
output/cropped_outputs/Name/bc_image_112_jpg.rf.27708cfd6ab63c09d0c12fe9a91e0301_Name.jpg,MAYANK GARG
output/cropped_outputs/Name/bc_image_097_jpg.rf.12274237012074712975a67ba0277a7f_Name.jpg,GANESH MEENA
output/cropped_outputs/Name/bc_image_074_jpg.rf.360aa995ed693ccc8874c2c133e2b1ff_Name.jpg,BADRI LAL
output/cropped_outputs/Name/bc_image_190_jpg.rf.ed6021450b557deba966a2bf27de5e40_Name.jpg,KUSUM LATA KANWAR
output/cropped_outputs/Name/bnw_image_001_jpg.rf.70fde3b5e9266c5fdadf35a7db5442a2_Name.jpg,SK SARJID UDDIN
output/cropped_outputs/Name/KHERU-NISA-PAN-CARD_page-0001_jpg.rf.929e49fe7e82b63647526824bb0671a8_Name.jpg,KHERU NISA
output/cropped_outputs/Name/Pramila-PAN_jpeg.rf.b94f348f933d8d63128efdf6683da62b_Name.jpg,PRAMILA PATEL
output/cropped_outputs/Name/bnw_image_081_jpg.rf.f2d8ce1a0ff843290b5b5c8aae36e348_Name.jpg,BHERU LAL.
output/cropped_outputs/Name/bc_image_225_jpg.rf.b92658fd8e4034320047a3d10d851b9e_Name.jpg,PREM SINGH MEENA
output/cropped_outputs/Name/bnw_image_267_jpg.rf.3806c7bc64603b18343fc567aca3555d_Name.jpg,VITHAL SINGH
output/cropped_outputs/Name/Amra-PAN_jpeg.rf.e6564e6e4eb3a7d5e4fec14cb54c171f_Name.jpg,AMARA RAM
output/cropped_outputs/Name/01611712340012_jpg.rf.b4f0de42a95127adc610215104007c4a_Name.jpg,ANIL KARMA
output/cropped_outputs/Name/bnw_image_097_jpg.rf.a6e30c2bde333dcf43703a765266c54a_Name.jpg,GANESH MEENA
output/cropped_outputs/Name/bnw_image_212_jpg.rf.8e2502d9d55a57b3cd5a4d53948d827d_Name.jpg,MD SALMAN
output/cropped_outputs/Name/PAN_Card_20240702_144026812_jpg.rf.4ed3ef65379677b053441cce0acfe2c5_Name.jpg,BILASH KUMAR PATRA
output/cropped_outputs/Name/bc_image_114_jpg.rf.b8bf57331c0c01073b3a2cd60ad14804_Name.jpg,HOMJI RAWAT
output/cropped_outputs/Name/bc_image_069_jpg.rf.69c843eb7fd412c966952dd0fba52dd5_Name.jpg,ASHA SISODIA
output/cropped_outputs/Name/bnw_image_184_jpg.rf.3b44a7b1f421f8087c03c1b39a8dbdd6_Name.jpg,SAJU KUNWAR
output/cropped_outputs/Name/bnw_image_245_jpg.rf.475b650a6614e975424fa71e0dd8b0c5_Name.jpg,SAMUTI RAWAT
output/cropped_outputs/Name/bnw_image_068_jpg.rf.e8d225fac8aee23206207c8435fa2225_Name.jpg,ARJUN KUMAR BENIWAL
output/cropped_outputs/Name/bc_image_075_jpg.rf.02a57190d4fd80483c70abf4fc7ba0fe_Name.jpg,BAL KISHAN GAHLOT
output/cropped_outputs/Name/25_png.rf.26205bed4d02403ad0168761ebbca6b6_Name.jpg,PRIYANKA BABAN LOHAR
output/cropped_outputs/Name/PAN-Card_jpg.rf.34b85b071828627dd9cf0d0705f386b7_Name.jpg,FIRST NAME MIDDLE NAME SURNAME
output/cropped_outputs/Name/Co-App_-Laxmi-Pan-Card-1-_page-0001_jpg.rf.5ab6aa1a57b90648345db0be2b9682cb_Name.jpg,LAXMI
output/cropped_outputs/Name/images95_jpg.rf.407ec594c823eb5be5d697d2ea7571c0_Name.jpg,AANCHAL GUPTA
output/cropped_outputs/Name/Jetha-Ram-Pan-Card_jpeg.rf.e15750a69790baf1615eb59a4b0b206a_Name.jpg,JETHA RAM
output/cropped_outputs/Name/bnw_image_029_jpg.rf.739cec9df829510c9579ef6295b35431_Name.jpg,ROSHAN SAHANI
output/cropped_outputs/Name/01214635550018_jpg.rf.36b71de4e254810124f15aef96ed3b09_Name.jpg,SOHRAB ALAM NAWAB KHAN
output/cropped_outputs/Name/01447616370011_jpg.rf.9bca9bff99780aede40db3295459fd12_Name.jpg,PANKAJ BHAGWANRAO KAPURGE
output/cropped_outputs/Name/bnw_image_077_jpg.rf.ea4f0b1a5f2e274d64b91e7657dc5a12_Name.jpg,BHAGWATI DEVI
output/cropped_outputs/Name/bnw_image_007_jpg.rf.2d16ef5e07da8bbe009696018fc81e6c_Name.jpg,SOMNATH SHIVAJI HANKARE
output/cropped_outputs/Name/_pan_png.rf.22e108fc7636ae9328d38bdb3770fe53_Name.jpg,KANTRAJ NARAYAN NAIK
output/cropped_outputs/Name/PAN_Card_20240702_180812051_jpg.rf.180618471e4ca775c2c141607e587632_Name.jpg,SABAH ANJUM
output/cropped_outputs/Name/bc_image_068_jpg.rf.2e4f23e229e2becaf46010284db635dd_Name.jpg,ARJUN KUMAR BENIWAL
output/cropped_outputs/Name/bitthu-pan-card_jpeg.rf.49367faa6900d944a3962e2ca25affbd_Name.jpg,BITTU
output/cropped_outputs/Name/arjun-pan_jpeg.rf.f7d7fc18a286db07dc65b039f34805f4_Name.jpg,ARJUN KUMAR BENIWAL
output/cropped_outputs/Name/GatuLal_Pan-Copy_jpg.rf.61d744734c8cc6076983d7b2b7f1354d_Name.jpg,GATULAL YADAV
output/cropped_outputs/Name/ram-nivas-pan-card_jpg.rf.ea1ae4b22474c24212ed21f15517d6aa_Name.jpg,RAM NIVAS GURJAR
output/cropped_outputs/Name/GTR-2-Rajendra-PAN_jpg.rf.24dd20d6115d1bf504a230cde8fd41fd_Name.jpg,RAJENDRA KUMAR PRAJAPAT
output/cropped_outputs/Name/pushpa-pAn-card_page-0001_jpg.rf.82ec2dd3a59f54ab3c9af8bec34c5302_Name.jpg,PUSHPA
output/cropped_outputs/Name/bc_image_074_jpg.rf.0aeb5b7b5d9da5d69650e5eeb2491222_Name.jpg,BADRI LAL
output/cropped_outputs/Name/Shyamlal-Pan-Card_page-0001_jpg.rf.93953acfe4847d99402094b2370c6642_Name.jpg,SHYAMLAL
output/cropped_outputs/Name/PAN-Card_jpg.rf.ab7bcdeda865c76a628820bf3eceae54_Name.jpg,FIRST NAME MIDDLE NAME SURNAME
output/cropped_outputs/Name/bnw_image_156_jpg.rf.79d86243ea99c06fe823c8904496e5c1_Name.jpg,NANDKISHOR RENIWAL
output/cropped_outputs/Name/pan2_png.rf.946f2d38711504ed142c7ed6370842ae_Name.jpg,CHUNARA MANISH KANUBHAI
output/cropped_outputs/Name/bc_image_267_jpg.rf.14f91f88e93ef6af09930aeb113c1238_Name.jpg,VITHAL SINGH
output/cropped_outputs/Name/bc_image_246_jpg.rf.9fcca4fa37238119db81ee55272662e6_Name.jpg,SANGITA
output/cropped_outputs/Name/01537155560015_jpg.rf.288196cbb1caef2f97e73989f59c2107_Name.jpg,MD ABDULLA AL GALIB
output/cropped_outputs/Name/bnw_image_185_jpg.rf.7356e671f4f3fa8eb4e4de130b1ecb0e_Name.jpg,SARSI KUNWAR
output/cropped_outputs/Name/01263124150013_jpg.rf.77199293d54a32a528ec4d0e3a06dd6d_Name.jpg,RAJNISH KUMAR MISHRA
output/cropped_outputs/Name/bc_image_095_jpg.rf.c5f7641c1cc49389aed98a154bcec0af_Name.jpg,DURGA BAI
output/cropped_outputs/Name/bc_image_171_jpg.rf.066170999849ae42e1606e7e172f7df7_Name.jpg,PARAMARAM
output/cropped_outputs/Name/bc_image_219_jpg.rf.5a9405e9be21ea64f3ae300574d3a82b_Name.jpg,PRAHLAD BAIRWA
output/cropped_outputs/Name/01214635550018_jpg.rf.49965c028227d0e38c3a66e557fe9360_Name.jpg,SOHRAB ALAM NAWAB KHAN
output/cropped_outputs/Name/bnw_image_242_jpg.rf.7ee57634e6a74c16bf24b608df98498a_Name.jpg,SADARUDEEN
output/cropped_outputs/Name/Samuti-PAN_jpeg.rf.fccba7f3180941c3796d689d46ee4065_Name.jpg,SAMUTI RAWAT
output/cropped_outputs/Name/Panna_Pan_jpg.rf.1cacbd400e9d170e4f465388dad104cb_Name.jpg,PANNA LAL GURJAR
output/cropped_outputs/Name/bc_image_038_jpg.rf.8509450a505e38881215b04679f43ef4_Name.jpg,NEHA JAIN
output/cropped_outputs/Name/bc_image_094_jpg.rf.e722a6727ed4a2d5a4894559eabcfb5b_Name.jpg,RAWAT DILIP
output/cropped_outputs/Name/1710411256572_jpg.rf.d47a497386ce4f27ec8e20de8cc3812e_Name.jpg,DANIEL RAJ A
output/cropped_outputs/Name/bnw_image_016_jpg.rf.381e295134bacff14bf824cb449ca21e_Name.jpg,MD ABDULLA AL GALIB
output/cropped_outputs/Name/10_jpg.rf.b45db23b707167cb6312dc864c00160a_Name.jpg,RAKESH KUMAR RATHORE
output/cropped_outputs/Name/bnw_image_029_jpg.rf.da115a4e563dcb1249bc4a61b348c67f_Name.jpg,ROSHAN SAHANI
output/cropped_outputs/Name/bhagwati-devi-pan_jpeg.rf.9901f51689be0fd9e3f4a5e98955c72e_Name.jpg,BHAGWATI DEVI
output/cropped_outputs/Name/bc_image_151_jpg.rf.c092b0e889c6016910872d6994163b68_Name.jpg,MAYA BAI
output/cropped_outputs/Name/bc_image_207_jpg.rf.0c3e7f0eaecb1fd36227317af1f1235e_Name.jpg,KENCHAVEERAPPA RANGASWAMY
output/cropped_outputs/Name/PAN_Card_20240701_155540542_jpg.rf.6ee98295b74bb853ddc1510e3cce924d_Name.jpg,ABBAS ALI
output/cropped_outputs/Name/01125761720016_jpg.rf.a9ada35e69ee83d3a2c959862125de6e_Name.jpg,ABDULAZIIZ AWATI
output/cropped_outputs/Name/Pan-Sarsi_jpeg.rf.99a298c2712ff1fe97f4b3a2fb416d9b_Name.jpg,SARSI KUNWAR
output/cropped_outputs/Name/Jitendra-GTR-PAN-2-_jpg.rf.6755816199b167c8178fde68b0789ffb_Name.jpg,JITENDRA KACHHAWA
output/cropped_outputs/Name/Pancard-Kusum_page-0001_jpg.rf.26ff10a2fac81eff9b15cfb5fcf810fc_Name.jpg,KUSUM LATA KANWAR
output/cropped_outputs/Name/bnw_image_058_jpg.rf.86482b75719fe4881c68f0ecb28c7f2b_Name.jpg,ANJANA PATIDAR
output/cropped_outputs/Name/e007179a-58196aadc14229072fe70390_pan_jpg.rf.433194e76be515aaed359f531aae0a3c_Name.jpg,VINAYKUMAR H S
output/cropped_outputs/Name/bc_image_225_jpg.rf.e0c431770712459535b19b2b3a539449_Name.jpg,PREM SINGH MEENA
output/cropped_outputs/Name/pan-card-of_jpg.rf.86b126a4be008be3ea07b532a6fa3def_Name.jpg,RAJ KUMAR
output/cropped_outputs/Name/bc_image_216_jpg.rf.0eed8d533c1e45083add72e4d33ef8a5_Name.jpg,PAWAN KUMAR SAINI
output/cropped_outputs/Name/bc_image_263_jpg.rf.c34787619d660e4afff00cd2c53eef5b_Name.jpg,SURESH KUMAR NITHARWAL
output/cropped_outputs/Name/bnw_image_253_jpg.rf.523117b442ca92faa586b1fa5e974742_Name.jpg,SHANTA PURI
output/cropped_outputs/Name/bc_image_223_jpg.rf.2cbfd294ba4cf6fe647e9eb2a54da7f9_Name.jpg,PRAVIN MOGA PRAJAPAT
output/cropped_outputs/Name/bc_image_150_jpg.rf.051e55410fe32a9fdef5a18f541f00ec_Name.jpg,MAN SINGH CHUDAWAT
output/cropped_outputs/Name/99_PAN_jpg.rf.06e40d1d1bfba48a0ece7292d8c5d0f3_Name.jpg,RAHUL ASARAM NATHBHAJAN
output/cropped_outputs/Name/bnw_image_173_jpg.rf.89cc042cb5790f7fc77e17fb4ae9ffd6_Name.jpg,SANNU BAI JAIN
output/cropped_outputs/Name/bc_image_265_jpg.rf.efd34436cfd66b2425d66837bc35fb01_Name.jpg,MONARK PUBLIC SHIKSHAN SANSTHAN
output/cropped_outputs/Name/57_jpg.rf.2d151128ca75ce8a243b72e1cb8f8d78_Name.jpg,GURBHEJ SINGH
output/cropped_outputs/Name/bnw_image_088_jpg.rf.36205ae18fea3e40c297a5e64dcc5827_Name.jpg,LAXMI
output/cropped_outputs/Name/bnw_image_181_jpg.rf.0b5b9da751080f95f26b42e02eb40e9b_Name.jpg,IRFAN
output/cropped_outputs/Name/bc_image_115_jpg.rf.cfc5a154e109e7d5975916050e51a49d_Name.jpg,INDER SINGH CHOUDHARY
output/cropped_outputs/Name/bhaguram-gtr-pan_jpeg.rf.c99defbd3add1c3be7fd7f17916bf528_Name.jpg,BHAGURAM SAMOTA
output/cropped_outputs/Name/01217236730015_jpg.rf.0587fc2919ad2d122876f4d5d6bb6a41_Name.jpg,AVDHESH PRASAD PATEL
output/cropped_outputs/Name/laluram-kir-pan-card-_page-0001_jpg.rf.756a33f9cf077aed5ba911e3f026cbad_Name.jpg,LALURAM KIR
output/cropped_outputs/Name/bc_image_010_jpg.rf.0b2db614e617a7f8dd9e68b52e48b73e_Name.jpg,SUMIT SAINI
output/cropped_outputs/Name/bnw_image_056_jpg.rf.c41aef20311b4ce3a37a9779904a3712_Name.jpg,AMARA RAM
output/cropped_outputs/Name/79_PAN_jpg.rf.d2b2a4b2101e29caadec0bf2f3b553bd_Name.jpg,APPLICANT NAME
output/cropped_outputs/Name/images95_jpg.rf.de08ac52f8c38ed79de1fa6f83e43bff_Name.jpg,AANCHAL GUPTA
output/cropped_outputs/Name/bc_image_115_jpg.rf.56e31cfca87f6a665026f3732c635070_Name.jpg,INDER SINGH CHOUDHARY
output/cropped_outputs/Name/PAN_Card_20240702_154034177_jpg.rf.9351d1d1fc751cc113c913307cb08389_Name.jpg,SANGEETHA NAIR K S
output/cropped_outputs/Name/01452511510013_jpg.rf.e65a39ffdffde3f783211749ed812c77_Name.jpg,SEKENDAR ALI
output/cropped_outputs/Name/My-new-pan-card-1-_page-0001_jpg.rf.6f308c48179ad932470eafb32b4269cc_Name.jpg,SHUSHIL KUMAR
output/cropped_outputs/Name/bnw_image_143_jpg.rf.cddf580e445b3bef9a905ac1ea267ae4_Name.jpg,MAN SINGH RATHORE
output/cropped_outputs/Name/Ankush-Pancard_jpeg.rf.d3871f33d060d77cb940e1f13f3675b0_Name.jpg,ANKUSH PANCHAL
output/cropped_outputs/Name/Pan-card-of-Brajmohan_jpeg.rf.f1f674eb145b2c58b69f1357b8f9774b_Name.jpg,BRAJMOHAN
output/cropped_outputs/Name/bc_image_144_jpg.rf.708b74e1fbed53c9c4c5abc57d2e18dd_Name.jpg,MANGI LAL
output/cropped_outputs/Name/bc_image_128_jpg.rf.0a252bead4d97770ab97ea0fc27a5f0b_Name.jpg,KANTA
output/cropped_outputs/Name/bnw_image_166_jpg.rf.ec0d27e8b9461ee024c28a251391a2c8_Name.jpg,MANOJ KUMAR
output/cropped_outputs/Name/bnw_image_253_jpg.rf.382915cf8275246c82b8062b8323490b_Name.jpg,SHANTA PURI
output/cropped_outputs/Name/Mansingh-Pan-Card_page-0001_jpg.rf.ddf974f426e7c735f4040430f2f8a662_Name.jpg,MAN SIGH CHUDAWAT
output/cropped_outputs/Name/bc_image_152_jpg.rf.2e24e2180d08af28b6352fdfa196044b_Name.jpg,MOGAJI
output/cropped_outputs/Name/bnw_image_003_jpg.rf.77c9b234b627b27705f3f824ebcc2a91_Name.jpg,DEBASHIS ROY
output/cropped_outputs/Name/bnw_image_203_jpg.rf.9ff8ca3e32e68ebb2c324160660f1dcb_Name.jpg,CHINMAYE D
output/cropped_outputs/Name/PAN_Card_20240701_191623713_jpg.rf.4ce4b322cae01d173bfb8b420d4a1c43_Name.jpg,CHINMAYE D
output/cropped_outputs/Name/bc_image_078_jpg.rf.92490755dc24f7b8182be3eb4dc44ca5_Name.jpg,BHAGWATI DEVI
output/cropped_outputs/Name/bnw_image_268_jpg.rf.9924e9328c5e069f2ed3f7b034a646a1_Name.jpg,JASHODA BAI
output/cropped_outputs/Name/bnw_image_089_jpg.rf.71b6e3727679d5c97ab9fe6035fef685_Name.jpg,JOSHI RAJENDRABHAI B
output/cropped_outputs/Name/Sadrudeen-Pan-Card_page-0001_jpg.rf.6b3995a20c79ffccb7b9f378587102f5_Name.jpg,SADARUDEEN
output/cropped_outputs/Name/Rewant-Ram-Pan-Card_jpg.rf.ed68a608f57f5eee4b78c67cadca7c06_Name.jpg,REVANT RAM AACHARI
output/cropped_outputs/Name/bc_image_011_jpg.rf.56115893c9353ca967cef1443199137c_Name.jpg,KAUSHAL KISHORE
output/cropped_outputs/Name/PAN-card-bhiwa_page-0001_jpg.rf.e5b91e7a3ffab17982971c529642891a_Name.jpg,BHIWA
output/cropped_outputs/Name/Ganesh-PAN_jpeg.rf.6af8e2dab91df5bba668cca2011f1dbc_Name.jpg,GANESH MEENA
output/cropped_outputs/Name/bnw_image_206_jpg.rf.cdb2f99aad7b5b0e33eabc61d91150ce_Name.jpg,MANJUNATHA M N
output/cropped_outputs/Name/bnw_image_076_jpg.rf.c507fa44ef8b546c282d7e405098dcf8_Name.jpg,BHAGURAM SAMOTA
output/cropped_outputs/Name/bc_image_046_jpg.rf.6a7cdf6d4e842939047f74699dd161dd_Name.jpg,VIJAY KUMAR
output/cropped_outputs/Name/20_PAN_jpg.rf.55d8414f834d0e847b9b4ccdf7f8949a_Name.jpg,PRIYANKA BABAN LOHAR
output/cropped_outputs/Name/bnw_image_096_jpg.rf.2cb63db7837cc4de84eb2749beadf786_Name.jpg,VINAYKUMAR H S
output/cropped_outputs/Name/1000071717-BAJAJ-PAN_png.rf.87be57cd59e20c351646f94eea5d3fd4_Name.jpg,RAJU SHANKAR KALASE
output/cropped_outputs/Name/bnw_image_199_jpg.rf.cfe1b815fd8e20f30cafaf788117e119_Name.jpg,PANNA LAL GURJAR
output/cropped_outputs/Name/Dilip-PAN_jpeg.rf.13657b86646027a981ebd19dae599f91_Name.jpg,RAWAT DILIP
output/cropped_outputs/Name/Trust-PAN_jpeg.rf.aeca2fb4dab303d49d2e8fe75a14b793_Name.jpg,MONARK PUBLIC SHIKSHAN SANSTHAN
output/cropped_outputs/Name/PAN_Card_20240702_191406532_jpg.rf.1ecd6414e586f4fcd62f9c9728cb95d8_Name.jpg,MD SALMAN
output/cropped_outputs/Name/bc_image_039_jpg.rf.31d52d1f5eafd1b2d478c856db5438e1_Name.jpg,GURBHEJ SINGH
output/cropped_outputs/Name/PAN_Card_20240702_172120999_jpg.rf.159ab402326cc654a77dd3c4b22e70cb_Name.jpg,USHA S G
output/cropped_outputs/Name/bc_image_064_jpg.rf.43a5ae3a8223e68298773054edb02141_Name.jpg,ANTU KANWAR
output/cropped_outputs/Name/bc_image_009_jpg.rf.476ea01125e3a14e9321a0a91648d60e_Name.jpg,SYED AMINUL ISLAM
output/cropped_outputs/Name/bnw_image_007_jpg.rf.48d74d923c22840372cff5a95a969d11_Name.jpg,SOMNATH SHIVAJI HANKARE
output/cropped_outputs/Name/bc_image_019_jpg.rf.290904dc66e4e3f18c35b5e758e3adb3_Name.jpg,NIKHIL KUMAR
output/cropped_outputs/Name/bnw_image_158_jpg.rf.61c7d6ce492660d6ed556726ff308b08_Name.jpg,NARESH KUMAR
output/cropped_outputs/Name/bnw_image_210_jpg.rf.036eb3846cffdb2755dca88304653bbf_Name.jpg,USHA S G
output/cropped_outputs/Name/01187739310014_jpg.rf.160213e29ba96d2b32bd8447eb4ef124_Name.jpg,CHINU JANA DAS
output/cropped_outputs/Name/bnw_image_084_jpg.rf.35773c47d6a3e997698fdffdc3c91bec_Name.jpg,CHIRAG JAIN
output/cropped_outputs/Name/Mahendra-Pan-Card_page-0001_jpg.rf.ed91f3d8192b7fb8efb9b6568ef1bfaa_Name.jpg,MAHENDRA
output/cropped_outputs/Name/RINKU-PAN_page-0001_jpg.rf.6fe70ff03495ee8660ce893153d94e67_Name.jpg,RINKU BISHWASA NAMOSUDA
output/cropped_outputs/Name/Dhapu-Pan_page-0001_jpg.rf.1b41df8b90d501ea848cc4829ddfb342_Name.jpg,DHAPU DEVI
output/cropped_outputs/Name/bc_image_161_jpg.rf.95480dba02575127cfed7d03be1319c6_Name.jpg,ARTI
output/cropped_outputs/Name/PAN_Card_20240702_201425223_jpg.rf.fcb506f0cc903d6566f76cc741b2fb44_Name.jpg,MUDASSIR TALHA
output/cropped_outputs/Name/bc_image_125_jpg.rf.9f58cfd64d25622bb9c4152c5ed1dbd2_Name.jpg,KAMLESH KUMAR YADAV
output/cropped_outputs/Name/bc_image_052_jpg.rf.31841e5cb24625ae7190bf7b123ad417_Name.jpg,HEMRAJ MEENA
output/cropped_outputs/Name/PAN_Card_20240701_181008420_jpg.rf.c87c925dac1acc7781dfe0655d322ce7_Name.jpg,ZAFRULLA
output/cropped_outputs/Name/1710411256572_jpg.rf.86039ebb4cb10ebb12ed5c41d8d5a466_Name.jpg,DANIEL RAJ A
output/cropped_outputs/Name/bnw_image_165_jpg.rf.23d00a316c1ef3152f118af3484daf40_Name.jpg,BHIWA
output/cropped_outputs/Name/13_PAN_jpg.rf.25ebdb28f3e31ff9a75907d44afbd0e2_Name.jpg,TAHZEEN
output/cropped_outputs/Name/bnw_image_121_jpg.rf.a605886cb5e439a72724c50a202d6f3f_Name.jpg,JITENDRA SINGH
output/cropped_outputs/Name/bnw_image_128_jpg.rf.8b85481fbd31da0265904c71829ae3e1_Name.jpg,KANTA
output/cropped_outputs/Name/01263124150013_jpg.rf.7beaf57bad03c3e6761bb1406394998c_Name.jpg,RAJNISH KUMAR MISHRA
output/cropped_outputs/Name/bc_image_206_jpg.rf.32a97447608ce6b71670a6d1597fdd85_Name.jpg,MANJUNATHA M N
output/cropped_outputs/Name/91_PAN_jpg.rf.1876f9ef9efcbf6983dae9d7de3bb8bc_Name.jpg,SANJAY KUMAR PRAJAPATI
output/cropped_outputs/Name/Pan-Arti_jpeg.rf.bd291204b46838bd31c07e98e37c5693_Name.jpg,ARTI
output/cropped_outputs/Name/1000071717-BAJAJ-PAN_png.rf.ca648cc174b5a99f300d631289085e6d_Name.jpg,RAJU SHANKAR KALASE
output/cropped_outputs/Name/_pan_png.rf.85d0277f0d44e9edfe739b7703e7f0f3_Name.jpg,KANTRAJ NARAYAN NAIK
output/cropped_outputs/Name/bc_image_134_jpg.rf.9296b469686f31f463955a118fc5444c_Name.jpg,LICHHMAN RAM KUMAWAT
output/cropped_outputs/Name/bnw_image_124_jpg.rf.17acf6a4a00eb200515af662a2ba514d_Name.jpg,KAMLA DEVI RAO
output/cropped_outputs/Name/durga-bai-pancard_page-0001_jpg.rf.16b98656409190965c865ad60d9590b2_Name.jpg,DURGA BAI
output/cropped_outputs/Name/01214635550018_jpg.rf.7fde5094fc9cb72d2e2cf994acb3592a_Name.jpg,SOHRAB ALAM NAWAB KHAN
output/cropped_outputs/Name/bc_image_157_jpg.rf.9f326d7b70de1eb14182b401169e1cd7_Name.jpg,NARENDRA PANDYA
output/cropped_outputs/Name/94_PAN_jpg.rf.18df53810e3881e7ee76de0bc742d58f_Name.jpg,VINOD KUMAR
output/cropped_outputs/Name/bc_image_132_jpg.rf.0d2926b530b75f2eadbc29f5c3146b87_Name.jpg,LALA RAM
output/cropped_outputs/Name/bc_image_040_jpg.rf.56fd5907b1c9a053099919902fea0c90_Name.jpg,VIRENDRA KUMAR JAIN
output/cropped_outputs/Name/bc_image_232_jpg.rf.1903ac5cdfdd1f92b0f79ec381839d01_Name.jpg,RAJENDRA SINGH SOLANKI
output/cropped_outputs/Name/bc_image_127_jpg.rf.9d1c65b28d1eaa624d7372dd24c06e88_Name.jpg,KAN SINGH
output/cropped_outputs/Name/Co-applicant-pan-adhar_page-0004_jpg.rf.4380cc3f28c1bccc15b1d9c446d122bd_Name.jpg,JOSHI SAURABH RAJENDRA
output/cropped_outputs/Name/1aea9462babd9fb2fd84f7a2f81f5ccf_jpg.rf.fd58674dca2de053c07e8f47174bdb27_Name.jpg,ROSHAN SAHANI
output/cropped_outputs/Name/01452511510013_jpg.rf.8bb59932dddf0f1816c3f3a977ffc438_Name.jpg,SEKENDAR ALI
output/cropped_outputs/Name/bnw_image_170_jpg.rf.5da5ff583d88d971e1b943775eda2351_Name.jpg,RAJ KUMAR
output/cropped_outputs/Name/01274722210012_jpg.rf.5574ada6b97bded626d92fedc806a02a_Name.jpg,RAJESH KUMAR
output/cropped_outputs/Name/App_-Anandaraj-Pan-Card-1-_page-0001_jpg.rf.546cd53bb3078101ed10e04e61ec3849_Name.jpg,ANANDARAJ
output/cropped_outputs/Name/01338208270013_jpg.rf.1b2a3fbf35faf20e4b91eec55f32bd64_Name.jpg,ASHISH PATIDAR
output/cropped_outputs/Name/Magha-Ram-PAN-card_jpeg.rf.edd19460fb0ec540e6f333baeda8a470_Name.jpg,MAGHA RAM
output/cropped_outputs/Name/bnw_image_250_jpg.rf.d76da3d45ad7bbbd1d2dc1d61ef983db_Name.jpg,SHABANAM PATHAN
output/cropped_outputs/Name/1-PAN-Card-_-Nikhil-Jain_page-0001_jpg.rf.c753baa574a1270bd2193d744b65eba2_Name.jpg,NIKHIL KUMAR
output/cropped_outputs/Name/pancard1_jpg.rf.0f25d2ea2b40bf0a103f0f29e0a7d2a8_Name.jpg,PRIYANKA KUMARI
output/cropped_outputs/Name/bnw_image_121_jpg.rf.6a1e6a97b74148e417a77944730f2e9e_Name.jpg,JITENDRA SINGH
output/cropped_outputs/Name/bc_image_229_jpg.rf.9ba36131dffa9df94a3269a6485f59bd_Name.jpg,RADHA OJHA
output/cropped_outputs/Name/bc_image_063_jpg.rf.c8ad26cb47b93cfd43c0ed278b916587_Name.jpg,ANOP SINGH
output/cropped_outputs/Name/01133224110011_jpg.rf.dcbd66b5710038b17a87f1f28b79f8d0_Name.jpg,CHITTHULA SANTHOSHIKUMARI
output/cropped_outputs/Name/bnw_image_107_jpg.rf.6e20ed63b6dca46ff700311f1c5606f7_Name.jpg,RAJENDRA KUMAR PRAJAPAT
output/cropped_outputs/Name/bnw_image_102_jpg.rf.ccb54e06b2419b9d6a11472a4752f783_Name.jpg,BRIJ GOPAL DAHNA
output/cropped_outputs/Name/Sonia-PAN_jpeg.rf.70e5baf766f0ad49ddea6aa820c6829a_Name.jpg,SONIYA BANO QRESH!
output/cropped_outputs/Name/bnw_image_190_jpg.rf.762a0de4bcf4ee0fb197801ccb086bdf_Name.jpg,KUSUM LATA KANWAR
output/cropped_outputs/Name/punus-ali-aadhar-pan-_page-0003_jpg.rf.aba99f78ca90ed8f69f2c772a9478cb0_Name.jpg,YUNUS ALI
output/cropped_outputs/Name/bnw_image_030_jpg.rf.b83a6b055b0856707a53830578d4b31e_Name.jpg,PRIYANKA BABAN LOHAR
output/cropped_outputs/Name/bc_image_227_jpg.rf.2e8fde7ef5251c070e90b31f2d661be7_Name.jpg,PUSHPA DEVI
output/cropped_outputs/Name/ASHA-PAN-CARD_jpg.rf.91e7eaa0a7dcf9c49d80a9a15ad1de31_Name.jpg,ASHA SISODIA
output/cropped_outputs/Name/Screenshot-2024-09-11-at-5-31-14-PM_png.rf.cf536272e532f254d07d74575097c60c_Name.jpg,TANKNATH
output/cropped_outputs/Name/bc_image_266_jpg.rf.9096b9eb3d1b34b441296ac8c277c4ff_Name.jpg,VIMALA DEVI PANCHAL
output/cropped_outputs/Name/PAN_Card_20240701_193712481_jpg.rf.fd419916f10c6fb344001244e1272312_Name.jpg,VEERAYYA
output/cropped_outputs/Name/01452511510013_jpg.rf.858300272dfcb11e726a6799c5a06598_Name.jpg,SEKENDAR ALI
output/cropped_outputs/Name/01262175230013_jpg.rf.3d8376a25612820699f6d4f4c7884b66_Name.jpg,SUKHVINDER SINGH
output/cropped_outputs/Name/bnw_image_020_jpg.rf.d453a867f7b06f83da1b1f7028950139_Name.jpg,RAJU SHANKAR KALASE
output/cropped_outputs/Name/01247667630015_jpg.rf.3aee8a41327f47be981163900c9a9dbb_Name.jpg,MANOJ KUMAR SINGH
output/cropped_outputs/Name/bnw_image_216_jpg.rf.61cc81f95764ce80e89b000bc359c2de_Name.jpg,PAWAN KUMAR SAINI
output/cropped_outputs/Name/32_PAN_jpg.rf.2ab5da1eb7938403dfe12affad0c2dba_Name.jpg,KUSUM LATA
output/cropped_outputs/Name/Co-App-Guddi-Pan-Card_page-0001_jpg.rf.ba812b285d9e5e949e733802f73ea287_Name.jpg,GUDDI
output/cropped_outputs/Name/bc_image_002_jpg.rf.ae7eced5b2e8f704b6a7c204107619a4_Name.jpg,MAN SINGH
output/cropped_outputs/Name/PAN-BALRAM_jpg.rf.e2dd4040530ef083becb940bbfb99ef4_Name.jpg,BALRAM ACHARIYA
output/cropped_outputs/Name/PAN_Card_20240701_191623713_jpg.rf.56f805f396b833a8025311998d387f25_Name.jpg,CHINMAYE D
output/cropped_outputs/Name/bnw_image_184_jpg.rf.da109c4db06137b59b6355dde16a4d9b_Name.jpg,SAJU KUNWAR
output/cropped_outputs/Name/bc_image_012_jpg.rf.1e7a8c4ba9074297e9340dd50182b8ae_Name.jpg,RAJNISH KUMAR MISHRA
output/cropped_outputs/Name/bc_image_234_jpg.rf.c65e3e3352d6258d4f19835a3c843c9d_Name.jpg,RAM NIVAS GURJAR
output/cropped_outputs/Name/PAN_Card_20240701_102658933_jpg.rf.dbeb9adf03133606b490d78d06ca9bef_Name.jpg,AKASH T B
output/cropped_outputs/Name/01244621130012_jpg.rf.3a20a339712c0068d5b95526e089c687_Name.jpg,FALIN SHIL
output/cropped_outputs/Name/bnw_image_149_jpg.rf.51d113a877ea3cb8885916f3368795ab_Name.jpg,MANOHAR LAL
output/cropped_outputs/Name/pan1_png.rf.6f92d53760ce30856ab97ef9cdd0fc61_Name.jpg,RAHUL MISHRA
output/cropped_outputs/Name/Balkishan-gahlot-GTR-Pan_jpg.rf.c8acbb6a46badaa0206f812cf607f7e6_Name.jpg,BAL KISHAN GAHLOT
output/cropped_outputs/Name/aadar-pan-jaswant-1_page-0007_jpg.rf.3e6ad3e2b29c0b1d37b2dae39876bbf3_Name.jpg,HEMRAJ MEENA
output/cropped_outputs/Name/bc_image_070_jpg.rf.41aaf927fdd4137ce45226c0fc455e6b_Name.jpg,ASHIF KHAN QURESHI
output/cropped_outputs/Name/bnw_image_179_jpg.rf.6c10de712d8f69b7486831876997a650_Name.jpg,GOPAL
output/cropped_outputs/Name/bc_image_134_jpg.rf.fc5eac515096822cd4e574d57648b30b_Name.jpg,LICHHMAN RAM KUMAWAT
output/cropped_outputs/Name/bnw_image_013_jpg.rf.527e8bce78123957eca9926e9727f841_Name.jpg,RAJESH KUMAR
output/cropped_outputs/Name/Ratan-PAN_jpg.rf.7a547cef7ff385b4c68ab79bb4049961_Name.jpg,RATAN LAL
output/cropped_outputs/Name/bc_image_202_jpg.rf.47f8a96762352370f524062a0da292c0_Name.jpg,NAYAZ
output/cropped_outputs/Name/bnw_image_258_jpg.rf.f02895036667b246290f72649144633b_Name.jpg,SOHAN LAL HARIJAN
output/cropped_outputs/Name/bc_image_176_jpg.rf.02b90c96f8907824a0d412d33d33e390_Name.jpg,PRAHLAD BAIRWA
output/cropped_outputs/Name/47_jpg.rf.41566b27c4a8133e63fb3ff2fcf77142_Name.jpg,NITIN JITURI
output/cropped_outputs/Name/bc_image_121_jpg.rf.9190dacc95c09b0cc3dd0e3d199f169e_Name.jpg,JITENDRA SINGH
output/cropped_outputs/Name/bnw_image_224_jpg.rf.1dd92149ef0544f32e027f98f6b0a950_Name.jpg,PREM DEVI NAI
output/cropped_outputs/Name/bnw_image_120_jpg.rf.01214669ccfa4dbc6198fe646c139cd5_Name.jpg,JITENDRA RAWAT
output/cropped_outputs/Name/bnw_image_265_jpg.rf.1a8feab14c153a7eec33dbfc7a6ce2c0_Name.jpg,MONARK PUBLIC SHIKSHAN SANSTHAN
output/cropped_outputs/Name/PAN_Card_20240703_104029804_jpg.rf.44b41971d697cfe8d7d68edc838a32bb_Name.jpg,RAHUL SAJJAN
output/cropped_outputs/Name/bc_image_170_jpg.rf.b5ca525603898af961f98131f4fec333_Name.jpg,RAJ KUMAR
output/cropped_outputs/Name/Lad-pan_jpg.rf.21fcd1b768851ac8db41d729d87362ef_Name.jpg,LAD BAI
output/cropped_outputs/Name/bnw_image_095_jpg.rf.11a30051d60fa5cb3871a7fbd411c9b4_Name.jpg,DURGA BAI
output/cropped_outputs/Name/Pawan-PAN_page-0001_jpg.rf.9ede375a269eb453aaf8813f8222dcb6_Name.jpg,PAWAN KUMAR SAINI
output/cropped_outputs/Name/01353526370014_jpg.rf.9d2912901aade87c2d58e13cec44421e_Name.jpg,NANDU RAM YADU
output/cropped_outputs/Name/bc_image_055_jpg.rf.87d110a36cec0b07d9b4ca5d84790b42_Name.jpg,Aichuki
output/cropped_outputs/Name/bc_image_052_jpg.rf.0679c0ed2aa64f0a52b087b31f7acb8c_Name.jpg,HEMRAJ MEENA
output/cropped_outputs/Name/bnw_image_142_jpg.rf.55bbcdc926538b71282d83d31fee3711_Name.jpg,MAMATA YADAV
output/cropped_outputs/Name/bc_image_258_jpg.rf.22babf50dd35924a04bc6391c382b9d4_Name.jpg,SOHAN LAL HARIJAN
output/cropped_outputs/Name/bc_image_083_jpg.rf.ebd999b897d3b916d097d8b8d8fa9d18_Name.jpg,CHANDRKANTA JAIN
output/cropped_outputs/Name/bc_image_111_jpg.rf.da019430078f37a9b108939256fe5170_Name.jpg,ARVIND KUMAR PRAJAPAT
output/cropped_outputs/Name/bnw_image_134_jpg.rf.c389b8a8f77449702f9fd10bdfa9019a_Name.jpg,LICHHMAN RAM KUMAWAT
output/cropped_outputs/Name/bnw_image_014_jpg.rf.b78c0b0dd2d8d1685ca2711c85042bdf_Name.jpg,SATYANARAYAN DAS
output/cropped_outputs/Name/bc_image_129_jpg.rf.fd2fd339fb1be051146eaf7137005201_Name.jpg,KHEMRAJ BENIWAL
output/cropped_outputs/Name/pan3_png.rf.60a40998408d60afb954fd6da029ac72_Name.jpg,JALDEEP
output/cropped_outputs/Name/01611712340012_jpg.rf.9e28b6205a41e6ba24c318e47a3ad2e4_Name.jpg,ANIL KARMA
output/cropped_outputs/Name/01264265370011_jpg.rf.3541056c82e732677e9acebe5a47cc7e_Name.jpg,BIPLAB MONDAL
output/cropped_outputs/Name/PAN_Card_20240702_191406532_jpg.rf.64032b031fd02033f7648cf8c6a76763_Name.jpg,MD SALMAN
output/cropped_outputs/Name/PAN_Card_20240702_155249054_jpg.rf.ac26af6fa372b3f814b247d4aabc1296_Name.jpg,NOORAAHAMMAD MAHAMMADAHUSSEN
output/cropped_outputs/Name/94_PAN_jpg.rf.21befd6a87f64ca5ffab496729fe91cb_Name.jpg,VINOD KUMAR
output/cropped_outputs/Name/bc_image_078_jpg.rf.e954ff9793362c6bf6a60fd265ffcdb4_Name.jpg,BHAGWATI DEVI
output/cropped_outputs/Name/bc_image_201_jpg.rf.0c64d6c24f076dbf08a441506b7e6f1f_Name.jpg,AKASH T B
output/cropped_outputs/Name/bnw_image_063_jpg.rf.683ffed0b905495db9538004e08738e8_Name.jpg,ANOP SINGH
output/cropped_outputs/Name/bnw_image_157_jpg.rf.8ada07595aad4344de3b770ed37c1d23_Name.jpg,NARENDRA PANDYA
output/cropped_outputs/Name/bnw_image_037_jpg.rf.cf041ca363d1e8c6b627137573213ff2_Name.jpg,NITIN JITURI
output/cropped_outputs/Name/bnw_image_098_jpg.rf.0157103804a72aa6d57338b324168e78_Name.jpg,GANGA
output/cropped_outputs/Name/bc_image_032_jpg.rf.018b2aa355afa781b13d12d06b685b4a_Name.jpg,SURENDRA SINGH
output/cropped_outputs/Name/bc_image_243_jpg.rf.41ce0fcc553c47678987a803ddc78491_Name.jpg,SAFARUDIN
output/cropped_outputs/Name/bc_image_005_jpg.rf.6c154634192eadc21f287836c3a9ffd5_Name.jpg,SOHRAB ALAM NAWAB KHAN
output/cropped_outputs/Name/bc_image_261_jpg.rf.1d6dc4447277889c6e7959140ff8d3b6_Name.jpg,SUKUMAR BISHWASA NAMOSUDA
output/cropped_outputs/Name/bnw_image_017_jpg.rf.29f922158134ad2d91448bb7fa33a473_Name.jpg,MD NAHID AHMED
output/cropped_outputs/Name/bc_image_124_jpg.rf.2193386ad58429b237b3ef639cee8302_Name.jpg,KAMLA DEVI RAO
output/cropped_outputs/Name/PAN_Card_20240701_192656584_jpg.rf.76e1b5c1b6ddd8e823a367c0619df1b0_Name.jpg,MOHMAD HASIEN
output/cropped_outputs/Name/bc_image_110_jpg.rf.0049200071f6716ae3b67aaf914727a3_Name.jpg,GANESH GURJAR
output/cropped_outputs/Name/bc_image_135_jpg.rf.90f2e39baa44cc1b42b283f666bed3fe_Name.jpg,LERU PURI
output/cropped_outputs/Name/5-Neha-PAN_jpeg.rf.48083d935dabdeb19b83fbe6831c1dce_Name.jpg,NEHA JAIN
output/cropped_outputs/Name/PAN_Card_20240702_122454538_jpg.rf.409766680922b6adb2421bfa5d9003c6_Name.jpg,SWAPNA V G
output/cropped_outputs/Name/image19_jpeg.rf.2b8accd940998c213f6ffacc8bab1733_Name.jpg,SAIFALI ANSARI
output/cropped_outputs/Name/prabhu-lal-pan_jpeg.rf.179c779e367c1ecbe4346fa8a9b9b997_Name.jpg,PRABHU LAL
output/cropped_outputs/Name/Rafik-PAN_jpeg.rf.58ea171ff72f6cb5c5db44504ebae65c_Name.jpg,MOHAMMED RAFIK
output/cropped_outputs/Name/6-Virendra-PAN_jpeg.rf.5eb0476dd53c0bd8be604114f918e182_Name.jpg,VIRENDRA KUMAR JAIN
output/cropped_outputs/Name/01173574530010_pan_png.rf.a3f621c39fd133ea9ff59e91722a7ecf_Name.jpg,MAN SINGH
output/cropped_outputs/Name/01231576410019_jpg.rf.29beb73c7b4d97d2739c1230e68c8aa5_Name.jpg,SERAJ ANSARI
output/cropped_outputs/Name/bc_image_072_jpg.rf.3fd141bbccc71b8f716b3df5052c3f83_Name.jpg,BABY KANWAR
output/cropped_outputs/Name/bnw_image_228_jpg.rf.6e571f2ac02ab37779e9bc6442a63556_Name.jpg,PUSHPA
output/cropped_outputs/Name/bc_image_233_jpg.rf.9b1140e633ff01a81d30fd33d5e7b6e1_Name.jpg,RAKESH
output/cropped_outputs/Name/bc_image_091_jpg.rf.d75aa7b723c8c789797fb3bb70311990_Name.jpg,DEEPA
output/cropped_outputs/Name/Shabbir-Pan_jpeg.rf.c492808101ccf9b1ad25d4199427f5e0_Name.jpg,SHABBIR KAN
output/cropped_outputs/Name/Gopal-ji-pan-card_page-0001_jpg.rf.ccee84a52ced3ddf24c87b2046582615_Name.jpg,ISHWAR SINGH
output/cropped_outputs/Name/bc_image_251_jpg.rf.0b01d673ddacc6b02f008c49bb1ddd0e_Name.jpg,SHAHRUKH KHAN PATHAN
output/cropped_outputs/Name/bnw_image_245_jpg.rf.a6fe59c408ebb9084e42185540054e40_Name.jpg,SANTI RAWAT
output/cropped_outputs/Name/bc_image_263_jpg.rf.ef083cecf8060b5f7b89292d7e15dcfe_Name.jpg,SURESH KUMAR NITHARWAL
output/cropped_outputs/Name/bc_image_160_jpg.rf.705865ce9b5604964bd073381733e21c_Name.jpg,NEHA JAIN
output/cropped_outputs/Name/Pancard-Kusum_page-0001_jpg.rf.0d2c93cf7d66083e17dc08687a51fb9f_Name.jpg,KUSUM LATA KANWAR
output/cropped_outputs/Name/durga-bai-pancard_page-0001_jpg.rf.9c85cb408e54026a52b8e9747ce0415a_Name.jpg,DURGA BAI
output/cropped_outputs/Name/bnw_image_111_jpg.rf.59ef571959d997238e36583fb3565d09_Name.jpg,ARVIND KUMAR PRAJAPAT
output/cropped_outputs/Name/bc_image_212_jpg.rf.c9b17919b64850b1e252609d5ffdb433_Name.jpg,MD SALMAN
output/cropped_outputs/Name/PAN-Safia_jpeg.rf.993f7e0c3791094bcedb8bc0c6047551_Name.jpg,SAFIA KHAN
output/cropped_outputs/Name/GTR_Pan_jpg.rf.991c58162ca99c3132ae5547dcf1d05c_Name.jpg,ARVIND KUMAR PRAJAPAT
output/cropped_outputs/Name/bc_image_233_jpg.rf.aabe141b0f130439c94766eb18c089b7_Name.jpg,RAKESH
output/cropped_outputs/Name/bnw_image_019_jpg.rf.740aa081dace0caf9c3afe73edecd91f_Name.jpg,NIKHIL KUMAR
output/cropped_outputs/Name/bc_image_095_jpg.rf.6cbd69be31e60d5b8fa20b64037ce987_Name.jpg,DURGA BAI
output/cropped_outputs/Name/01215317330013_jpg.rf.81b4ab50306d1fa6bf6fe29232e53c1f_Name.jpg,SANDEEP KUMAR
output/cropped_outputs/Name/bnw_image_091_jpg.rf.ba66cca7e3821e2cc190fff102babdbd_Name.jpg,DEEPA
output/cropped_outputs/Name/Guarantor-Mayank_Pan_jpg.rf.28ec8d41995916f04870165bcf1083b5_Name.jpg,MAYANK GARG
output/cropped_outputs/Name/PAN_Card_20240702_173020584_jpg.rf.6e2104a4b636cb326dc0d481bae212b5_Name.jpg,SHIVAKUMAR
output/cropped_outputs/Name/bnw_image_083_jpg.rf.3c3c80c3d5dd8428cc598abeb08f64b3_Name.jpg,CHANDRKANTA JAIN
output/cropped_outputs/Name/bc_image_166_jpg.rf.efa6dcaaff38df1e68ee29cc4431791d_Name.jpg,MANOJ KUMAR
output/cropped_outputs/Name/jetha-ram-panc_jpeg.rf.a2e371f212f4e380cd0c5e99690a8c9e_Name.jpg,JETHA RAM
output/cropped_outputs/Name/bnw_image_011_jpg.rf.7a348bd2ec1b248f16801bff6f3f3d3e_Name.jpg,KAUSHAL KISHORE
output/cropped_outputs/Name/bc_image_245_jpg.rf.10d90f51725eccfcf14c5f2252a315ee_Name.jpg,SAMUTI RAWAT
output/cropped_outputs/Name/bc_image_204_jpg.rf.6f0dcb51d308ef808b9ed159a767c144_Name.jpg,ZEENATH BEGUM
output/cropped_outputs/Name/bc_image_208_jpg.rf.f98e4433dceab0e1ccb4e76c42cb5cce_Name.jpg,SANGEETHA NAIR K S
output/cropped_outputs/Name/Pan-Card_page-0001_jpg.rf.17dd3a2da4e2855d175552c7c030f3f3_Name.jpg,RAMJILAL YADAV
output/cropped_outputs/Name/IMG_20240314_160358_jpg.rf.38d2891c98a5e08c64aa198fef3d0b7c_Name.jpg,ARUN S
output/cropped_outputs/Name/bnw_image_038_jpg.rf.f076b76f4a306ebc143314ee788a62e0_Name.jpg,NEHA JAIN
output/cropped_outputs/Name/bnw_image_113_jpg.rf.952b4cc5db433b03d2582465c9463dec_Name.jpg,GUMAN RAM
output/cropped_outputs/Name/01341463450015_jpg.rf.5b9381c7c43e3b0535ca3f42a99d8059_Name.jpg,SANDEEP PATIDAR
output/cropped_outputs/Name/bnw_image_189_jpg.rf.42a8748d1d0f72be08879fe1b12f719c_Name.jpg,JALDEEP
output/cropped_outputs/Name/bc_image_098_jpg.rf.bc3f3d28f8eb3eb77c1fba421414f0bd_Name.jpg,GANGA
output/cropped_outputs/Name/bnw_image_093_jpg.rf.22538ada2cbd3f774277b2f1d1776e72_Name.jpg,DHAPU DEVI
output/cropped_outputs/Name/bnw_image_122_jpg.rf.14bad7208daa53f1aecaa190be07f967_Name.jpg,KALU LAL SALVI
output/cropped_outputs/Name/bnw_image_151_jpg.rf.146d325af2bc9a04e0172be5823a6a33_Name.jpg,MAYA BAI
output/cropped_outputs/Name/bc_image_086_jpg.rf.e1c722d585a0514219956e14b038f55b_Name.jpg,CHHOTU LAL
output/cropped_outputs/Name/bnw_image_103_jpg.rf.04a574f5178ea1a0dc0cdc9fda8ee140_Name.jpg,GHANSHYAM
output/cropped_outputs/Name/bc_image_144_jpg.rf.e76195d40d33b399f1c4d8cbad4dcf15_Name.jpg,MANGI LAL
output/cropped_outputs/Name/bnw_image_261_jpg.rf.233a711cb478599bba9179dc150cc750_Name.jpg,SUKUMAR BISHWASA NAMOSUDA
output/cropped_outputs/Name/bc_image_205_jpg.rf.1d525fc664f257268862afae02952f7d_Name.jpg,PRAVEEN KUMAR M UDAGI
output/cropped_outputs/Name/bc_image_211_jpg.rf.38925b8fe3b3053a93ab4b2c078a2d0e_Name.jpg,SABAH ANJUM
output/cropped_outputs/Name/21_PAN_jpg.rf.c395f05a328f26b92f60cc3b6f4de31e_Name.jpg,SURENDRA SINGH
output/cropped_outputs/Name/bnw_image_032_jpg.rf.3133d1e9fa7680620dc41d648dc902b0_Name.jpg,SURENDRA SINGH
output/cropped_outputs/Name/bnw_image_141_jpg.rf.e486a063697452185accdd1c48938998_Name.jpg,MAMTA PANDYA
output/cropped_outputs/Name/PAN_Card_20240702_155249054_jpg.rf.a5fce132d053b120b79d1a8dc3afb590_Name.jpg,NOORAAHAMMAD MAHAMMADAHUSSEN
output/cropped_outputs/Name/bnw_image_164_jpg.rf.20df0db851be04442b8cf8cfb0fd692a_Name.jpg,BALRAM ACHARIYA
output/cropped_outputs/Name/bc_image_114_jpg.rf.f8807080064f93f9fc5bb2e981708b84_Name.jpg,HOMJI RAWAT
output/cropped_outputs/Name/papu-singh-pan-card-tambariya_page-0001_jpg.rf.319968a5f97f0af0fedf509cb2b1d392_Name.jpg,PAPU SINGH
output/cropped_outputs/Name/bnw_image_174_jpg.rf.5046df0be9ae14e6e2b28e395a23fb39_Name.jpg,SUNIL HARIJAN
output/cropped_outputs/Name/bc_image_047_jpg.rf.022c38ca8675b53ef178d6a26f937621_Name.jpg,BILAS MAITY
output/cropped_outputs/Name/bnw_image_073_jpg.rf.d07eb8150464ae453e2c6671198807a8_Name.jpg,BADRI LAL
output/cropped_outputs/Name/bnw_image_147_jpg.rf.44cf61be81e6a27666585ad4b5969cbf_Name.jpg,MANJULA DEVI PANCHAL
output/cropped_outputs/Name/53_PAN_jpg.rf.b6c8e2b6a63235290955d724d253167b_Name.jpg,PRIYANKA KUMARI
output/cropped_outputs/Name/bnw_image_232_jpg.rf.cafc6dc9ac3a8518ac09ad00e785b0a6_Name.jpg,RAJENDRA SINGH SOLANKI
output/cropped_outputs/Name/bc_image_087_jpg.rf.f78748790279a8f670302b8f74aea676_Name.jpg,GUDDI
output/cropped_outputs/Name/bc_image_035_jpg.rf.6641c2041818e3ba243df84118b3239a_Name.jpg,NITESH KUMAR
output/cropped_outputs/Name/SHANKAR-PAN-KYC_page-0001_jpg.rf.725219b8dc287a7d169927857b5c0d17_Name.jpg,SHANKAR
output/cropped_outputs/Name/45_PAN_jpg.rf.f980c62f836979303e3cc0dde9578e8c_Name.jpg,SELHUVO LOHE
output/cropped_outputs/Name/bnw_image_218_jpg.rf.66453a01fe83bd425c35f2cf5b4cd34e_Name.jpg,PRABHU LAL
output/cropped_outputs/Name/Manilal_pancard_page-0001_jpg.rf.403b118053d96897d37fea585878acad_Name.jpg,MANILAL PRAJAPAT
output/cropped_outputs/Name/19_jpg.rf.4edb18e33610ebadb52c5b75b3711ecf_Name.jpg,ANUP KUMAR BANERJEE
output/cropped_outputs/Name/29_jpg.rf.ec812719fae903072ac879eafeb155dd_Name.jpg,NITESH KUMAR
output/cropped_outputs/Name/97_jpg.rf.dfccf5461f3f534561e04d4367bfd2b7_Name.jpg,RAKESH B
output/cropped_outputs/Name/Manish-Pan_jpg.rf.ad2d40530f4720541a546a4393aa12b3_Name.jpg,MANISH KUMAR SUMAN
output/cropped_outputs/Name/Mamta-PAn_jpeg.rf.dff79cecdfd9f72e0f12799fa4189d15_Name.jpg,MAMTA PANDYA
output/cropped_outputs/Name/bc_image_253_jpg.rf.8ecd878d0ba45722c600941df25a4e50_Name.jpg,SHANTA PURI
output/cropped_outputs/Name/Rakesh-Pan-Card_page-0001_jpg.rf.494044cdb96aae8221a461e8af277f6a_Name.jpg,RAKESH
output/cropped_outputs/Name/bnw_image_005_jpg.rf.f23e1477eb8e7074bcff9f4caf581763_Name.jpg,SOHRAB ALAM NAWAB KHAN
output/cropped_outputs/Name/PAN_Card_20240702_125404493_jpg.rf.05498663e27ac7dde0cf8830cf34d7b8_Name.jpg,KENCHAVEERAPPA RANGASWAMY
output/cropped_outputs/Name/01251136330013_jpg.rf.d11619de0c84a5c6944b2f81bd7b006b_Name.jpg,SHAIKH MUSHTAQUE SHAIKH RAFIQ
output/cropped_outputs/Name/bnw_image_202_jpg.rf.6b4785ab2444743cac4f09edda6a0374_Name.jpg,NAYAZ
output/cropped_outputs/Name/Badri-PAN-GTR_jpeg.rf.12a2e75b4f98dbb612af513f6bbe3aaa_Name.jpg,BADRI LAL
output/cropped_outputs/Name/7_PAN_jpg.rf.c838c2557fc909f27096fb33851b5573_Name.jpg,VIJAY KUMAR
output/cropped_outputs/Name/bnw_image_095_jpg.rf.3c03c4433d59e29a1e63d3976b08a3ed_Name.jpg,DURGA BAI
output/cropped_outputs/Name/bc_image_106_jpg.rf.c504eccb99c2244275f5a4e06b1081dd_Name.jpg,ISHWAR SINGH
output/cropped_outputs/Name/pan-card_jpeg.rf.ec30d11b226112eca6269338f77cee45_Name.jpg,PRAHLAD BAIRWA
output/cropped_outputs/Name/PAN_Card_20240701_205006547_jpg.rf.2187f9a46025361634f5bb53d1d8b7ab_Name.jpg,UDAYKUMAR ADKI
output/cropped_outputs/Name/bc_image_113_jpg.rf.e9a051253256fdcf0808b83821c4611e_Name.jpg,GUMAN RAM
output/cropped_outputs/Name/Antu-Kanwar-Pan-Card_page-0001_jpg.rf.59f34b05f1c83a1ba6388eb81ff365df_Name.jpg,ANTU KANWAR
output/cropped_outputs/Name/SHANKAR-PAN-KYC_page-0001_jpg.rf.7c6ef1074b8fb1c379a2a6ef49f6a7a7_Name.jpg,SHANKAR
output/cropped_outputs/Name/bc_image_179_jpg.rf.c3d3a62c93e5ffdf6176c0d18c62a931_Name.jpg,GOPAL
output/cropped_outputs/Name/97_jpg.rf.988b1bfc3f9b57cac5455dd9f2c89ff2_Name.jpg,RAKESH B
output/cropped_outputs/Name/bnw_image_110_jpg.rf.bd03a0c661b430d39b340b5d62bc3a92_Name.jpg,GANESH GURJAR
output/cropped_outputs/Name/01274722210012_jpg.rf.023e6affcdac1f1f22772b5efc118b71_Name.jpg,RAJESH KUMAR
output/cropped_outputs/Name/bc_image_110_jpg.rf.d39d41892213e1b7736ff3eacf143e0b_Name.jpg,GANESH GURJAR
output/cropped_outputs/Name/Sadrudeen-Pan-Card_page-0001_jpg.rf.2f00aa61b9b593e2a57c4595cad8bbcd_Name.jpg,SADARUDEEN
output/cropped_outputs/Name/bc_image_039_jpg.rf.56bc2b6385041974d7e79db0326920cd_Name.jpg,GURBHEJ SINGH
output/cropped_outputs/Name/bnw_image_101_jpg.rf.259c9cb59158fd3776a95f5caf171e75_Name.jpg,JITENDRA SWAMI
output/cropped_outputs/Name/bnw_image_187_jpg.rf.69566bf0626ddf1582c423180a8b7c2d_Name.jpg,ROSHAN TRIVEDI
output/cropped_outputs/Name/63_jpg.rf.6abfd4212a929970c7c84233a846d969_Name.jpg,MAKARAND PRAKASH GARATE
output/cropped_outputs/Name/bc_image_051_jpg.rf.5a69db8f4768aba9e06ee565432752d7_Name.jpg,RAKESH B
output/cropped_outputs/Name/bc_image_071_jpg.rf.9640c5454919a896d0a0a8eb780f871c_Name.jpg,BABULAL SAINI
output/cropped_outputs/Name/bc_image_237_jpg.rf.a90115ac6984192c11e606b48002a5b4_Name.jpg,RATAN LAL
output/cropped_outputs/Name/bc_image_016_jpg.rf.4851a00bab200ad2450538a3834f7093_Name.jpg,MD ABDULLA AL GALIB
output/cropped_outputs/Name/bnw_image_161_jpg.rf.879a989f8c24721d269761da1898f32a_Name.jpg,ARTI
output/cropped_outputs/Name/7_PAN_jpg.rf.ded6497fc5eec84a000e97b679448d98_Name.jpg,VIJAY KUMAR
output/cropped_outputs/Name/bc_image_250_jpg.rf.b03becd70b21125864ca78875c1364b7_Name.jpg,SHABANAM PATHAN
output/cropped_outputs/Name/bc_image_143_jpg.rf.85ee9cf326a85a6d57adc5c9fb951e61_Name.jpg,MAN SINGH RATHORE
output/cropped_outputs/Name/bnw_image_009_jpg.rf.64fa6aa9f5c70c953641aa73708bd36c_Name.jpg,SYED AMINUL ISLAM
output/cropped_outputs/Name/bc_image_210_jpg.rf.9142c29a43b4c01553b9e81eb6807506_Name.jpg,USHA S G
output/cropped_outputs/Name/pancard1_jpg.rf.440d9ffa5b67f7b4f008a48808379a71_Name.jpg,PRIYANKA KUMARI
output/cropped_outputs/Name/bc_image_001_jpg.rf.82c2e41c5fda319f857367ac2c46cbf9_Name.jpg,SK SARJID UDDIN
output/cropped_outputs/Name/Pramila-PAN_jpeg.rf.d03ec21181cb0058ec9690b8b5a699be_Name.jpg,PRAMILA PATEL
output/cropped_outputs/Name/bnw_image_255_jpg.rf.b1395c2e7f49424dc088cf46d1534d1a_Name.jpg,SHYAMLAL
output/cropped_outputs/Name/bc_image_100_jpg.rf.17381cb1cade991c6c262e357d3bdd9e_Name.jpg,GATULAL YADAV
output/cropped_outputs/Name/bnw_image_049_jpg.rf.55d76bbde776cd9e7ab1fa6ee4772976_Name.jpg,ROHIT KUMAR GIRI
output/cropped_outputs/Name/bc_image_050_jpg.rf.501ac4d1651864add13b4954dba22f25_Name.jpg,INDRANI D
output/cropped_outputs/Name/Kamla_Pan_jpg.rf.6ccead183a464e0f2f2ece50bcf33108_Name.jpg,KAMLA DEVI RAO
output/cropped_outputs/Name/bc_image_045_jpg.rf.9db773dbd0d0d599c343f11eb288e6db_Name.jpg,VIJAY KUMAR
output/cropped_outputs/Name/bnw_image_251_jpg.rf.300514208a484e7b887e7ba3c3ca271a_Name.jpg,SHAHRUKH KHAN PATHAN
output/cropped_outputs/Name/PAN_Card_20240701_184004436_jpg.rf.e60b1d12b46f8682473cc7ed9e71945f_Name.jpg,NAYAZ
output/cropped_outputs/Name/01262175230013_jpg.rf.3f3eca9624737e467a96ab289810f4cb_Name.jpg,SUKHVINDER SINGH
output/cropped_outputs/Name/01112319790012_jpg.rf.a583b55990b899455483678f7c236c13_Name.jpg,MOHD SAJID
output/cropped_outputs/Name/Kamla_Pan_jpg.rf.cb0b895a8303f1c88c2846d343065fe2_Name.jpg,KAMLA DEVI RAO
output/cropped_outputs/Name/0721a014-imgtopdf_generated_2508201310016_page-29_jpg.rf.dd71f53892e144a0114ac951f67ac0f4_Name.jpg,BUMBA DAS
output/cropped_outputs/Name/bnw_image_222_jpg.rf.067274211e0c94415e51683c55c933f6_Name.jpg,PRAMILA PATEL
output/cropped_outputs/Name/laluram-kir-pan-card-_page-0001_jpg.rf.6df6a7e38fb378c05bb36ff1bd571786_Name.jpg,LALURAM KIR
output/cropped_outputs/Name/01367165370017_jpg.rf.59f1cefc912b38b662780c9cc3da3038_Name.jpg,SATYANARAYAN DAS
output/cropped_outputs/Name/bnw_image_071_jpg.rf.36fef01dc6dbc33d86ca462bf6030eff_Name.jpg,BABULAL SAINI
output/cropped_outputs/Name/01476112530017_jpg.rf.e5d7c3b70cf75d5fbbb61ae271d4ce92_Name.jpg,GOURAB PROSAD SAHA
output/cropped_outputs/Name/bc_image_085_jpg.rf.4f3c7c641e88cba7060dba3d1c9c3a22_Name.jpg,CHHOTU LAL
output/cropped_outputs/Name/bnw_image_133_jpg.rf.d9eec1a4c4704488e04dfdb21206df4f_Name.jpg,LALURAM KIR
output/cropped_outputs/Name/GTR-Phool-Chand-PAN_jpeg.rf.eb19b56604cb4d48d455b25ce4274ceb_Name.jpg,PHOOLCHAND
output/cropped_outputs/Name/bc_image_187_jpg.rf.c5c35a417b9421884154dee20f44117b_Name.jpg,ROSHAN TRIVEDI
output/cropped_outputs/Name/bc_image_262_jpg.rf.d92f0ff1b29adb5c8141989c839dd661_Name.jpg,SURENDRA SISODIA
output/cropped_outputs/Name/Nand-PAN_jpeg.rf.a99fcc91d4cc1b1772167453137d04c1_Name.jpg,NANDKISHOR RENIWAL
output/cropped_outputs/Name/bnw_image_088_jpg.rf.b93aabc20d235e1df935efc98297dc0d_Name.jpg,LAXMI
output/cropped_outputs/Name/Sushila-Pan_jpg.rf.eb40835e6d97586200d2f3033587379f_Name.jpg,SUSHILA
output/cropped_outputs/Name/Babulal-PAN_page-0001_jpg.rf.4687799fa3d2ab0e445fffe7bda2508a_Name.jpg,BABULAL SAINI
output/cropped_outputs/Name/surendra-pan-card_jpg.rf.1dba5f6279cdcc98696e4a56072b8976_Name.jpg,SURENDRA SISODIA
output/cropped_outputs/Name/bc_image_116_jpg.rf.4d471adf92446000e503bddac8119f2f_Name.jpg,JAGDISH PURI
output/cropped_outputs/Name/CoApp-Pan-Card_jpeg.rf.7dc798eda0538533504a0eeae462bf39_Name.jpg,KAUSHALYA
output/cropped_outputs/Name/01776262270018_jpg.rf.698d987845f73debdbce1214c4ea115b_Name.jpg,SOUVIK HALDER
output/cropped_outputs/Name/bnw_image_255_jpg.rf.53ab7af304430df091a59df05bbf8e32_Name.jpg,SHYAMLAL
output/cropped_outputs/Name/12_PAN_jpg.rf.08708e9e9276e2265bc3fa71edd0c163_Name.jpg,SANJAY KUMAR PRAJAPATI
output/cropped_outputs/Name/bnw_image_120_jpg.rf.da731955f6907cb24f32bd52127d8204_Name.jpg,JITENDRA RAWAT
output/cropped_outputs/Name/gaurnator-pan-card_jpg.rf.252650d6f43582f51e2a4cffb87450f7_Name.jpg,BRIJ GOPAL DAHNA
output/cropped_outputs/Name/01111534630016_jpg.rf.0d36e1bc00ab1a8a898c81f7326222e4_Name.jpg,SONU PATHAK
output/cropped_outputs/Name/bc_image_222_jpg.rf.7724bbe444f0773ffb50f96b796eeaaf_Name.jpg,PRAMILA PATEL
output/cropped_outputs/Name/pan3_png.rf.285870f10fdd9194b21f41069ec70483_Name.jpg,JALDEEP
output/cropped_outputs/Name/bc_image_252_jpg.rf.10714d945d7b97d6b81d42397ce3d4c5_Name.jpg,SHANKAR
output/cropped_outputs/Name/Ganga_Pan_jpg.rf.112bd1a30648fbfb94750125ba373584_Name.jpg,GANGA
output/cropped_outputs/Name/PAN_Card_20240702_161532818_jpg.rf.084ca1ccc64193b0e5609e8ac7bb6407_Name.jpg,ANJALI SURESH KANJIKAR
output/cropped_outputs/Name/bc_image_127_jpg.rf.81944eaa180d1d751146e1028aeb4468_Name.jpg,KAN SINGH
output/cropped_outputs/Name/bc_image_242_jpg.rf.eda6da8c7a040520e4e7febe7715b68d_Name.jpg,SADARUDEEN
output/cropped_outputs/Name/01215352310017_jpg.rf.e73d321863e656403f42d07f2da14995_Name.jpg,VED PRAKASH KUMAR
output/cropped_outputs/Name/bc_image_246_jpg.rf.e023300689bf8bfe5f73cb5d5a008584_Name.jpg,SANGITA
output/cropped_outputs/Name/RINKU-PAN_page-0001_jpg.rf.3f271965b3f1c729c42ef127d018d86d_Name.jpg,RINKU BISHWASA NAMOSUDA
output/cropped_outputs/Name/bnw_image_139_jpg.rf.e45e87c37fc176c3c8aab3de5751d5de_Name.jpg,MAHAVEER OLA
output/cropped_outputs/Name/01213254430016_jpg.rf.606528134f26a19fdf886fb5c8b47311_Name.jpg,ARBIND KUMAR
output/cropped_outputs/Name/bc_image_139_jpg.rf.44794ce820cafe072ba6efb0d9ba1d55_Name.jpg,MAHAVEER OLA
output/cropped_outputs/Name/1699514054_jpg.rf.901a7f6d65811f12e710fd8246fe0827_Name.jpg,FIRST NAME MIDDLE NAME SURNAME
output/cropped_outputs/Name/PAN_Card_20240702_154034177_jpg.rf.7991f72e738cbcb8f69eaba5c4cd4324_Name.jpg,SANGEETHA NAIR K S
output/cropped_outputs/Name/bc_image_239_jpg.rf.7cf5ecc30d7042477c8bae0dc172a66a_Name.jpg,RINKU BISHWASA NAMOSUDA
output/cropped_outputs/Name/PAN_Card_20240701_181008420_jpg.rf.299e2febc073ea619bc862d0207d1092_Name.jpg,ZAFRULLA
output/cropped_outputs/Name/01245671710014_jpg.rf.d2190debf49f070920e22a3b21744754_Name.jpg,SYED AMINUL ISLAM
output/cropped_outputs/Name/47_PAN_jpg.rf.321782bd9756d0ed499c9ac1042cf1cf_Name.jpg,NITIN JITURI
output/cropped_outputs/Name/Jitendra-GTR-PAN-2-_jpg.rf.ca12702fa5ca091358402137e00a9afb_Name.jpg,JITENDRA KACHHAWA
output/cropped_outputs/Name/01447616370011_jpg.rf.99e204600129d583d539dad72b1f4fcb_Name.jpg,PANKAJ BHAGWANRAO KAPURGE
output/cropped_outputs/Name/bnw_image_102_jpg.rf.65f7334b6a8eb707683a46474e2d4418_Name.jpg,BRIJ GOPAL DAHNA
output/cropped_outputs/Name/01215473510013_jpg.rf.81f1005f8ed4d641f99e328d0854831a_Name.jpg,PAPIA SARKAR DUTTA
output/cropped_outputs/Name/Rajendra-Singh-PAN_page-0001_jpg.rf.c33ca6ee137f799d565fdb09fe2a8cab_Name.jpg,RAJENDRA SINGH SOLANKI
output/cropped_outputs/Name/bc_image_102_jpg.rf.f619789097c01732f01fe44d73b59cee_Name.jpg,BRIJ GOPAL DAHNA
output/cropped_outputs/Name/100_PAN_jpg.rf.ebcf0de1f63534ca3b37f741f835f424_Name.jpg,RAKESH B
output/cropped_outputs/Name/gaurantor-pan-card_jpeg.rf.005725896419ba8cae94194fa5869946_Name.jpg,JITENDRA SWAMI
output/cropped_outputs/Name/e007179a-58196aadc14229072fe70390_pan_jpg.rf.81d17ee15c0db20319f0cb0bffa1625f_Name.jpg,VINAYKUMAR H S
output/cropped_outputs/Name/bc_image_130_jpg.rf.f2cf9f2b135b836f3180461c92cc9b35_Name.jpg,KHERU NISA
output/cropped_outputs/Name/bc_image_145_jpg.rf.ebfe7728860f7bb23f647de17ad9e2c9_Name.jpg,MANILAL PRAJAPAT
output/cropped_outputs/Name/bnw_image_057_jpg.rf.5c36b08a54e992f2697a100e7c2fc243_Name.jpg,ANIL LAVJI RAO
output/cropped_outputs/Name/bnw_image_169_jpg.rf.c2d56b4aa52ef2824d214039992c8de6_Name.jpg,JAMANA GURJAR
output/cropped_outputs/Name/bnw_image_200_jpg.rf.15f45350a09ea74fe1076c51a3958f97_Name.jpg,MOHAMMED NOORDIN
output/cropped_outputs/Name/PAN_Card_20240702_161137495_jpg.rf.59689fe6c535bea4d62276830327b3d0_Name.jpg,CHORASIYA RANJAN
output/cropped_outputs/Name/bnw_image_180_jpg.rf.d14bb0bc867639f4cf1c0cd1dd19f52a_Name.jpg,KARANSINGH KESHARSINGH RATHORE
output/cropped_outputs/Name/bc_image_260_jpg.rf.08b740d4b88c230081b21318a4b4f39c_Name.jpg,SUDHIR KUMAR JAIN
output/cropped_outputs/Name/bnw_image_246_jpg.rf.e51c0f403834fe13064e7326fccfbfb3_Name.jpg,SANGITA
output/cropped_outputs/Name/bnw_image_167_jpg.rf.e6c0735fbe41b43c8ba837070c196e0b_Name.jpg,BRAJMOHAN
output/cropped_outputs/Name/bnw_image_040_jpg.rf.70c5be52249e6e0781d6e30a2fccb632_Name.jpg,VIRENDRA KUMAR JAIN
output/cropped_outputs/Name/92_jpg.rf.7640a81f3716d235647b4a3a11843f1a_Name.jpg,INDRANI D
output/cropped_outputs/Name/70_PAN_jpg.rf.76447ebaf8eac0a4d8e111872d5ad70b_Name.jpg,A MOHAMED SAIFUDEEN
output/cropped_outputs/Name/bnw_image_178_jpg.rf.9cf5179838ea2383ac73c306d4de28f2_Name.jpg,DEEPAK SWAMI
output/cropped_outputs/Name/App-Arjun-Ram-Pan-Card_page-0001_jpg.rf.d82385ba1151ac74056dee16d1d0c928_Name.jpg,ARJUN RAM
output/cropped_outputs/Name/pan3_png.rf.441497f3456f8de365d001b14b8b63c2_Name.jpg,JALDEEP
output/cropped_outputs/Name/01187739310014_jpg.rf.e2fb5e52cba8919b8ffec6b3fda24d98_Name.jpg,CHINU JANA DAS
output/cropped_outputs/Name/bc_image_053_jpg.rf.35cd29eedcd4bcfaa52925b70fb3b236_Name.jpg,JASHWANT MEENA
output/cropped_outputs/Name/bc_image_184_jpg.rf.62a9e6d5793178a5ac2ae40868e04c01_Name.jpg,SAJU KUNWAR
output/cropped_outputs/Name/bc_image_056_jpg.rf.79c315b754c6019a40289a961f4393c1_Name.jpg,AMARA RAM
output/cropped_outputs/Name/101_PAN_jpg.rf.30cd4485d92adf1850eefbf82a352785_Name.jpg,D MANIKANDAN
output/cropped_outputs/Name/bnw_image_064_jpg.rf.d63df17f3f9f7fae9273a1f6d0654454_Name.jpg,ANTU KANWAR
output/cropped_outputs/Name/bnw_image_268_jpg.rf.825b704f7190dfd5bfcea616a0f001de_Name.jpg,JASHODA BAI
output/cropped_outputs/Name/25_png.rf.553975245448c38d8c15390b0f9e716d_Name.jpg,PRIYANKA BABAN LOHAR
output/cropped_outputs/Name/01251152230017_jpg.rf.a94c59227e2018b8ccb87a824a7a3fd0_Name.jpg,SUMIT SAINI
output/cropped_outputs/Name/PAN-Karan_jpeg.rf.8a7ffedfbd561dffe773676d86f4efd9_Name.jpg,KARANSINGH KESHARSINGH RATHORE
output/cropped_outputs/Name/GTR-Phool-Chand-PAN_jpeg.rf.e734a86b0358839f5ad2065c5c4112bf_Name.jpg,PHOOLCHAND
output/cropped_outputs/Name/bc_image_015_jpg.rf.ee7d1130d50ee56a76c30db102f7f38b_Name.jpg,SEKENDAR ALI
output/cropped_outputs/Name/bnw_image_094_jpg.rf.e71eea1245a7cb0eefa98560a2eba307_Name.jpg,RAWAT DILIP
output/cropped_outputs/Name/PAN_raju-Joshi_page-0001_jpg.rf.b694bf3cb4e5f9363738dbdc55d6c87d_Name.jpg,JOSHI RAJENDRABHAI B
output/cropped_outputs/Name/bnw_image_040_jpg.rf.f5db15dc6d44b0bad10a6cb833005d41_Name.jpg,VIRENDRA KUMAR JAIN
output/cropped_outputs/Name/bnw_image_077_jpg.rf.f510b1950e05df26d726062703ab679f_Name.jpg,BHAGWATI DEVI
output/cropped_outputs/Name/image14_jpeg.rf.901d6aa754e87a1f7cf648d4e7af1a0a_Name.jpg,DINESH KUMAR
output/cropped_outputs/Name/Chandrakanta_PanCard_jpg.rf.b639535fe9aeeb676893da2c8a554c21_Name.jpg,CHANDRKANTA JAIN
output/cropped_outputs/Name/01261443750015_jpg.rf.00f57fd4825a6824a60c2b12dc4534c0_Name.jpg,PRAKASH KUMAR DANGI
output/cropped_outputs/Name/Kamlesh-Gtr-PAN-Copy_jpg.rf.aa60ec9c325dc1cf6f30adb842f3d711_Name.jpg,KAMLESH KUMAR YADAV
output/cropped_outputs/Name/bc_image_199_jpg.rf.03645b612e3c1f80162e33da272daf48_Name.jpg,PANNA LAL GURJAR
output/cropped_outputs/Name/bnw_image_226_jpg.rf.55f0a44f6d5f961497baf39ec4fb813d_Name.jpg,YUNUS ALI
output/cropped_outputs/Name/Narendra-Ji-PAN-Card_jpeg.rf.421fa14356b93eeaeb7b3cc708053c96_Name.jpg,NARENDRA PANDYA
output/cropped_outputs/Name/PAN_Card_20240701_190503704_jpg.rf.8e1542dec3a6c05b150107fb9de23b31_Name.jpg,SHARANAYYA
output/cropped_outputs/Name/01125713540016_jpg.rf.a636f49463ef723c7e7964ed2568ab12_Name.jpg,ARUN KUMAR
output/cropped_outputs/Name/57_jpg.rf.56b0fd491d788497fefae6c886172705_Name.jpg,GURBHEJ SINGH
output/cropped_outputs/Name/bc_image_217_jpg.rf.e54acc42aebe8a8cb85c514c46236b93_Name.jpg,PINKI DEVI
output/cropped_outputs/Name/61_PAN_jpg.rf.abb47a17026d04042c8753b2f83f7eb5_Name.jpg,HARNAM SINGH JAMWAL
output/cropped_outputs/Name/bc_image_145_jpg.rf.95f884f8b75764c65fb340a2ca02a5bc_Name.jpg,MANILAL PRAJAPAT
output/cropped_outputs/Name/Mool-Singh-Chouhan-Pan-Card_jpg.rf.628763dfa262e950fec7784054fd1f70_Name.jpg,MOOL SINGH CHAUHAN 
output/cropped_outputs/Name/bnw_image_267_jpg.rf.2241aea0fcf322fd49c810e0cf92d45f_Name.jpg,VITHAL SINGH
output/cropped_outputs/Name/01577335720011_jpg.rf.4bf77a0385e0a1ee53d6fe0808d5af77_Name.jpg,MD NAHID AHMED
output/cropped_outputs/Name/Amra-PAN_jpeg.rf.9fce14c86319bb0f8c3a79acd34c4a09_Name.jpg,AMARA RAM
output/cropped_outputs/Name/bc_image_126_jpg.rf.37392b3d69d0f471fc1e89ada15243ec_Name.jpg,KAMLESH KUMAR YADAV
output/cropped_outputs/Name/bc_image_267_jpg.rf.66419a80b03f4a1ba6185e60003e0b22_Name.jpg,VITHAL SINGH
output/cropped_outputs/Name/01173574530010_pan_png.rf.0e7d64c33c02ce9e00790ec6fd270ca9_Name.jpg,MAN SINGH
output/cropped_outputs/Name/bc_image_178_jpg.rf.a0bdaeb316589e83803f6ba90a807515_Name.jpg,DEEPAK SWAMI
output/cropped_outputs/Name/pinki-pan_jpeg.rf.af3385fbe5361557574d6b97d5b3ca93_Name.jpg,PINKI DEVI
output/cropped_outputs/Name/Ashif-PAN_jpeg.rf.58255f85c3e78baab573221047d2a2ae_Name.jpg,ASHIF KHAN QURESHI
output/cropped_outputs/Name/bheru-pan-card_page-0001_jpg.rf.15ae982a36447d4eede56e769ae63467_Name.jpg,BHERU LAL
output/cropped_outputs/Name/bnw_image_072_jpg.rf.cd838522b123eaad17f4d4929a9c2e6d_Name.jpg,BABY KANWAR
output/cropped_outputs/Name/29_jpg.rf.00c08977af51f47282af3d57cefbbf65_Name.jpg,NITESH KUMAR
output/cropped_outputs/Name/bnw_image_130_jpg.rf.748e774e23e9001a16ea6da8d3cb2958_Name.jpg,KHERU NISA
output/cropped_outputs/Name/01151242750019_jpg.rf.ac8007f6136025ae19727dc58ac0ff93_Name.jpg,SK SARJID UDDIN
output/cropped_outputs/Name/bnw_image_132_jpg.rf.f07aa62e1db39c0ee851a253b2698fa6_Name.jpg,LALA RAM
output/cropped_outputs/Name/bc_image_122_jpg.rf.803f944bdd373c0ede7402b77d89ef41_Name.jpg,KALU LAL SALVI
output/cropped_outputs/Name/01173574530010_pan_png.rf.965d567d24790c6681b9624c9a1bc7ae_Name.jpg,MAN SINGH
output/cropped_outputs/Name/bnw_image_010_jpg.rf.29d5fa1872ec91ccd3c90ae66f31aed2_Name.jpg,SUMIT SAINI
output/cropped_outputs/Name/bnw_image_204_jpg.rf.a84c078914cac5ba4ad0a0fe6a38ead0_Name.jpg,ZEENATH BEGUM
output/cropped_outputs/Name/PAN-CARD-SUNIL_page-0001_jpg.rf.828f16b2ac4f5aa436fcf4f48902763a_Name.jpg,SUNIL HARIJAN
output/cropped_outputs/Name/01173574530010_pan_png.rf.103052ef6f523a9847d21a55ea52470d_Name.jpg,MAN SINGH
output/cropped_outputs/Name/01215317330013_jpg.rf.7e447e803d4d2a89694188e5f23e2c40_Name.jpg,SANDEEP KUMAR
output/cropped_outputs/Name/ram-nivas-pan-card_jpg.rf.e7f769e9aff91f9d3fb92fae177f556d_Name.jpg,RAM NIVAS GURJAR
output/cropped_outputs/Name/bnw_image_211_jpg.rf.17191100ba910e26aafcbf89a6f699da_Name.jpg,SABAH ANJUM
output/cropped_outputs/Name/bnw_image_146_jpg.rf.f402df9a605f50f0b0979ef2157cec9b_Name.jpg,MANISH KUMAR SUMAN
output/cropped_outputs/Name/Gogaram-pan_page-0001_jpg.rf.45ded7172d36a2f015345df8e0f0742f_Name.jpg,GOGA RAM
output/cropped_outputs/Name/bc_image_117_jpg.rf.e0a56a0fa925ec9256e3f47fa4734396_Name.jpg,JETHA RAM
output/cropped_outputs/Name/bnw_image_165_jpg.rf.c70abe23e1ea39f69fde381f331654ee_Name.jpg,BHIWA
output/cropped_outputs/Name/bc_image_175_jpg.rf.81e051b94a68da5e6c59cfeac234b91f_Name.jpg,NIKHIL KUMAR
output/cropped_outputs/Name/bc_image_017_jpg.rf.87ca6fd103a3ab8be5d558ad057b087c_Name.jpg,MD NAHID AHMED
output/cropped_outputs/Name/bnw_image_138_jpg.rf.9c85bf95671aa9971ba2c6f60279b9dd_Name.jpg,MAGHA RAM
output/cropped_outputs/Name/01247667630015_jpg.rf.2f199e199e2e1e944c766cbe51d4e7df_Name.jpg,MANOJ KUMAR SINGH
output/cropped_outputs/Name/01546714470012_jpg.rf.3ff3d805bc9bfb8e127480dec8bc6a66_Name.jpg,SUKDEV JANA
output/cropped_outputs/Name/bnw_image_154_jpg.rf.75e445e2addaca2aa8dd98e249e2e6c7_Name.jpg,MUKESH KUMAR SEN
output/cropped_outputs/Name/PAN_Card_20240701_183248314_jpg.rf.13194177ff24ed0429d09de9f26e4f69_Name.jpg,B S VANAJAKSHI
output/cropped_outputs/Name/PAN-Karan_jpeg.rf.8f6245396b769efd37221765ee94f00f_Name.jpg,KARANSINGH KESHARSINGH RATHORE
output/cropped_outputs/Name/bc_image_209_jpg.rf.b34912427a0c4d0036ab09c14a8ddd90_Name.jpg,HASEENA BEGUM
output/cropped_outputs/Name/bc_image_091_jpg.rf.bc77cf06157dfef82a723784f69e773c_Name.jpg,DEEPA
output/cropped_outputs/Name/01262414660017_jpg.rf.a983f887f322b5a7f775a73e8e696070_Name.jpg,KAUSHAL KISHORE
output/cropped_outputs/Name/bc_image_020_jpg.rf.6f228dfc118398b8b7e79f78047b5e94_Name.jpg,RAJU SHANKAR KALASE
output/cropped_outputs/Name/89_PAN_jpg.rf.1ae5f7dec6810caaca4486b1a193baf9_Name.jpg,JITENDRA KUMAR ARORA
output/cropped_outputs/Name/bc_image_177_jpg.rf.79199f9dff76b81a639d0ad4ecef8d23_Name.jpg,RAMJILAL YADAV
output/cropped_outputs/Name/bc_image_062_jpg.rf.5995dfb93204e05ac4e2df68f19292ce_Name.jpg,ANKUSH PANCHAL
output/cropped_outputs/Name/bc_image_031_jpg.rf.30cd03f18f7bda4f3ecf0e5503ab3f5b_Name.jpg,PRIYANKA BABAN LOHAR
output/cropped_outputs/Name/bc_image_097_jpg.rf.8a076e72feb09827349665664d72bc19_Name.jpg,GANESH MEENA
output/cropped_outputs/Name/bnw_image_167_jpg.rf.7eb101ab9acc38151b017746a0220adc_Name.jpg,BRAJMOHAN
output/cropped_outputs/Name/Manjula-Devi-Pancard_jpeg.rf.02a1e9b5cb82ba11a8c0743fb7b2ac82_Name.jpg,MANJULA DEVI PANCHAL
output/cropped_outputs/Name/bc_image_187_jpg.rf.508d1d1b7a6212d4e11892cdca331183_Name.jpg,ROSHAN TRIVEDI
output/cropped_outputs/Name/pushpa-devi-pan-card_page-0001_jpg.rf.2dacc305396f0f9ca00d3969211aff90_Name.jpg,PUSHPA DEVI
output/cropped_outputs/Name/Shahrukh-Pan_jpeg.rf.a5194976f1748cf692cdb3a9f6344391_Name.jpg,SHAHRUKH KHAN PATHAN
output/cropped_outputs/Name/PAN-BALRAM_jpg.rf.4d868c1ed015cb6366c4d0c6a501b828_Name.jpg,BALRAM ACHARIYA
output/cropped_outputs/Name/bnw_image_070_jpg.rf.a868c1223604166c24a962219ce19fce_Name.jpg,ASHIF KHAN QURESHI
output/cropped_outputs/Name/bitthu-pan-card_jpeg.rf.f9f54efec541109e65f1c54f61a4b869_Name.jpg,BITTU
output/cropped_outputs/Name/prem-singh-aadar-pan-_page-0007_jpg.rf.5d2e1b7fbaeef97cd6c4887c426258d5_Name.jpg,PREM SINGH MEENA
output/cropped_outputs/Name/bnw_image_058_jpg.rf.c5c93b08a803a246425aeb40407a25e8_Name.jpg,ANJANA PATIDAR
output/cropped_outputs/Name/bnw_image_180_jpg.rf.1efe6a5a1a4b8b935807735783a9acf4_Name.jpg,KARANSINGH KESHARSINGH RATHORE
output/cropped_outputs/Name/bc_image_010_jpg.rf.30e62f87746ec75af7acd7d6e03bc9b7_Name.jpg,SUMIT SAINI
output/cropped_outputs/Name/PAN_Card_20240702_172120999_jpg.rf.f515945f866bfa19d8d530e01fa6aaf1_Name.jpg,USHA S G
output/cropped_outputs/Name/Prem-PAN_jpg.rf.57d91751aeed2f82797e664debccf86e_Name.jpg,PREM DEVI NAI 
output/cropped_outputs/Name/92_jpg.rf.88c9024864420f2039ed39ef71cb72c4_Name.jpg,INDRANI D
output/cropped_outputs/Name/01563141730011_jpg.rf.e1e761fb90b7c6e8f1d6e198344c2194_Name.jpg,UJJAL HOSSAIN
output/cropped_outputs/Name/bc_image_269_jpg.rf.363412c0ca9dbeacbe017662e7888952_Name.jpg,YUVRAJ MAHARSHI
output/cropped_outputs/Name/bc_image_176_jpg.rf.5e41d0675c9a5bc35fdeaa64d19e1656_Name.jpg,PRAHLAD BAIRWA
output/cropped_outputs/Name/Sangita-Pan_page-0001_jpg.rf.dd0efd40c3838d962d3ddff097194c39_Name.jpg,SANGITA
output/cropped_outputs/Name/bc_image_185_jpg.rf.15923139a63d2f6f5121b5df6da62907_Name.jpg,SARSI KUNWAR
output/cropped_outputs/Name/bc_image_076_jpg.rf.565cb99ff250e0d005f821beb98bcff7_Name.jpg,BHAGURAM SAMOTA
output/cropped_outputs/Name/bc_image_236_jpg.rf.440c4885563c346f13f8ce628e58f844_Name.jpg,RATAN SINGH MEENA
output/cropped_outputs/Name/46_PAN_jpg.rf.488543a6ed33136d029a587ff568f838_Name.jpg,SANJAY SUNDI
output/cropped_outputs/Name/21_PAN_jpg.rf.ba21318d4315d3eabcc66a4b4896593c_Name.jpg,SURENDRA SINGH
output/cropped_outputs/Name/bc_image_118_jpg.rf.69b611e81f83192a389044da514430e4_Name.jpg,JETHA RAM
output/cropped_outputs/Name/01274722210012_jpg.rf.8d7833bd91a29c12b13e22f8ff67b1ca_Name.jpg,RAJESH KUMAR
output/cropped_outputs/Name/bc_image_088_jpg.rf.58ae144950816e650c7727c0403a90df_Name.jpg,LAXMI
output/cropped_outputs/Name/PAN_Card_20240702_191406532_jpg.rf.a8db8706b61db0c8ffc4f2b7b2cc1cda_Name.jpg,MD SALMAN
output/cropped_outputs/Name/PAN_Card_20240701_203515260_jpg.rf.8ea36f7ba28091256617d922698db716_Name.jpg,ZEENATH BEGUM
output/cropped_outputs/Name/01215463130017_jpg.rf.15772d7e507aa0f3d112a9e9588273be_Name.jpg,MASALKAR AVINASH NANABHAU
output/cropped_outputs/Name/bc_image_203_jpg.rf.1b7bc898f34ee948f4fc6ce54d356c93_Name.jpg,CHINMAYE D
output/cropped_outputs/Name/25_png.rf.332333190fef8d8964a8d3e585710bea_Name.jpg,PRIYANKA BABAN LOHAR
output/cropped_outputs/Name/bnw_image_071_jpg.rf.db773accc3816601f7a12053da9f16b7_Name.jpg,BABULAL SAINI
output/cropped_outputs/Name/bnw_image_028_jpg.rf.7fb47b97def5b547bd1fcde14271dc93_Name.jpg,ANUP KUMAR BANERJEE
output/cropped_outputs/Name/bc_image_202_jpg.rf.fcb5f2e8979fcf6acb5f1653c0b08aae_Name.jpg,NAYAZ
output/cropped_outputs/Name/bc_image_259_jpg.rf.3453de3fffd66e6e73cbbfcc772a4e85_Name.jpg,SONIYA BANO QRESHI
output/cropped_outputs/Name/bnw_image_262_jpg.rf.1ed62eba88bc9af8b171baab7cedfe8d_Name.jpg,SURENDRA SISODIA
output/cropped_outputs/Name/bc_image_255_jpg.rf.72149dfa544278732a90576ff8466683_Name.jpg,SHYAMLAL
output/cropped_outputs/Name/bnw_image_133_jpg.rf.d028ed96728993c20efa430f8eea670e_Name.jpg,LALURAM KIR
output/cropped_outputs/Name/bc_image_210_jpg.rf.abef205edf95b1130029d7a76c66e996_Name.jpg,USHA S G
output/cropped_outputs/Name/bc_image_155_jpg.rf.8c18a142354a62cca4749c085a28420b_Name.jpg,SHUSHIL KUMAR
output/cropped_outputs/Name/bnw_image_169_jpg.rf.fd6fc635fecf1fd547c726eeb190810c_Name.jpg,JAMANA GURJAR
output/cropped_outputs/Name/bnw_image_107_jpg.rf.3e2e0d6655dfe01b65b3da51e1361763_Name.jpg,RAJENDRA KUMAR PRAJAPAT
output/cropped_outputs/Name/bnw_image_063_jpg.rf.faacba2bddcb007180232499cb3c1876_Name.jpg,ANOP SINGH
output/cropped_outputs/Name/bnw_image_171_jpg.rf.1818df37009a5ea5e85709d1a3abc8a1_Name.jpg,PARAMARAM
output/cropped_outputs/Name/01213334750014_jpg.rf.dbfa22b5459a5a0a03557b0e203b752a_Name.jpg,DEBASHIS ROY
output/cropped_outputs/Name/Ratan-PAN-1-_page-0001_jpg.rf.3ddb5e0ccdfda4d5092433189390d461_Name.jpg,RATAN SINGH MEENA
output/cropped_outputs/Name/PAN-CARD-SANNU-BAI_page-0001_jpg.rf.1ac27032a18436d644e8ef7cc9b42220_Name.jpg,SANNU BAI JAIN
output/cropped_outputs/Name/1aea9462babd9fb2fd84f7a2f81f5ccf_jpg.rf.2a30d289e50c56d49395753ffe4a0c6c_Name.jpg,ROSHAN SAHANI
output/cropped_outputs/Name/67_jpg.rf.0f36ffaa2bd304b2366bd30b59575832_Name.jpg,SACHIN YADAV
output/cropped_outputs/Name/Pan-card-of-Brajmohan_jpeg.rf.49d9134ef5693eb24a9acbdf63b428b3_Name.jpg,BRAJMOHAN
output/cropped_outputs/Name/01452511510013_jpg.rf.143a625fa2db21f1d54bbefad8a51f7d_Name.jpg,SEKENDAR ALI
output/cropped_outputs/Name/45_PAN_jpg.rf.0be244b5db658a07c5000d7295529ed1_Name.jpg,SELHUVO LOHE
output/cropped_outputs/Name/72_jpg.rf.c9d9117a3deb7865f55524789c0eaaf9_Name.jpg,ANUP KUMAR BANERJEE
output/cropped_outputs/Name/bc_image_037_jpg.rf.06c63724f17b02a5d4776ce899da89ac_Name.jpg,NITIN JITURI
output/cropped_outputs/Name/bc_image_119_jpg.rf.ce35f0b28c0c7127e43e495605330e79_Name.jpg,JITENDRA KACHHAWA
output/cropped_outputs/Name/bc_image_142_jpg.rf.f01c84ffbd39ae5c1abc704d41beeaa8_Name.jpg,MAMATA YADAV
output/cropped_outputs/Name/bc_image_165_jpg.rf.aab5427b823fa27aa7f32768de0de07c_Name.jpg,BHIWA
output/cropped_outputs/Name/bc_image_028_jpg.rf.4615e45f798c3ad710b1b26b9cfe7a81_Name.jpg,ANUP KUMAR BANERJEE
output/cropped_outputs/Name/Anjana-PAN_jpeg.rf.6685624a51113287f454a8378cb50e56_Name.jpg,ANJANA PATIDAR
output/cropped_outputs/Name/01537155560015_jpg.rf.2326615b6df54c905e9b4cb805508c86_Name.jpg,MD ABDULLA AL GALIB
output/cropped_outputs/Name/01725443260010_jpg.rf.8d438accd55eb67b7b29f279615b66dc_Name.jpg,HARPREET KAUR
output/cropped_outputs/Name/bnw_image_059_jpg.rf.f943c86002edcfa982914857058e5833_Name.jpg,ANKUSH PANCHAL
output/cropped_outputs/Name/bc_image_034_jpg.rf.7f9042730850a65e9213266db85bc2c6_Name.jpg,PRIYANKA BABAN LOHAR
output/cropped_outputs/Name/01231576410019_jpg.rf.88fe91aae6e7b683a2fd17b6fdae66c3_Name.jpg,SERAJ ANSARI
output/cropped_outputs/Name/SURESH-PAN-CARD_page-0001_jpg.rf.ed6d4aefa0b539655f0115c9110cef48_Name.jpg,SURESH KUMAR NITHARWAL
output/cropped_outputs/Name/bc_image_177_jpg.rf.41d1901d10d8891cf3e35533b5c63e23_Name.jpg,RAMJILAL YADAV
output/cropped_outputs/Name/Jitendra-Singh-Pan-Card_jpg.rf.18136ba7eff622ee72c9c03b435641b5_Name.jpg,JITENDRA SINGH
output/cropped_outputs/Name/bnw_image_228_jpg.rf.30a949c60ed05406492c0b21b66084a1_Name.jpg,PUSHPA
output/cropped_outputs/Name/20_PAN_jpg.rf.768e3d690f1cfb615acb5fdd6403e484_Name.jpg,PRIYANKA BABAN LOHAR
output/cropped_outputs/Name/bnw_image_092_jpg.rf.3834b3506f7f96103f8abf5cd272811e_Name.jpg,KAUSHALYA
output/cropped_outputs/Name/9304191128_jpg.rf.9c9b13dc0af61759006ffb336cfb2ba4_Name.jpg,SANTOSH KUMAR MEHTA
output/cropped_outputs/Name/bc_image_028_jpg.rf.da30ef7f04edee856df001a8f2c38581_Name.jpg,ANUP KUMAR BANERJEE
output/cropped_outputs/Name/bc_image_119_jpg.rf.41968c9ef488210316e9655567c5b532_Name.jpg,JITENDRA KACHHAWA
output/cropped_outputs/Name/PAN_Card_20240702_125404493_jpg.rf.ed2c26a4d48856d417204bab42a7c706_Name.jpg,KENCHAVEERAPPA RANGASWAMY
output/cropped_outputs/Name/Aichuki-Pan-Card_page-0001_jpg.rf.8dbe34e66ee9b0905bad59df8fe5c44f_Name.jpg,Aichuki
output/cropped_outputs/Name/bc_image_223_jpg.rf.2e2ea4eab57a570ebf8b5635f1d58b72_Name.jpg,PRAVIN MOGA PRAJAPAT
output/cropped_outputs/Name/pan-card-parma-ram_page-0001_jpg.rf.0e4eb691aa0dc24d0cb2a93e2f4daea2_Name.jpg,PARAMARAM
output/cropped_outputs/Name/bnw_image_243_jpg.rf.a43a2b6a95b051d9c0d80f39d0562476_Name.jpg,SAFARUDIN
output/cropped_outputs/Name/bc_image_234_jpg.rf.79cf1452e5afb0c667b36dd2195c0ad6_Name.jpg,RAM NIVAS GURJAR
output/cropped_outputs/Name/Mahaveer-Pancard_jpeg.rf.88fddc85a45cb84d9172810cc56492b2_Name.jpg,MAHAVEER OLA
output/cropped_outputs/Name/cba40b81-photo_4_2023-07-14_15-44-52_jpg.rf.f30067df308efdecdd89185fd6f97c46_Name.jpg,ANIKUL SK
output/cropped_outputs/Name/bnw_image_151_jpg.rf.dd0b309e535b18bef536ac20f99c3828_Name.jpg,MAYA BAI
output/cropped_outputs/Name/pinki-pan_jpeg.rf.f3e9140b5287773ef66a3d0b61a4b245_Name.jpg,PINKI DEVI
output/cropped_outputs/Name/chotu-lal-PAN_page-0001-1-_jpg.rf.ff6b4ba04f20f65bee60d99f78516cf5_Name.jpg,CHHOTU LAL
output/cropped_outputs/Name/PAN_Card_20240701_114422759_jpg.rf.8c5f5871a19851569012a0ad5fd89ae1_Name.jpg,KONDAPUREDDY VENKATA LAKSHMI ARUDRA
output/cropped_outputs/Name/PAN_Card_20240702_150444965_jpg.rf.06bc91db46bfaee6c060d690b88a6472_Name.jpg,GUNASHEKAR G
output/cropped_outputs/Name/pan_0001_page-0001_jpg.rf.fd7ceb85f8adbea452db4135cc928200_Name.jpg,MOHAMMED NOORDIN
output/cropped_outputs/Name/bc_image_072_jpg.rf.b1bea9b0c6613b9c8dba135ab70b5d9e_Name.jpg,BABY KANWAR
output/cropped_outputs/Name/bnw_image_118_jpg.rf.6bb4e2d30287680c68dcd21dab7cf23b_Name.jpg,JETHA RAM
output/cropped_outputs/Name/bc_image_237_jpg.rf.93f5c8b995dd120773400c0a5eefb5a7_Name.jpg,RATAN LAL
output/cropped_outputs/Name/bnw_image_233_jpg.rf.3348012e8976a29a59e182a19b25b9ef_Name.jpg,RAKESH
output/cropped_outputs/Name/PAN_Card_20240701_184004436_jpg.rf.0168bdee4a60c5d257ebada414f27765_Name.jpg,NAYAZ
output/cropped_outputs/Name/01125713540016_jpg.rf.bcdc3ebe187640823f1887ae2016945c_Name.jpg,ARUN KUMAR
output/cropped_outputs/Name/bc_image_154_jpg.rf.157b1c97f9d5b2d747a6dddf8dd55508_Name.jpg,MUKESH KUMAR SEN
output/cropped_outputs/Name/bc_image_019_jpg.rf.f3eccf531499a232c6aec7672fe817a6_Name.jpg,NIKHIL KUMAR
output/cropped_outputs/Name/bnw_image_259_jpg.rf.ffd3907dda484b5253765c8f752388ff_Name.jpg,SONIYA BANO QRESHI
output/cropped_outputs/Name/bc_image_169_jpg.rf.bdbf92780ad98138af20be18c0ee9dfb_Name.jpg,JAMANA GURJAR
output/cropped_outputs/Name/bc_image_067_jpg.rf.6ed860cf7c8db512b4ac65aaba73b1bb_Name.jpg,ANANDARAJ
output/cropped_outputs/Name/bnw_image_104_jpg.rf.cee81e2a5d726a241f14cd52779efc76_Name.jpg,GOGA RAM
output/cropped_outputs/Name/PAN_Card_20240702_121814233_jpg.rf.65e110beb5bb34f005e927535d3092c7_Name.jpg,DIVYA J
output/cropped_outputs/Name/punus-ali-aadhar-pan-_page-0003_jpg.rf.2512e40fb2d53563679314a68816ebff_Name.jpg,YUNUS ALI
output/cropped_outputs/Name/bnw_image_220_jpg.rf.22abb93c2f4bc8c989863f4661d192e7_Name.jpg,PRAKASH RAM
output/cropped_outputs/Name/35_PAN_jpg.rf.ec57a7da1beacad135ad84bf3c1c8212_Name.jpg,RENUKA VINOD SONAR
output/cropped_outputs/Name/bc_image_096_jpg.rf.24f808fc9bb04f98e60b805400be592c_Name.jpg,VINAYKUMAR H S
output/cropped_outputs/Name/bc_image_178_jpg.rf.1ea5184c0a4aa2db8000c24558014402_Name.jpg,DEEPAK SWAMI
output/cropped_outputs/Name/bc_image_140_jpg.rf.e1e4842a1bb9619727bc6cec83009384_Name.jpg,MAHENDRA
output/cropped_outputs/Name/01264265370011_jpg.rf.d1906fb09dd48493ec0a62d57a6a22b7_Name.jpg,BIPLAB MONDAL
output/cropped_outputs/Name/PAN_Card_20240701_203515260_jpg.rf.0b0f78bfbe9e9b12194eae55e715c02d_Name.jpg,ZEENATH BEGUM
output/cropped_outputs/Name/bc_image_204_jpg.rf.b4a93ac0995815e50c43a6938a5dcd9e_Name.jpg,ZEENATH BEGUM
output/cropped_outputs/Name/bc_image_001_jpg.rf.e7f8d253258bade0a70b2bf0864c096d_Name.jpg,SK SARJID UDDIN
output/cropped_outputs/Name/bc_image_239_jpg.rf.2a83f9d115ec519792ab76e40ba09594_Name.jpg,RINKU BISHWASA NAMOSUDA
output/cropped_outputs/Name/bnw_image_174_jpg.rf.bdf4305c4ee7005dec1f1a34a772c8a1_Name.jpg,SUNIL HARIJAN
output/cropped_outputs/Name/80db6ff7-imgtopdf_generated_2208201757059_page-76_jpg.rf.bb4637905c625ed1874d91146c33f9ea_Name.jpg,BILAS MAITY
output/cropped_outputs/Name/bnw_image_036_jpg.rf.28ef8c066206dd5ee7b1198580af4944_Name.jpg,RENUKA VINOD SONAR
output/cropped_outputs/Name/bnw_image_191_jpg.rf.95a8575cbb3f261d6ac58bc32c076dbd_Name.jpg,PRIYANKA KUMARI
output/cropped_outputs/Name/bc_image_101_jpg.rf.8a617ac2683911e593f299f2a3b943c8_Name.jpg,JITENDRA SWAMI
output/cropped_outputs/Name/prabhu-lal-pan_jpeg.rf.08dba5e297c67f0e58d398a278b41c96_Name.jpg,PRABHU LAL
output/cropped_outputs/Name/bc_image_189_jpg.rf.38d1c6a8e5c34ff21b8cc67d6f77ad7b_Name.jpg,JALDEEP
output/cropped_outputs/Name/SURESH-PAN-CARD_page-0001_jpg.rf.5582694883963f6e65584394a296601d_Name.jpg,SURESH KUMAR NITHARWAL
output/cropped_outputs/Name/bnw_image_004_jpg.rf.52d9f904e7bc1d044f6e1636b4dcfd98_Name.jpg,BHUPENDRA KUMAR NAYAK
output/cropped_outputs/Name/63_jpg.rf.dce74d5d5a78f81fa39fb5c3f35ec50a_Name.jpg,MAKARAND PRAKASH GARATE
output/cropped_outputs/Name/01757741370010_jpg.rf.56c81b84f9cf44ad667b4ff5e43251b1_Name.jpg,PREM KUMAR
output/cropped_outputs/Name/63_PAN_jpg.rf.972a97e0ee3a020c1cc996de3450c2ae_Name.jpg,MAKARAND PRAKASH GARATE
output/cropped_outputs/Name/bnw_image_242_jpg.rf.55895857d0d710509de247562be6ab4c_Name.jpg,SADARUDEEN
output/cropped_outputs/Name/Shyamlal-Pan-Card_page-0001_jpg.rf.da47bb016a080ed4b42e0a8669e954f2_Name.jpg,SHYAMLAL
output/cropped_outputs/Name/bc_image_063_jpg.rf.013c26c3e242a8e66899e1bd330c1565_Name.jpg,ANOP SINGH
output/cropped_outputs/Name/bc_image_169_jpg.rf.c2137decb97f0180563a3a9e6dab04de_Name.jpg,JAMANA GURJAR
output/cropped_outputs/Name/Ajit-Kumar-Banjara-Pan-Card_JPG.rf.761bc174d1d1af3653672f758ef1604f_Name.jpg,Ajit Kumar Banjara
output/cropped_outputs/Name/bc_image_107_jpg.rf.2ce0f04e576f90b23d7278d0225c78b0_Name.jpg,RAJENDRA KUMAR PRAJAPAT
output/cropped_outputs/Name/bnw_image_026_jpg.rf.3f3e78d29e6734ade3ecdbced886ebe1_Name.jpg,DANIEL RAJ A
output/cropped_outputs/Name/bc_image_261_jpg.rf.50c7fcc0e19707cb2c22d2677dca6d2c_Name.jpg,SUKUMAR BISHWASA NAMOSUDA
output/cropped_outputs/Name/PAN_Card_20240701_190503704_jpg.rf.0b5cb95d9296206b819eeed49184b9c6_Name.jpg,SHARANAYYA
output/cropped_outputs/Name/Shabnam-pan_jpeg.rf.0dd15c7379ed288bfa6b1542fe11c6d3_Name.jpg,SMABANAM PATH
output/cropped_outputs/Name/bnw_image_109_jpg.rf.c1562fafc22c0f53565e2aa05dac97ff_Name.jpg,PHOOLCHAND
output/cropped_outputs/Name/bnw_image_119_jpg.rf.f32eef9544ca4bf0105db137635410df_Name.jpg,JITENDRA KACHHAWA
output/cropped_outputs/Name/Chandrakanta_PanCard_jpg.rf.f0eecbb0fe6acd9e5f46aafc04deeb42_Name.jpg,CHANDRKANTA JAIN
output/cropped_outputs/Name/bc_image_093_jpg.rf.3812523d31c2c188613f0f35e2b14335_Name.jpg,DHAPU DEVI
output/cropped_outputs/Name/PAN_Card_20240701_191623713_jpg.rf.26d809bfd83f9bf17556725647c176ba_Name.jpg,CHINMAYE D
output/cropped_outputs/Name/bc_image_181_jpg.rf.c56de40e3085e235ee69098df6db47b1_Name.jpg,IRFAN 
output/cropped_outputs/Name/bc_image_200_jpg.rf.138339307577c2eda12cb70c942cdb32_Name.jpg,MOHAMMED NOORDIN
output/cropped_outputs/Name/bnw_image_053_jpg.rf.14fc162ae011cd130594aca456c45a0d_Name.jpg,JASHWANT MEENA
output/cropped_outputs/Name/01236464640010_jpg.rf.9526cd5532561d8fe666f1429918b671_Name.jpg,ROHIT KUMAR
output/cropped_outputs/Name/01213346260037_jpg.rf.57dd6f567cb00ae43905b7402863503a_Name.jpg,BHUPENDRA KUMAR NAYAK
output/cropped_outputs/Name/bnw_image_084_jpg.rf.5e460a0d9e40583a842c4728734be67b_Name.jpg,CHIRAG JAIN
output/cropped_outputs/Name/PAN_Card_20240701_205006547_jpg.rf.168a78b140733ba100adfd94f3c45760_Name.jpg,UDAYKUMAR ADKI
output/cropped_outputs/Name/14_PAN_jpg.rf.579ceb110545d3edf370260f7581c8ad_Name.jpg,FIRST NAME MIDDLE NAME SURNAME
output/cropped_outputs/Name/Anop-Pan_jpg.rf.aaab6a925ed28361927fd8484424f663_Name.jpg,ANOP SINGH
output/cropped_outputs/Name/bnw_image_159_jpg.rf.636d936d58cf8773dbf6e05855f81449_Name.jpg,NEETU MEENA
output/cropped_outputs/Name/01151242750019_jpg.rf.16293cb632840450a9471555c11d60ca_Name.jpg,SK SARJID UDDIN
output/cropped_outputs/Name/bheru-pan-card_page-0001_jpg.rf.709a4294fe4f1c4379d9a5fb5863a2b7_Name.jpg,BHERU LAL
output/cropped_outputs/Name/Ashif-PAN_jpeg.rf.39f8e20d53fc7cebd399a0019affeb6e_Name.jpg,ASHIF KHAN QURESHI
output/cropped_outputs/Name/IMG-20240224-WA0019_jpg.rf.9eb0c54d8ed8227a77b1a2d553fe3e28_Name.jpg,ARASH DHARSHAN S
output/cropped_outputs/Name/Co-applicant-pan-adhar_page-0004_jpg.rf.442cb0b9a73bd9823975e116908c135e_Name.jpg,JOSHI SAURABH RAJENDRA
output/cropped_outputs/Name/Mogaji_PanCard_jpg.rf.11375c971e1db37c636cc7c205c4612e_Name.jpg,MOGAJI
output/cropped_outputs/Name/Pan-Gopal_jpeg.rf.1e85d9517c82ca0cd50e9b2340d46b7b_Name.jpg,GOPAL
output/cropped_outputs/Name/Jitendra-PAN_page-0001_jpg.rf.112f140517d146ed9d92b62b9aca91b8_Name.jpg,JITENDRA RAWAT
output/cropped_outputs/Name/khemraj-pan_jpeg.rf.44cedcc7b768c6ad9ff83b22820b6189_Name.jpg,KHEMRAJ BENIWAL
output/cropped_outputs/Name/bc_image_036_jpg.rf.a6240eb6d27a1d736a2789c327ff631c_Name.jpg,RENUKA VINOD SONAR
output/cropped_outputs/Name/bnw_image_087_jpg.rf.ea2bc5d308da61e1126b83ab7f1756ea_Name.jpg,GUDDI
output/cropped_outputs/Name/bc_image_118_jpg.rf.46ca720d34e861e296548b9bd3a96dba_Name.jpg,JETHA RAM
output/cropped_outputs/Name/Co-applicant-pan-adhar_page-0002_jpg.rf.299b1f14358b84db19a6e4a804e7e169_Name.jpg,JOSHI RAJENDRABHAI B
output/cropped_outputs/Name/bc_image_020_jpg.rf.d12c1777b59fae6e76f2b8a6adb7f43d_Name.jpg,RAJU SHANKAR KALASE
output/cropped_outputs/Name/man-singh-pan_jpeg.rf.cbbddd8be0cb133b1e94cf586239b2bd_Name.jpg,MAN SINGH RATHORE
output/cropped_outputs/Name/bnw_image_144_jpg.rf.b785703ea3a0c10a079e4df5505f0a25_Name.jpg,MANGI LAL
output/cropped_outputs/Name/1-PAN-Card-_-Nikhil-Jain_page-0001_jpg.rf.7d0aaa74036592319ee28072fbd475f3_Name.jpg,NIKHIL KUMAR
output/cropped_outputs/Name/1000093608-UNITED-PAN-1_jpg.rf.2e91cb918490e6af4c5075515226e23a_Name.jpg,SAYI DARSHITH
output/cropped_outputs/Name/guman-pan-card_page-0001_jpg.rf.1a37584f26b0d37a8c0a2dafb729fb39_Name.jpg,GUMAN RAM
output/cropped_outputs/Name/bnw_image_109_jpg.rf.6043230c36896c09ada37d8e0840bdf5_Name.jpg,PHOOLCHAND
output/cropped_outputs/Name/1aea9462babd9fb2fd84f7a2f81f5ccf_jpg.rf.e97ea6ad4aaa9338e9c4b844877afc70_Name.jpg,ROSHAN SAHANI
output/cropped_outputs/Name/bc_image_087_jpg.rf.3749a8d81c61e350f0db7a84bb1f9652_Name.jpg,GUDDI
output/cropped_outputs/Name/bc_image_231_jpg.rf.62d601536d91755b04e40f03f0e93736_Name.jpg,MOHAMMED RAFIK
output/cropped_outputs/Name/vithal-pan_jpeg.rf.efd01808a38b3075f68a7d093840a85a_Name.jpg,VITHAL SINGH
output/cropped_outputs/Name/1699514054_jpg.rf.bafa146c25e337ca7beb9a46d3c6fc46_Name.jpg,FIRST NAME MIDDLE NAME SURNAME
output/cropped_outputs/Name/bnw_image_113_jpg.rf.2156d7709a5d5f2463815636e8e629d5_Name.jpg,GUMAN RAM
output/cropped_outputs/Name/bnw_image_183_jpg.rf.4ca3e3a48f89fa858cc6a7d9701caae4_Name.jpg,SAFIA KHAN
output/cropped_outputs/Name/image14_jpeg.rf.64abda9664e66508f7a7f072147ec000_Name.jpg,DINESH KUMAR
output/cropped_outputs/Name/bnw_image_252_jpg.rf.0aaceaff017117eccc2f3bb1b35b82dd_Name.jpg,SHANKAR
output/cropped_outputs/Name/PAN_Card_20240702_102138482_jpg.rf.0667e9cf46fb21931aab165c01e41d98_Name.jpg,AMJAD HUSSAIN
output/cropped_outputs/Name/bc_image_129_jpg.rf.5d593af00b38800c759266baffd9165d_Name.jpg,KHEMRAJ BENIWAL
output/cropped_outputs/Name/Screenshot-2024-09-11-at-5-31-43-PM_png.rf.31dbc0833b246665072e4487fc160881_Name.jpg,D MANIKANDAN
output/cropped_outputs/Name/bc_image_067_jpg.rf.45af48cb1345736e375d8a974a9d9c6d_Name.jpg,ANANDARAJ
output/cropped_outputs/Name/bc_image_200_jpg.rf.ee598dd00a1fe8dd38cd5eaaaf86477e_Name.jpg,MOHAMMED NOORDIN
output/cropped_outputs/Name/bnw_image_150_jpg.rf.bb40d182c99cf0ec7e078fcf4330b591_Name.jpg,MAN SINGH CHUDAWAT
output/cropped_outputs/Name/bnw_image_127_jpg.rf.112c1d0d5a07bb0dd41816871af1a448_Name.jpg,KAN SINGH
output/cropped_outputs/Name/bnw_image_049_jpg.rf.2ad3c4e4b356e3b98ab7042cc0b310c0_Name.jpg,ROHIT KUMAR GIRI
output/cropped_outputs/Father Name/bnw_image_073_jpg.rf.ae26226600396d5dc1669e5e8312152f_Father Name.jpg,PANNA LAL
output/cropped_outputs/Father Name/bnw_image_010_jpg.rf.bdbf08d4e7b1994d7a9b9823a1e06cab_Father Name.jpg,SURAT SINGH SAINI
output/cropped_outputs/Father Name/bc_image_072_jpg.rf.3fd141bbccc71b8f716b3df5052c3f83_Father Name.jpg,NARPAT SINGH
output/cropped_outputs/Father Name/01225511530017_jpg.rf.19952318b0334cea38d3ccc6456db473_Father Name.jpg,SHIVAJI NIVRUTTI HANKARE
output/cropped_outputs/Father Name/GTR_Pan_jpg.rf.991c58162ca99c3132ae5547dcf1d05c_Father Name.jpg,SHANKARLAL PRAJAPATI
output/cropped_outputs/Father Name/bc_image_268_jpg.rf.a4981c071f751ea0274d0c0a51484c4d_Father Name.jpg,DEVI LAL
output/cropped_outputs/Father Name/bnw_image_094_jpg.rf.0f46a1e879f7024cb96c330e963779d6_Father Name.jpg,HOMAJI RAWAT
output/cropped_outputs/Father Name/bc_image_037_jpg.rf.06c63724f17b02a5d4776ce899da89ac_Father Name.jpg,TULSIDAS VENKUSA JITURI
output/cropped_outputs/Father Name/PAN_Card_20240701_191623713_jpg.rf.56f805f396b833a8025311998d387f25_Father Name.jpg,DODDEERAPPA DEVARAJ
output/cropped_outputs/Father Name/bc_image_122_jpg.rf.803f944bdd373c0ede7402b77d89ef41_Father Name.jpg,RAMA JI SALVI
output/cropped_outputs/Father Name/bnw_image_258_jpg.rf.f02895036667b246290f72649144633b_Father Name.jpg,BUDHA RAM HARIJAN
output/cropped_outputs/Father Name/Kalu-Lal-Salvi-PAN_page-0001-1-_jpg.rf.a6e61de4c12031e78e655af50a110d34_Father Name.jpg,RAMA JI SALVI
output/cropped_outputs/Father Name/01245671710014_jpg.rf.9a8f7728c4e834503e07330275e311c1_Father Name.jpg,SYED KADAR ALI
output/cropped_outputs/Father Name/PAN_Card_20240703_104029804_jpg.rf.44b41971d697cfe8d7d68edc838a32bb_Father Name.jpg,BASAVARAJ SAJJAN
output/cropped_outputs/Father Name/Amra-PAN_jpeg.rf.9fce14c86319bb0f8c3a79acd34c4a09_Father Name.jpg,RIDHA RAM
output/cropped_outputs/Father Name/1710411256572_jpg.rf.86039ebb4cb10ebb12ed5c41d8d5a466_Father Name.jpg,AMBUROSE
output/cropped_outputs/Father Name/bnw_image_154_jpg.rf.75e445e2addaca2aa8dd98e249e2e6c7_Father Name.jpg,SAMPAT LAL SEN
output/cropped_outputs/Father Name/bnw_image_140_jpg.rf.42398c956feb207800bf2d5b01e71f1f_Father Name.jpg,SHYAMLAL
output/cropped_outputs/Father Name/bc_image_141_jpg.rf.7a382546bb3367acc2eccf9a7d2b350f_Father Name.jpg,VIJAY PRASAD VYAS
output/cropped_outputs/Father Name/bc_image_141_jpg.rf.cbf1e6902da15c0782b31c4d45ff92d2_Father Name.jpg,VIJAY PRASAD VYAS
output/cropped_outputs/Father Name/bc_image_251_jpg.rf.0b01d673ddacc6b02f008c49bb1ddd0e_Father Name.jpg,SHABBIR KHAN PATHAN
output/cropped_outputs/Father Name/bc_image_177_jpg.rf.79199f9dff76b81a639d0ad4ecef8d23_Father Name.jpg,BADRI PRASAD
output/cropped_outputs/Father Name/bnw_image_261_jpg.rf.233a711cb478599bba9179dc150cc750_Father Name.jpg,SHANTI RAM BISHWASA
output/cropped_outputs/Father Name/bc_image_176_jpg.rf.5e41d0675c9a5bc35fdeaa64d19e1656_Father Name.jpg,PRABHULAL
output/cropped_outputs/Father Name/bc_image_035_jpg.rf.6641c2041818e3ba243df84118b3239a_Father Name.jpg,JAIPRAKASH RAO
output/cropped_outputs/Father Name/9a8eeebd-photo_1_2023-07-14_15-45-57_jpg.rf.54e25a4bafd65a2b4a271dc46fbf0f71_Father Name.jpg,JALESHWAR PANDEY
output/cropped_outputs/Father Name/70_PAN_jpg.rf.349154c6bb11424f4968f233c30796c8_Father Name.jpg,ALI MOHAMED GHOSE
output/cropped_outputs/Father Name/Pan-Arti_jpeg.rf.47ac91b63b8a4f2733f05f613182fe76_Father Name.jpg,BHANWAR LAL
output/cropped_outputs/Father Name/sohan-lal-pan-card_page-0001_jpg.rf.d4de77a51f34d79517dd4f28de22c84c_Father Name.jpg,BUDHA RAM HARIJAN
output/cropped_outputs/Father Name/bc_image_018_jpg.rf.e8f2843a2d8106683820beb8490fa842_Father Name.jpg,JASBIR SINGH
output/cropped_outputs/Father Name/bc_image_118_jpg.rf.69b611e81f83192a389044da514430e4_Father Name.jpg,KALU RAM
output/cropped_outputs/Father Name/63_PAN_jpg.rf.1a96a1a1ee666e8b7cce185b04b4ea17_Father Name.jpg,PRAKASH BHIVA GARATE
output/cropped_outputs/Father Name/01217236730015_jpg.rf.0587fc2919ad2d122876f4d5d6bb6a41_Father Name.jpg,SHREENATH SINGH PATEL
output/cropped_outputs/Father Name/16_PAN_jpg.rf.75c9b7048d2db7d0dac367f8b43f098d_Father Name.jpg,GOPALRAO KUBDE
output/cropped_outputs/Father Name/bnw_image_223_jpg.rf.6fa715d526f042b0f4e5be39ca9ef981_Father Name.jpg,MOGA PRAJAPAT
output/cropped_outputs/Father Name/Dhapu-Pan_page-0001_jpg.rf.1b41df8b90d501ea848cc4829ddfb342_Father Name.jpg,BHANWAR LAL
output/cropped_outputs/Father Name/01111534630016_jpg.rf.0d36e1bc00ab1a8a898c81f7326222e4_Father Name.jpg,SARV DEV PATHAK
output/cropped_outputs/Father Name/01577523110010_jpg.rf.b56fa33ccfbf128941972a50737acd70_Father Name.jpg,VIRENDER SINGH
output/cropped_outputs/Father Name/Vimla-Pan_jpeg.rf.bb7fa5028a6765b631f24771d98b66cd_Father Name.jpg,PREM CHAND
output/cropped_outputs/Father Name/3_jpg.rf.b915761a2628dfa99adf3863ab67da95_Father Name.jpg,BASAVALINGAPPA
output/cropped_outputs/Father Name/29_jpg.rf.00c08977af51f47282af3d57cefbbf65_Father Name.jpg,JAIPRAKASH RAO
output/cropped_outputs/Father Name/bnw_image_076_jpg.rf.c507fa44ef8b546c282d7e405098dcf8_Father Name.jpg,KALURAM SAMOTA
output/cropped_outputs/Father Name/Shabnam-pan_jpeg.rf.0dd15c7379ed288bfa6b1542fe11c6d3_Father Name.jpg,SHABBIR KHA
output/cropped_outputs/Father Name/pan_0001_page-0001_jpg.rf.fd7ceb85f8adbea452db4135cc928200_Father Name.jpg,RAHIMA
output/cropped_outputs/Father Name/Gogaram-pan_page-0001_jpg.rf.45ded7172d36a2f015345df8e0f0742f_Father Name.jpg,TILOK RAM
output/cropped_outputs/Father Name/bnw_image_187_jpg.rf.41e2313c88bc434a9400d62c96ba40ac_Father Name.jpg,RAJENDRA TRIVEDI
output/cropped_outputs/Father Name/bnw_image_096_jpg.rf.ccfa7c311350cae7f05126f60a8c50c4_Father Name.jpg,SHIVAKUMARA SWAMY
output/cropped_outputs/Father Name/29_jpg.rf.ec812719fae903072ac879eafeb155dd_Father Name.jpg,JAIPRAKASH RAO
output/cropped_outputs/Father Name/01173574530010_pan_png.rf.a3f621c39fd133ea9ff59e91722a7ecf_Father Name.jpg,RADHESHYAM
output/cropped_outputs/Father Name/8402957537_jpg.rf.86ab933a34b7305cbba96412da842a03_Father Name.jpg,ABDUL MALEQUE
output/cropped_outputs/Father Name/bnw_image_053_jpg.rf.da31eba102f4f4b008b5a0e5787bd5f2_Father Name.jpg,HEM RAJ JI
output/cropped_outputs/Father Name/bnw_image_106_jpg.rf.63c8e3cd97501593df74b452cb5ade71_Father Name.jpg,GOPAL SINGH
output/cropped_outputs/Father Name/01262414660017_jpg.rf.f9239034c9d24fb1ca2d9efe58721ccb_Father Name.jpg,BHOLA YADAV
output/cropped_outputs/Father Name/bc_image_068_jpg.rf.2e4f23e229e2becaf46010284db635dd_Father Name.jpg,KHEMRAJ BENIWAL
output/cropped_outputs/Father Name/01151242750019_jpg.rf.bccbbe51f6403590009b564b321f37a6_Father Name.jpg,SALIM UDDIN SEKH
output/cropped_outputs/Father Name/bc_image_087_jpg.rf.f78748790279a8f670302b8f74aea676_Father Name.jpg,RAMJIRAM
output/cropped_outputs/Father Name/bc_image_063_jpg.rf.c8ad26cb47b93cfd43c0ed278b916587_Father Name.jpg,BALVANT SINGH
output/cropped_outputs/Father Name/bc_image_043_jpg.rf.eb86f609beeb5f90676ba69d03b78722_Father Name.jpg,ALI MOHAMED GHOUSE
output/cropped_outputs/Father Name/PAN_Card_20240701_174646462_jpg.rf.09bdee3208c76439ef99f45efad7c7f7_Father Name.jpg,MALLESHAPPA
output/cropped_outputs/Father Name/9162825938_jpg.rf.315393c46b01abdd9c89f5e66e411b27_Father Name.jpg,SHRAVAN KUMAR GIRI
output/cropped_outputs/Father Name/bnw_image_226_jpg.rf.63def882d5820bac338953f27fa4c585_Father Name.jpg,RAHAMAN ALI
output/cropped_outputs/Father Name/bnw_image_190_jpg.rf.dfb7ef7a5ef55e42458f409ee7a48713_Father Name.jpg,SUNDAR SINGH
output/cropped_outputs/Father Name/bc_image_178_jpg.rf.a0bdaeb316589e83803f6ba90a807515_Father Name.jpg,CHAND RATAN SWAMI
output/cropped_outputs/Father Name/bnw_image_169_jpg.rf.c2d56b4aa52ef2824d214039992c8de6_Father Name.jpg,MIYARAM GURJAR
output/cropped_outputs/Father Name/bc_image_145_jpg.rf.ebfe7728860f7bb23f647de17ad9e2c9_Father Name.jpg,NANJI PRAJAPAT
output/cropped_outputs/Father Name/01367165370017_jpg.rf.d5936d31ed3fe0b2bbb3333d153aec6e_Father Name.jpg,BHIMLAL DAS
output/cropped_outputs/Father Name/Kamlesh-Gtr-PAN-Copy_jpg.rf.99ab3e5ecaffcb071059c1c1f3154619_Father Name.jpg,RUPAJI YADAV
output/cropped_outputs/Father Name/bc_image_149_jpg.rf.2806c5601ec43bdb7bacc117d7798581_Father Name.jpg,MAHESH CHAND SHARMA
output/cropped_outputs/Father Name/Sushila-Pan_jpg.rf.a53ef5c6f810c8854f5cd6036e594f1e_Father Name.jpg,REWANT RAM
output/cropped_outputs/Father Name/bnw_image_077_jpg.rf.ea4f0b1a5f2e274d64b91e7657dc5a12_Father Name.jpg,NATHU RAM
output/cropped_outputs/Father Name/bc_image_093_jpg.rf.3812523d31c2c188613f0f35e2b14335_Father Name.jpg,BHANWAR LAL
output/cropped_outputs/Father Name/bc_image_016_jpg.rf.396babc386989f19191c074d59489401_Father Name.jpg,MOHAMMAD NAFUUR RAHAMAN
output/cropped_outputs/Father Name/bnw_image_212_jpg.rf.d753f7c40e3f02bf70a03c09b2d042a9_Father Name.jpg,MD BABU MIYAN
output/cropped_outputs/Father Name/bnw_image_007_jpg.rf.2d16ef5e07da8bbe009696018fc81e6c_Father Name.jpg,SHIVAJI NIVRUTTI HANKARE
output/cropped_outputs/Father Name/Ankush-Pancard_jpeg.rf.d3871f33d060d77cb940e1f13f3675b0_Father Name.jpg,BHARAT PANCHAL
output/cropped_outputs/Father Name/Rafik-PAN_jpeg.rf.955eafda2ed5fa6d68427d92d21e1a13_Father Name.jpg,BABU KHAN
output/cropped_outputs/Father Name/bc_image_020_jpg.rf.6f228dfc118398b8b7e79f78047b5e94_Father Name.jpg,SHANKAR TATUBA KALASE
output/cropped_outputs/Father Name/bnw_image_268_jpg.rf.9924e9328c5e069f2ed3f7b034a646a1_Father Name.jpg,DEVI LAL
output/cropped_outputs/Father Name/bnw_image_178_jpg.rf.452975be7f8090a7970befee7ca73a73_Father Name.jpg,CHAND RATAN SWAMI
output/cropped_outputs/Father Name/Mansingh-Pan-Card_page-0001_jpg.rf.0405d20e4d9c812eeb6de9a535ad6cd4_Father Name.jpg,GOVIND SINGH
output/cropped_outputs/Father Name/01217236730015_jpg.rf.ca90f4ae202f2d845524ee6d7a1658f0_Father Name.jpg,SHREENATH SINGH PATEL
output/cropped_outputs/Father Name/bnw_image_119_jpg.rf.f32eef9544ca4bf0105db137635410df_Father Name.jpg,SITA RAM
output/cropped_outputs/Father Name/PAN_Card_20240702_102138482_jpg.rf.7cf2bb8045ccf256c811e1af38d7d923_Father Name.jpg,MOHAMMED HUSSAIN
output/cropped_outputs/Father Name/bnw_image_135_jpg.rf.0831f7f874320450b140194929d18feb_Father Name.jpg,ASU PURI
output/cropped_outputs/Father Name/bnw_image_008_jpg.rf.8560f45cf7d921dcea54406611c3fb6c_Father Name.jpg,ABDUL AZEEM ANSARI
output/cropped_outputs/Father Name/bc_image_229_jpg.rf.b39f6408610a81fb6ccefc01f25ee5b6_Father Name.jpg,RANSAHAY OJHA
output/cropped_outputs/Father Name/bnw_image_065_jpg.rf.6392954d4069d0d59261abf2ae9aa4c3_Father Name.jpg,MULA RAM
output/cropped_outputs/Father Name/bc_image_214_jpg.rf.84e417ec9259b7fead1b49d086946fed_Father Name.jpg,BHALCHANDRA DEVRAM JOSHI
output/cropped_outputs/Father Name/bc_image_099_jpg.rf.be493753b5ee2495a460492ef04bd6fa_Father Name.jpg,KUPLAL YADAV
output/cropped_outputs/Father Name/pan-card-parma-ram_page-0001_jpg.rf.cee5995608fa2511dd56a343bca5ac96_Father Name.jpg,KUMBHARAM
output/cropped_outputs/Father Name/bnw_image_204_jpg.rf.a84c078914cac5ba4ad0a0fe6a38ead0_Father Name.jpg,MOHD IBRAHIM
output/cropped_outputs/Father Name/App_-Anandaraj-Pan-Card-1-_page-0001_jpg.rf.8351b36387113997aef481209ce03a4d_Father Name.jpg,ARJUN RAM
output/cropped_outputs/Father Name/bnw_image_247_jpg.rf.2709895d7612ca7efd8bed905afc07c7_Father Name.jpg,JAGDISH SAINI
output/cropped_outputs/Father Name/Guarantor-Mayank_Pan_jpg.rf.381f6e5d9198531ee1220351f3142b49_Father Name.jpg,RAMESH GARG
output/cropped_outputs/Father Name/CoApp-Pan-Card_jpeg.rf.7dc798eda0538533504a0eeae462bf39_Father Name.jpg,BABU LAL
output/cropped_outputs/Father Name/bc_image_189_jpg.rf.38d1c6a8e5c34ff21b8cc67d6f77ad7b_Father Name.jpg,RAJENDER
output/cropped_outputs/Father Name/bnw_image_038_jpg.rf.0940818eed2d8057eece875c33e47502_Father Name.jpg,SUBHASH CHANDRA JAIN
output/cropped_outputs/Father Name/bnw_image_233_jpg.rf.3348012e8976a29a59e182a19b25b9ef_Father Name.jpg,MAHENDRA
output/cropped_outputs/Father Name/Antu-Kanwar-Pan-Card_page-0001_jpg.rf.59f34b05f1c83a1ba6388eb81ff365df_Father Name.jpg,NARPAT SINGH
output/cropped_outputs/Father Name/bnw_image_217_jpg.rf.92c9ae7d1088514ae5aec63c3b51311e_Father Name.jpg,BABULAL SHARMA
output/cropped_outputs/Father Name/bnw_image_003_jpg.rf.f02c514344e4606dbc31b2fc5132e7f2_Father Name.jpg,PRAMOD KUMAR ROY
output/cropped_outputs/Father Name/4abfeb59-imgtopdf_generated_2208201757059_page-43_jpg.rf.7d022996eb73cd021046667f06d1246a_Father Name.jpg,BIJAY TANTUBAI
output/cropped_outputs/Father Name/bc_image_153_jpg.rf.98431ed67c09f40e05bb9ad8ef4eb690_Father Name.jpg,GANGA SINGH
output/cropped_outputs/Father Name/bhagwati-devi-pan_jpeg.rf.9901f51689be0fd9e3f4a5e98955c72e_Father Name.jpg,NATHU RAM
output/cropped_outputs/Father Name/PAN_Card_20240701_184004436_jpg.rf.e60b1d12b46f8682473cc7ed9e71945f_Father Name.jpg,PYARE JAN
output/cropped_outputs/Father Name/gaurnator-pan-card_jpg.rf.252650d6f43582f51e2a4cffb87450f7_Father Name.jpg,MOHAN JI
output/cropped_outputs/Father Name/32_PAN_jpg.rf.2ab5da1eb7938403dfe12affad0c2dba_Father Name.jpg,DHANI RAM
output/cropped_outputs/Father Name/gaurantor-pan-card_jpeg.rf.876cdf475592733b367c14b92554c2ef_Father Name.jpg,SOHAN LAL
output/cropped_outputs/Father Name/bnw_image_236_jpg.rf.881c435a8772c3bb71457c1a73adce35_Father Name.jpg,RAMA DAMA MEENA
output/cropped_outputs/Father Name/bnw_image_063_jpg.rf.faacba2bddcb007180232499cb3c1876_Father Name.jpg,BALVANT SINGH
output/cropped_outputs/Father Name/bnw_image_019_jpg.rf.740aa081dace0caf9c3afe73edecd91f_Father Name.jpg,VIRENDRA KUMAR
output/cropped_outputs/Father Name/01341463450015_jpg.rf.5b9381c7c43e3b0535ca3f42a99d8059_Father Name.jpg,RAOHESHYAM PATIDAR
output/cropped_outputs/Father Name/bc_image_202_jpg.rf.47f8a96762352370f524062a0da292c0_Father Name.jpg,PYARE JAN
output/cropped_outputs/Father Name/Sudhir-pan_jpeg.rf.c38056be3fcc22e3f5d38546d0620daf_Father Name.jpg,MAHAVIR PRASAD JAIN
output/cropped_outputs/Father Name/ram-nivas-pan-card_jpg.rf.e7f769e9aff91f9d3fb92fae177f556d_Father Name.jpg,SULTAN GURJAR
output/cropped_outputs/Father Name/Jagdish-GTR-Pan_jpeg.rf.4859bdb6603af81d9cefdedf3f0e8429_Father Name.jpg,MOHAN PURI
output/cropped_outputs/Father Name/bc_image_041_jpg.rf.418aed02231da65f87626417e9a31f01_Father Name.jpg,PRAKASH BHIVA GARATE
output/cropped_outputs/Father Name/bc_image_201_jpg.rf.55140b00661bf090b822475aeac18259_Father Name.jpg,BHUDESH
output/cropped_outputs/Father Name/PAN_Card_20240701_181008420_jpg.rf.299e2febc073ea619bc862d0207d1092_Father Name.jpg,MOHAMMED YOUNUS
output/cropped_outputs/Father Name/Prakash-Pan_jpeg.rf.fb5fd16b97d2e5ae14e0faa000aa71c6_Father Name.jpg,RAMAN LAL
output/cropped_outputs/Father Name/Screenshot-2024-09-11-at-5-31-43-PM_png.rf.31dbc0833b246665072e4487fc160881_Father Name.jpg,DURAISAMY
output/cropped_outputs/Father Name/PAN_Card_20240701_184004436_jpg.rf.cf15450a1e88dca870fc14839320e315_Father Name.jpg,PYARE JAN
output/cropped_outputs/Father Name/bc_image_224_jpg.rf.b7a13f6187afb9f0e7a952b06d89af5a_Father Name.jpg,GULAB CHAND SAIN
output/cropped_outputs/Father Name/11_PAN_jpg.rf.6039005b03450f15691c2275d34f9948_Father Name.jpg,FIRST NAME MIDDLE NAME SURNAME
output/cropped_outputs/Father Name/bnw_image_243_jpg.rf.a43a2b6a95b051d9c0d80f39d0562476_Father Name.jpg,MOHD KAMARUDIN
output/cropped_outputs/Father Name/bnw_image_024_jpg.rf.7bd18d925a91a8018501625e70ea97b3_Father Name.jpg,MOHD UMAR
output/cropped_outputs/Father Name/Mukesh-Pan_page-0001_jpg.rf.a1164987cedad8fb62e349cdd661ce84_Father Name.jpg,SAMPAT LAL SEN
output/cropped_outputs/Father Name/bc_image_117_jpg.rf.21380e873268571afb41258b6823ee97_Father Name.jpg,KALU RAM
output/cropped_outputs/Father Name/3_jpg.rf.f82e943463d0fdf14a9e38498c3c6266_Father Name.jpg,BASAVALINGAPPA
output/cropped_outputs/Father Name/bnw_image_128_jpg.rf.8b85481fbd31da0265904c71829ae3e1_Father Name.jpg,JETHA RAM
output/cropped_outputs/Father Name/bc_image_027_jpg.rf.25e9196597b1d681c33c90a6226e5320_Father Name.jpg,VENKATA KRISHNARAO LEDUPUGANTI
output/cropped_outputs/Father Name/01213254430016_jpg.rf.c40e6199371ac46da05bbaffb5d72b63_Father Name.jpg,ARUN KUMAR
output/cropped_outputs/Father Name/bc_image_161_jpg.rf.95480dba02575127cfed7d03be1319c6_Father Name.jpg,BHANWAR LAL
output/cropped_outputs/Father Name/01577335720011_jpg.rf.08e553878491d8eeb5fbd2dc70d558d1_Father Name.jpg,MD ATAUR RAHAMAN
output/cropped_outputs/Father Name/79_PAN_jpg.rf.bffd31a7cbc18f56013ef8e7e8d77ddc_Father Name.jpg,APPLICANT'S FATHER NAME
output/cropped_outputs/Father Name/32_PAN_jpg.rf.b09172366fcb1097b1cd4da2cfabc5cc_Father Name.jpg,DHANI RAM
output/cropped_outputs/Father Name/guman-pan-card_page-0001_jpg.rf.1a37584f26b0d37a8c0a2dafb729fb39_Father Name.jpg,BHURA RAM
output/cropped_outputs/Father Name/bc_image_228_jpg.rf.668470f3f48a9e2774ae8f89dfab13e7_Father Name.jpg,JAGJI
output/cropped_outputs/Father Name/10_jpg.rf.b45db23b707167cb6312dc864c00160a_Father Name.jpg,GAJODHAR LAL
output/cropped_outputs/Father Name/19_jpg.rf.983cd7818a8da0bfd04874c29ef9e082_Father Name.jpg,ABHOY CHARAN BANERJEE
output/cropped_outputs/Father Name/bnw_image_118_jpg.rf.d22be22c029f5fbeaf5c5b295599ba3a_Father Name.jpg,KALU RAM
output/cropped_outputs/Father Name/16_PAN_jpg.rf.c75e2840a0877213208763eadd4c1e36_Father Name.jpg,GOPAL RAO KUBDE
output/cropped_outputs/Father Name/01247667630015_jpg.rf.2f199e199e2e1e944c766cbe51d4e7df_Father Name.jpg,JAGDISH SINGH
output/cropped_outputs/Father Name/bc_image_183_jpg.rf.24fc1f1887817b8a45b738a809526e39_Father Name.jpg,IFTIKHAR HUSSAIN QURESHI
output/cropped_outputs/Father Name/01231576410019_jpg.rf.29beb73c7b4d97d2739c1230e68c8aa5_Father Name.jpg,ABDUL AZEEM ANSARI
output/cropped_outputs/Father Name/01215463130017_jpg.rf.15772d7e507aa0f3d112a9e9588273be_Father Name.jpg,NANABHAU MASALKAR
output/cropped_outputs/Father Name/PAN_Card_20240701_193712481_jpg.rf.fd419916f10c6fb344001244e1272312_Father Name.jpg,KARABASAYYA MATHAPATI
output/cropped_outputs/Father Name/PAN-CARD-SANNU-BAI_page-0001_jpg.rf.1ac27032a18436d644e8ef7cc9b42220_Father Name.jpg,BHERULAL JAIN
output/cropped_outputs/Father Name/94_PAN_jpg.rf.21befd6a87f64ca5ffab496729fe91cb_Father Name.jpg,KRASHN KUMAR
output/cropped_outputs/Father Name/bnw_image_004_jpg.rf.3b34326364988fa21b187e32688a5ec6_Father Name.jpg,SHYAMLAL NAYAK
output/cropped_outputs/Father Name/pan2_png.rf.946f2d38711504ed142c7ed6370842ae_Father Name.jpg,KANUBHAI ISHWARBHAI CHUNARA
output/cropped_outputs/Father Name/01264265370011_jpg.rf.3541056c82e732677e9acebe5a47cc7e_Father Name.jpg,PRONAB MONDAL
output/cropped_outputs/Father Name/bc_image_096_jpg.rf.0898279fc276042659e5e42c4e6e320c_Father Name.jpg,SHIVAKUMARA SWAMY
output/cropped_outputs/Father Name/bnw_image_180_jpg.rf.1efe6a5a1a4b8b935807735783a9acf4_Father Name.jpg,KESHAVSINGH MANSINGH
output/cropped_outputs/Father Name/bc_image_135_jpg.rf.5ce5befcad0eaca9eb623b9a0b06db52_Father Name.jpg,ASU PURI
output/cropped_outputs/Father Name/PAN_Card_20240702_151953847_jpg.rf.664427a4afdbd7fdab72376afd8bbbde_Father Name.jpg,NAGARAJU
output/cropped_outputs/Father Name/80db6ff7-imgtopdf_generated_2208201757059_page-76_jpg.rf.bb4637905c625ed1874d91146c33f9ea_Father Name.jpg,UTTAM MAITY
output/cropped_outputs/Father Name/bc_image_076_jpg.rf.565cb99ff250e0d005f821beb98bcff7_Father Name.jpg,KALURAM SAMOTA
output/cropped_outputs/Father Name/bc_image_143_jpg.rf.85ee9cf326a85a6d57adc5c9fb951e61_Father Name.jpg,KESAR SINGH
output/cropped_outputs/Father Name/bc_image_012_jpg.rf.c59b68a622faac3868813ec5f9300929_Father Name.jpg,SHOBHA KANT MISHRA
output/cropped_outputs/Father Name/01274722210012_jpg.rf.5574ada6b97bded626d92fedc806a02a_Father Name.jpg,SHISHPAL SINGH
output/cropped_outputs/Father Name/bnw_image_095_jpg.rf.11a30051d60fa5cb3871a7fbd411c9b4_Father Name.jpg,DHANNA DANGI
output/cropped_outputs/Father Name/bnw_image_129_jpg.rf.ac58855bf45ea0882567dea6982d96d7_Father Name.jpg,SOHAN LAL
output/cropped_outputs/Father Name/bc_image_225_jpg.rf.e0c431770712459535b19b2b3a539449_Father Name.jpg,RAM CHANDRA MEENA
output/cropped_outputs/Father Name/Mahaveer-Pancard_jpeg.rf.88fddc85a45cb84d9172810cc56492b2_Father Name.jpg,SHYOJI RAM
output/cropped_outputs/Father Name/bnw_image_200_jpg.rf.15f45350a09ea74fe1076c51a3958f97_Father Name.jpg,RAHIMA
output/cropped_outputs/Father Name/bc_image_051_jpg.rf.977e108bcc14e96f87ba0feff50a0a82_Father Name.jpg,THEKKUMTHODATH GOPALAN BOSE
output/cropped_outputs/Father Name/bc_image_110_jpg.rf.0049200071f6716ae3b67aaf914727a3_Father Name.jpg,CHANGANLAL MEGHAJI GURJAR
output/cropped_outputs/Father Name/Jitendra-Singh-Pan-Card_jpg.rf.18136ba7eff622ee72c9c03b435641b5_Father Name.jpg,MOOL SINGH
output/cropped_outputs/Father Name/bnw_image_011_jpg.rf.7a348bd2ec1b248f16801bff6f3f3d3e_Father Name.jpg,BHOLA YADAV
output/cropped_outputs/Father Name/Samuti-PAN_jpeg.rf.fccba7f3180941c3796d689d46ee4065_Father Name.jpg,GALIYA
output/cropped_outputs/Father Name/PAN_Card_20240702_170651139_jpg.rf.95a3cc4ed797775fdfd948f55d146fe5_Father Name.jpg,BABUMIYA
output/cropped_outputs/Father Name/01611712340012_jpg.rf.b4f0de42a95127adc610215104007c4a_Father Name.jpg,BHAGHIRATH KARMA
output/cropped_outputs/Father Name/PAN_Card_20240702_122454538_jpg.rf.409766680922b6adb2421bfa5d9003c6_Father Name.jpg,"VADLAMUDI RAJAGOPAL
GOVINDARAJULU"
output/cropped_outputs/Father Name/laluram-kir-pan-card-_page-0001_jpg.rf.756a33f9cf077aed5ba911e3f026cbad_Father Name.jpg,RAM CHANDRA KIR 
output/cropped_outputs/Father Name/PAN_Card_20240701_184004436_jpg.rf.935a3af44d991e3d186c5a9adb0397a7_Father Name.jpg,PYARE JAN
output/cropped_outputs/Father Name/bnw_image_181_jpg.rf.285d5e98ce86556dcbf70694a8788bc1_Father Name.jpg,ISHAK KHAN
output/cropped_outputs/Father Name/pushpa-pAn-card_page-0001_jpg.rf.82ec2dd3a59f54ab3c9af8bec34c5302_Father Name.jpg,JAGJI
output/cropped_outputs/Father Name/PAN-Deepak-Swami_page-0001_jpg.rf.f523caa5ce1dd9fb8abc072f80929be2_Father Name.jpg,CHAND RATAN SWAMI
output/cropped_outputs/Father Name/surendra-pan-card_jpg.rf.1939e79c157111f9f0934a63c78eb0d1_Father Name.jpg,ROOP LAL SISODIA
output/cropped_outputs/Father Name/bc_image_111_jpg.rf.da019430078f37a9b108939256fe5170_Father Name.jpg,SHANKARLAL PRAJAPATI
output/cropped_outputs/Father Name/PAN_Card_20240702_191406532_jpg.rf.1ecd6414e586f4fcd62f9c9728cb95d8_Father Name.jpg,MD BABU MIYAN
output/cropped_outputs/Father Name/97_PAN_jpg.rf.9f81d32de264bcf383389b9c82d8dee1_Father Name.jpg,THEKKUMTHODATH GOPALAN BOSE
output/cropped_outputs/Father Name/bnw_image_067_jpg.rf.938b387d5c46f805bf1c351a17b9246d_Father Name.jpg,ARJUN RAM
output/cropped_outputs/Father Name/bnw_image_088_jpg.rf.b93aabc20d235e1df935efc98297dc0d_Father Name.jpg,BHACHANARAM
output/cropped_outputs/Father Name/bnw_image_259_jpg.rf.ffd3907dda484b5253765c8f752388ff_Father Name.jpg,FARUKH QURESHI
output/cropped_outputs/Father Name/bc_image_011_jpg.rf.db24302199e639aec50ab16b750a550d_Father Name.jpg,BHOLA YADAV
output/cropped_outputs/Father Name/bnw_image_050_jpg.rf.7801f6d1d8ee473c3550c874200d3242_Father Name.jpg,PAPAYYA NAIKER DORAI
output/cropped_outputs/Father Name/bnw_image_011_jpg.rf.3f8b6757cd18a7da10b14f3b61012329_Father Name.jpg,BHOLA YADAV
output/cropped_outputs/Father Name/bc_image_242_jpg.rf.93f33f0dded7d8a23a7d0461f583405b_Father Name.jpg,SAFARUDEEN
output/cropped_outputs/Father Name/bnw_image_116_jpg.rf.cab3beeaea67ba5855fe1805587bfc9f_Father Name.jpg,MOHAN PURI
output/cropped_outputs/Father Name/bc_image_103_jpg.rf.4566eb6fe9bcad5f5aa17b17cbfb21b7_Father Name.jpg,RAMCHANDRA VISHNOI
output/cropped_outputs/Father Name/PAN_Card_20240701_102658933_jpg.rf.21de6f09d4e4c22f9c493bb22b1ea1a6_Father Name.jpg,BHUDESH
output/cropped_outputs/Father Name/01251152230017_jpg.rf.4ef682f2d78cba7dfc4c398365f3b008_Father Name.jpg,SURAT SINGH SAINI
output/cropped_outputs/Father Name/bnw_image_121_jpg.rf.6a1e6a97b74148e417a77944730f2e9e_Father Name.jpg,MOOL SINGH
output/cropped_outputs/Father Name/29_jpg.rf.f7167bd7ed71246517009d02b585d832_Father Name.jpg,JAIPRAKASH RAO
output/cropped_outputs/Father Name/bnw_image_057_jpg.rf.98a2583e209b439f6c1a407136e1c7b1_Father Name.jpg,LAVJI VAJAH SINGH RAO
output/cropped_outputs/Father Name/bnw_image_212_jpg.rf.8e2502d9d55a57b3cd5a4d53948d827d_Father Name.jpg,MD BABU MIYAN
output/cropped_outputs/Father Name/pushpa-devi-pan-card_page-0001_jpg.rf.2dacc305396f0f9ca00d3969211aff90_Father Name.jpg,PANCHU SINGH
output/cropped_outputs/Father Name/Co-App_-Laxmi-Pan-Card-1-_page-0001_jpg.rf.45738ae834c0bcb021d054681dfb57a1_Father Name.jpg,BHACHANARAM
output/cropped_outputs/Father Name/bnw_image_064_jpg.rf.702ffc846f0f0b49a4c84a2187708768_Father Name.jpg,NARPAT SINGH
output/cropped_outputs/Father Name/bc_image_129_jpg.rf.5d593af00b38800c759266baffd9165d_Father Name.jpg,SOHAN LAL
output/cropped_outputs/Father Name/01263124150013_jpg.rf.0721a416e955aa19eaf3d15224736f2a_Father Name.jpg,SHOBHA KANT MISHRA
output/cropped_outputs/Father Name/bc_image_167_jpg.rf.48c6381cb0329d9eadc35f40a420315b_Father Name.jpg,RAM PRASAD
output/cropped_outputs/Father Name/bc_image_071_jpg.rf.9640c5454919a896d0a0a8eb780f871c_Father Name.jpg,KALU RAM SAINI
output/cropped_outputs/Father Name/bc_image_158_jpg.rf.74355f0d18b9e05b6f25c8515c4ee5af_Father Name.jpg,MOTI RAM SUTHAR
output/cropped_outputs/Father Name/bnw_image_087_jpg.rf.ea2bc5d308da61e1126b83ab7f1756ea_Father Name.jpg,RAMJIRAM
output/cropped_outputs/Father Name/bnw_image_180_jpg.rf.d14bb0bc867639f4cf1c0cd1dd19f52a_Father Name.jpg,KESHAVSINGH MANSINGH
output/cropped_outputs/Father Name/Screenshot-2024-09-11-at-5-31-14-PM_png.rf.cf536272e532f254d07d74575097c60c_Father Name.jpg,MOTIKHAR
output/cropped_outputs/Father Name/01214635550018_jpg.rf.49965c028227d0e38c3a66e557fe9360_Father Name.jpg,NAWAB NOOR MOHD KHAN
output/cropped_outputs/Father Name/bc_image_097_jpg.rf.12274237012074712975a67ba0277a7f_Father Name.jpg,KANHAIYA LAL MEENA
output/cropped_outputs/Father Name/PAN_Card_20240701_205006547_jpg.rf.2187f9a46025361634f5bb53d1d8b7ab_Father Name.jpg,SIDRAMAPPA ADKI
output/cropped_outputs/Father Name/Pramila-PAN_jpeg.rf.d03ec21181cb0058ec9690b8b5a699be_Father Name.jpg,ARJUN PATEL
output/cropped_outputs/Father Name/bc_image_225_jpg.rf.b92658fd8e4034320047a3d10d851b9e_Father Name.jpg,RAM CHANDRA MEENA
output/cropped_outputs/Father Name/bc_image_132_jpg.rf.0d2926b530b75f2eadbc29f5c3146b87_Father Name.jpg,UMA RAM
output/cropped_outputs/Father Name/gaurantor-pan-card_jpeg.rf.005725896419ba8cae94194fa5869946_Father Name.jpg,SOHAN LAL
output/cropped_outputs/Father Name/IMG-20240224-WA0019_jpg.rf.9eb0c54d8ed8227a77b1a2d553fe3e28_Father Name.jpg,SUNDARARAJAN
output/cropped_outputs/Father Name/durga-bai-pancard_page-0001_jpg.rf.16b98656409190965c865ad60d9590b2_Father Name.jpg,DHANNA DANGI
output/cropped_outputs/Father Name/bc_image_246_jpg.rf.9fcca4fa37238119db81ee55272662e6_Father Name.jpg,PRABHU SEN
output/cropped_outputs/Father Name/bnw_image_068_jpg.rf.c05235b5bf23d2394b3409b900292eaf_Father Name.jpg,KHEMRAJ BENIWAL
output/cropped_outputs/Father Name/PAN_Card_20240702_170651139_jpg.rf.7f0c405f2d947576f0f48c4911e28842_Father Name.jpg,BABUMIYA
output/cropped_outputs/Father Name/bnw_image_139_jpg.rf.e45e87c37fc176c3c8aab3de5751d5de_Father Name.jpg,SHYOJI RAM
output/cropped_outputs/Father Name/PAN_Card_20240702_111912125_jpg.rf.06144d5207031d7f4ac57c7d7463d837_Father Name.jpg,NAGARAJU
output/cropped_outputs/Father Name/bnw_image_072_jpg.rf.cd838522b123eaad17f4d4929a9c2e6d_Father Name.jpg,NARPAT SINGH
output/cropped_outputs/Father Name/01563141730011_jpg.rf.e1e761fb90b7c6e8f1d6e198344c2194_Father Name.jpg,SIRAJ SEKH
output/cropped_outputs/Father Name/01262414660017_jpg.rf.ed9812c2d2e44d9326346193b7566eb6_Father Name.jpg,BHOLA YADAV
output/cropped_outputs/Father Name/bc_image_216_jpg.rf.0eed8d533c1e45083add72e4d33ef8a5_Father Name.jpg,BABULAL SAINI
output/cropped_outputs/Father Name/bc_image_217_jpg.rf.e54acc42aebe8a8cb85c514c46236b93_Father Name.jpg,BABULAL SHARMA
output/cropped_outputs/Father Name/bnw_image_113_jpg.rf.2156d7709a5d5f2463815636e8e629d5_Father Name.jpg,BHURA RAM
output/cropped_outputs/Father Name/bc_image_218_jpg.rf.3303385b4eb565e7877e2a6646c57e17_Father Name.jpg,DEVILAL
output/cropped_outputs/Father Name/SHANKAR-PAN-KYC_page-0001_jpg.rf.725219b8dc287a7d169927857b5c0d17_Father Name.jpg,BHERU LAL
output/cropped_outputs/Father Name/bc_image_038_jpg.rf.8509450a505e38881215b04679f43ef4_Father Name.jpg,SUBHASH CHANDRA JAIN
output/cropped_outputs/Father Name/Kanta-Pan-Card_jpg.rf.6d42d4372e437ee0ed3d896790275e9c_Father Name.jpg,JETHA RAM
output/cropped_outputs/Father Name/Anil_Pan_jpg.rf.ababd72103b42a4e924cfc22b1a67d02_Father Name.jpg,LAVJI VAJAH SINGH RAO
output/cropped_outputs/Father Name/bnw_image_059_jpg.rf.135f1fdbb16273f0ed11ef2c5e009597_Father Name.jpg,BHARAT PANCHAL
output/cropped_outputs/Father Name/bnw_image_037_jpg.rf.cf041ca363d1e8c6b627137573213ff2_Father Name.jpg,TULSIDAS VENKUSA JITURI
output/cropped_outputs/Father Name/My-new-pan-card-1-_page-0001_jpg.rf.6f308c48179ad932470eafb32b4269cc_Father Name.jpg,LALA RAM
output/cropped_outputs/Father Name/bc_image_200_jpg.rf.138339307577c2eda12cb70c942cdb32_Father Name.jpg,RAHIMA
output/cropped_outputs/Father Name/bnw_image_020_jpg.rf.d453a867f7b06f83da1b1f7028950139_Father Name.jpg,SHANKAR TATUBA KALASE
output/cropped_outputs/Father Name/aadar-pan-jaswant-1_page-0007_jpg.rf.4300f5590f7208895fd64d74367d04a0_Father Name.jpg,JAGNNATH
output/cropped_outputs/Father Name/92_jpg.rf.6fe257e686237267aeb0e5bf82bd3dd8_Father Name.jpg,PAPAYYA NAIKER DORAI
output/cropped_outputs/Father Name/Mamta-PAn_jpeg.rf.76357d20a8f9e836e9c79640e2993b03_Father Name.jpg,VIJAY PRASAD VYAS
output/cropped_outputs/Father Name/bc_image_069_jpg.rf.69c843eb7fd412c966952dd0fba52dd5_Father Name.jpg,KALU RAM VERMA
output/cropped_outputs/Father Name/bc_image_029_jpg.rf.798f6d2eaa64d59f4c5b4dc148d1d068_Father Name.jpg,RAMESH SAHANI
output/cropped_outputs/Father Name/bnw_image_041_jpg.rf.b41c575b84e4ade2269bae6415a2f412_Father Name.jpg,PRAKASH BHIVA GARATE
output/cropped_outputs/Father Name/bc_image_119_jpg.rf.ce35f0b28c0c7127e43e495605330e79_Father Name.jpg,SITA RAM
output/cropped_outputs/Father Name/bnw_image_178_jpg.rf.9cf5179838ea2383ac73c306d4de28f2_Father Name.jpg,CHAND RATAN SWAMI
output/cropped_outputs/Father Name/bc_image_142_jpg.rf.f01c84ffbd39ae5c1abc704d41beeaa8_Father Name.jpg,BHAGWAN JI YADAV
output/cropped_outputs/Father Name/bnw_image_027_jpg.rf.10c1c0361d39f0dfa5670d4c074050c6_Father Name.jpg,VENKATA KRISHNARAO EEDUPUGANTI
output/cropped_outputs/Father Name/20_PAN_jpg.rf.768e3d690f1cfb615acb5fdd6403e484_Father Name.jpg,SANJAY DUNDAPPA LOHAR
output/cropped_outputs/Father Name/bnw_image_177_jpg.rf.f1b61d466b38c3db423ae040b0a63bd6_Father Name.jpg,BADRI PRASAD
output/cropped_outputs/Father Name/01212121710017_jpg.rf.88f1647cd8d042e4a40ac4602866d7b1_Father Name.jpg,MANNOO
output/cropped_outputs/Father Name/01537155560015_jpg.rf.062802b8e298027b3890579f87af07fc_Father Name.jpg,MOHAMMAD NAFUUR RAHAMAN
output/cropped_outputs/Father Name/72_jpg.rf.e3b71bfd93d25d6233e02e75a7419d64_Father Name.jpg,ABHOY CHARAN BANERJEE
output/cropped_outputs/Father Name/RADHA-PAN-CARD_page-0001_jpg.rf.d975dd8f3d5c7a38694887d6454d19de_Father Name.jpg,RANSAHAY OJHA
output/cropped_outputs/Father Name/bc_image_234_jpg.rf.79cf1452e5afb0c667b36dd2195c0ad6_Father Name.jpg,SULTAN GURJAR
output/cropped_outputs/Father Name/cba40b81-photo_4_2023-07-14_15-44-52_jpg.rf.f30067df308efdecdd89185fd6f97c46_Father Name.jpg,TAJAMUL HOQUE
output/cropped_outputs/Father Name/bc_image_216_jpg.rf.2e00a7998221c85a53fa5aa0d3a71b3f_Father Name.jpg,BABULAL SAINI
output/cropped_outputs/Father Name/PAN_Card_20240702_125404493_jpg.rf.05498663e27ac7dde0cf8830cf34d7b8_Father Name.jpg,KENCHAVEERAPPA
output/cropped_outputs/Father Name/bc_image_107_jpg.rf.2ce0f04e576f90b23d7278d0225c78b0_Father Name.jpg,PREM JI PRAJAPAT
output/cropped_outputs/Father Name/bnw_image_131_jpg.rf.424a545010e09925446dbf9246b301bc_Father Name.jpg,RAMKISHAN
output/cropped_outputs/Father Name/PAN_Card_20240702_111040007_jpg.rf.8148b092f5b8bfb3265cbd8481de8a75_Father Name.jpg,MALLINATH GURUBASAPPA UDAG
output/cropped_outputs/Father Name/PAN_Card_20240702_143115599_jpg.rf.c2e4b7c61fa91a2aa7e5d2a507e8b014_Father Name.jpg,RAMJAN SHAH
output/cropped_outputs/Father Name/PAN-Card_jpg.rf.34b85b071828627dd9cf0d0705f386b7_Father Name.jpg,FIRST NAME MIDDLE NAME SURNAME
output/cropped_outputs/Father Name/PAN_Card_20240701_205006547_jpg.rf.168a78b140733ba100adfd94f3c45760_Father Name.jpg,SIDRAMAPPA ADKI
output/cropped_outputs/Father Name/bnw_image_104_jpg.rf.cee81e2a5d726a241f14cd52779efc76_Father Name.jpg,TILOK RAM
output/cropped_outputs/Father Name/1000093608-UNITED-PAN-1_jpg.rf.2e91cb918490e6af4c5075515226e23a_Father Name.jpg,VENKATARAMAPPA
output/cropped_outputs/Father Name/bc_image_010_jpg.rf.30e62f87746ec75af7acd7d6e03bc9b7_Father Name.jpg,SURAT SINGH SAINI
output/cropped_outputs/Father Name/bc_image_187_jpg.rf.c5c35a417b9421884154dee20f44117b_Father Name.jpg,RAJENDRA TRIVEDI
output/cropped_outputs/Father Name/bnw_image_103_jpg.rf.04a574f5178ea1a0dc0cdc9fda8ee140_Father Name.jpg,RAMCHANDRA VISHNOI
output/cropped_outputs/Father Name/bc_image_211_jpg.rf.6f70d8278b53a6b2496f29567efa6fb2_Father Name.jpg,SYED SALAR
output/cropped_outputs/Father Name/Chirag-Pan_jpeg.rf.83d6b09ff96426e013244ce471a16c19_Father Name.jpg,PRAKASH CHANDRA JAIN
output/cropped_outputs/Father Name/PAN_Card_20240702_161532818_jpg.rf.084ca1ccc64193b0e5609e8ac7bb6407_Father Name.jpg,BASAVRAJ CHALWADHAR
output/cropped_outputs/Father Name/bnw_image_013_jpg.rf.527e8bce78123957eca9926e9727f841_Father Name.jpg,SHISHPAL SINGH
output/cropped_outputs/Father Name/bnw_image_093_jpg.rf.22538ada2cbd3f774277b2f1d1776e72_Father Name.jpg,BHANWAR LAL
output/cropped_outputs/Father Name/Mahaveer-Pancard_jpeg.rf.2669e3627311b74524108c95258a49dd_Father Name.jpg,SHYOJI RAM
output/cropped_outputs/Father Name/1000093608-UNITED-PAN-1_jpg.rf.53e95960a959c105a64e1d3fd59bc3c2_Father Name.jpg,VENKATARAMAPPA
output/cropped_outputs/Father Name/31_PAN_jpg.rf.e75dba731251150a6c55cf7bce9a7cd9_Father Name.jpg,SATISH CHANDRA GUPTA
output/cropped_outputs/Father Name/bc_image_106_jpg.rf.c504eccb99c2244275f5a4e06b1081dd_Father Name.jpg,GOPAL SINGH
output/cropped_outputs/Father Name/bc_image_177_jpg.rf.41d1901d10d8891cf3e35533b5c63e23_Father Name.jpg,BADRI PRASAD
output/cropped_outputs/Father Name/bc_image_031_jpg.rf.30cd03f18f7bda4f3ecf0e5503ab3f5b_Father Name.jpg,SANJAY DUNDAPPA LOHAR
output/cropped_outputs/Father Name/bc_image_074_jpg.rf.360aa995ed693ccc8874c2c133e2b1ff_Father Name.jpg,PANNA LAL
output/cropped_outputs/Father Name/Pan-card-Manoj_page-0001_jpg.rf.5d5a7f9dd75f9aad70041824da2371be_Father Name.jpg,DHARAMPAL SINGH
output/cropped_outputs/Father Name/bc_image_164_jpg.rf.8507924a03171601a33d7a4ce833f454_Father Name.jpg,KALU RAM ACHARYA
output/cropped_outputs/Father Name/bnw_image_233_jpg.rf.ab9f2c58eee6e48c45a3bf38938a62bb_Father Name.jpg,MAHENDRA
output/cropped_outputs/Father Name/01173574530010_pan_png.rf.965d567d24790c6681b9624c9a1bc7ae_Father Name.jpg,RADHESHYAM
output/cropped_outputs/Father Name/surendra-pan-card_jpg.rf.1dba5f6279cdcc98696e4a56072b8976_Father Name.jpg,ROOP LAL SISODIA
output/cropped_outputs/Father Name/bnw_image_191_jpg.rf.95a8575cbb3f261d6ac58bc32c076dbd_Father Name.jpg,SURENDRA SINGH
output/cropped_outputs/Father Name/bnw_image_006_jpg.rf.c17ebfd979821fc5ff3b484dbe3066ea_Father Name.jpg,KISHORI LAL
output/cropped_outputs/Father Name/bc_image_091_jpg.rf.bc77cf06157dfef82a723784f69e773c_Father Name.jpg,LIKHMA RAM
output/cropped_outputs/Father Name/Mukesh-Pan_page-0001_jpg.rf.fe9b1f272950df819f727be911bd3039_Father Name.jpg,SAMPAT LAL SEN
output/cropped_outputs/Father Name/Mangi-Lal-Pan-Card_jpg.rf.746e4f6d75fe3572a4c41a6cc49235be_Father Name.jpg,ROOPA RAM
output/cropped_outputs/Father Name/01274722210012_jpg.rf.d17c322609aaeaa8b8bfdaa32d3a8403_Father Name.jpg,SHISHPAL SINGH
output/cropped_outputs/Father Name/bc_image_258_jpg.rf.22babf50dd35924a04bc6391c382b9d4_Father Name.jpg,BUDHA RAM HARIJAN
output/cropped_outputs/Father Name/bnw_image_208_jpg.rf.5c7b1cf4e90b6a921b6dcd521653fc7a_Father Name.jpg,"SUBHASH KATTEHOLE GOVINDA
NAIR"
output/cropped_outputs/Father Name/bnw_image_004_jpg.rf.52d9f904e7bc1d044f6e1636b4dcfd98_Father Name.jpg,SHYAMLAL NAYAK
output/cropped_outputs/Father Name/bnw_image_096_jpg.rf.2cb63db7837cc4de84eb2749beadf786_Father Name.jpg,SHIVAKUMARA SWAMY
output/cropped_outputs/Father Name/70_PAN_jpg.rf.153b191cd63d2ff54a9a896273d6b8f7_Father Name.jpg,ALI MOHAMED GHOUSE
output/cropped_outputs/Father Name/bnw_image_142_jpg.rf.55bbcdc926538b71282d83d31fee3711_Father Name.jpg,BHAGWAN JI YADAV
output/cropped_outputs/Father Name/bhaguram-gtr-pan_jpeg.rf.c99defbd3add1c3be7fd7f17916bf528_Father Name.jpg,KALURAM SAMOTA
output/cropped_outputs/Father Name/bc_image_238_jpg.rf.55a378b602c06eaf0f8e4ac1f8bbaa0e_Father Name.jpg,DHUDA RAM
output/cropped_outputs/Father Name/bnw_image_245_jpg.rf.a6fe59c408ebb9084e42185540054e40_Father Name.jpg,GALIYA
output/cropped_outputs/Father Name/prem-singh-aadar-pan-_page-0007_jpg.rf.61a0d56b337ba619e85b2fcd88b895b7_Father Name.jpg,RAM CHANDRA MEENA 
output/cropped_outputs/Father Name/Santosh-PAN_jpg.rf.c2dcdb0583bc6f1e5e55207293adc369_Father Name.jpg,JAGDISH SAIN
output/cropped_outputs/Father Name/bc_image_243_jpg.rf.41ce0fcc553c47678987a803ddc78491_Father Name.jpg,MOHD KAMARUDIN
output/cropped_outputs/Father Name/ASHA-PAN-CARD_jpg.rf.91e7eaa0a7dcf9c49d80a9a15ad1de31_Father Name.jpg,KALU RAM VERMA
output/cropped_outputs/Father Name/bc_image_245_jpg.rf.10d90f51725eccfcf14c5f2252a315ee_Father Name.jpg,GALIYA
output/cropped_outputs/Father Name/yashoda-pan-card-_page-0001_jpg.rf.3b5d882c8a8bc9dd4074262c634a6a53_Father Name.jpg,DEVI LAL
output/cropped_outputs/Father Name/GTR-Phool-Chand-PAN_jpeg.rf.eb19b56604cb4d48d455b25ce4274ceb_Father Name.jpg,MALA RAM
output/cropped_outputs/Father Name/1710411256675_jpeg.rf.c01107ae6ce58a05277feb583ebc9236_Father Name.jpg,BALAKRISHNAN
output/cropped_outputs/Father Name/Pancard-Kusum_page-0001_jpg.rf.0d2c93cf7d66083e17dc08687a51fb9f_Father Name.jpg,SUNDAR SINGH
output/cropped_outputs/Father Name/bheru-pan-card_page-0001_jpg.rf.15ae982a36447d4eede56e769ae63467_Father Name.jpg,NANURAM
output/cropped_outputs/Father Name/91_PAN_jpg.rf.3abe87ade4c0c7d9d46ea38ea9b2e769_Father Name.jpg,DUKHIYA PRASHAD PRAJAPATI
output/cropped_outputs/Father Name/01231576410019_jpg.rf.4525d820c2381b402794ebcc4dcec355_Father Name.jpg,ABDUL AZEEM ANSARI
output/cropped_outputs/Father Name/bnw_image_164_jpg.rf.20df0db851be04442b8cf8cfb0fd692a_Father Name.jpg,KALU RAM ACHARYA 
output/cropped_outputs/Father Name/bnw_image_152_jpg.rf.32c7472a3f98a18afeb52d878081c710_Father Name.jpg,NAGJI
output/cropped_outputs/Father Name/PAN_Card_20240701_102658933_jpg.rf.0ade25e6c43a84145697b640e58c7c25_Father Name.jpg,BHUDESH
output/cropped_outputs/Father Name/bc_image_234_jpg.rf.c65e3e3352d6258d4f19835a3c843c9d_Father Name.jpg,SULTAN GURJAR
output/cropped_outputs/Father Name/01651626160011_jpg.rf.e7cbe6554bb5c814a22dab558c17fbe7_Father Name.jpg,TILAKCHAND RAHANGDALE
output/cropped_outputs/Father Name/11_PAN_jpg.rf.8500135eca8613205a88eb74f24e930d_Father Name.jpg,FIRST NAME MIDDLE NAME SURNAME
output/cropped_outputs/Father Name/bc_image_126_jpg.rf.37392b3d69d0f471fc1e89ada15243ec_Father Name.jpg,RUPAJI YADAV
output/cropped_outputs/Father Name/bnw_image_058_jpg.rf.86482b75719fe4881c68f0ecb28c7f2b_Father Name.jpg,RUPENG PATIDAR
output/cropped_outputs/Father Name/bnw_image_056_jpg.rf.c41aef20311b4ce3a37a9779904a3712_Father Name.jpg,RIDHA RAM
output/cropped_outputs/Father Name/IMG_20240314_160358_jpg.rf.72c1e346c4b5ce3f03cc71ef880a5768_Father Name.jpg,SENTHILKUMAR
output/cropped_outputs/Father Name/punus-ali-aadhar-pan-_page-0003_jpg.rf.aba99f78ca90ed8f69f2c772a9478cb0_Father Name.jpg,RAHAMAN ALI
output/cropped_outputs/Father Name/bc_image_201_jpg.rf.0c64d6c24f076dbf08a441506b7e6f1f_Father Name.jpg,BHUDESH
output/cropped_outputs/Father Name/bnw_image_066_jpg.rf.9d349820f2b27ad18ba92fa852dda4c4_Father Name.jpg,SOIKEEN
output/cropped_outputs/Father Name/bnw_image_143_jpg.rf.cddf580e445b3bef9a905ac1ea267ae4_Father Name.jpg,KESAR SINGH
output/cropped_outputs/Father Name/bnw_image_034_jpg.rf.40d318acc10e8ef614f1708c3d0f0e11_Father Name.jpg,SANJAY DUNDAPPA LOHAR
output/cropped_outputs/Father Name/01125761720016_jpg.rf.a9ada35e69ee83d3a2c959862125de6e_Father Name.jpg,MOHAMMADHANIF
output/cropped_outputs/Father Name/01125761720016_jpg.rf.4d19ae88975945e5a4f11ce18085bb77_Father Name.jpg,MOHAMMADHANIF
output/cropped_outputs/Father Name/01338208270013_jpg.rf.1b2a3fbf35faf20e4b91eec55f32bd64_Father Name.jpg,JAGDISH PATIDAR
output/cropped_outputs/Father Name/PAN_Card_20240702_154034177_jpg.rf.0e87503a2eb936d982cab2c5b65c9ba3_Father Name.jpg,"SUBHASH KATTEHOLE GOVINDA
NAIR"
output/cropped_outputs/Father Name/bnw_image_129_jpg.rf.0d7cd0db684e0a659ebb6ef67cc2fa32_Father Name.jpg,SOHAN LAL
output/cropped_outputs/Father Name/1aea9462babd9fb2fd84f7a2f81f5ccf_jpg.rf.fd58674dca2de053c07e8f47174bdb27_Father Name.jpg,RAMESH SAHANI
output/cropped_outputs/Father Name/aadar-pan-jaswant-1_page-0010_jpg.rf.fa42a38240721ad3a41601ce0968c9fe_Father Name.jpg,HEM RAJ JI
output/cropped_outputs/Father Name/01261443750015_jpg.rf.00f57fd4825a6824a60c2b12dc4534c0_Father Name.jpg,NEMDHARI DANGI
output/cropped_outputs/Father Name/bnw_image_252_jpg.rf.0aaceaff017117eccc2f3bb1b35b82dd_Father Name.jpg,BHERU LAL
output/cropped_outputs/Father Name/bnw_image_130_jpg.rf.9973972ac536f1a148346657ea488d03_Father Name.jpg,ABDUL RASHID
output/cropped_outputs/Father Name/bnw_image_019_jpg.rf.fb9e43b4afe004a66bb629ebb68e2ccc_Father Name.jpg,VIRENDRA KUMAR
output/cropped_outputs/Father Name/bnw_image_144_jpg.rf.b785703ea3a0c10a079e4df5505f0a25_Father Name.jpg,ROOPA RAM
output/cropped_outputs/Father Name/9_PAN_jpg.rf.a1771e983f01fad71817e0bb0815654b_Father Name.jpg,FIRST NAME MIDDLE NAME SURNAME
output/cropped_outputs/Father Name/e007179a-58196aadc14229072fe70390_pan_jpg.rf.c32d70244998575ffd5f360af9ddf40e_Father Name.jpg,SHIVAKUMARA SWAMY
output/cropped_outputs/Father Name/bnw_image_187_jpg.rf.69566bf0626ddf1582c423180a8b7c2d_Father Name.jpg,RAJENDRA TRIVEDI
output/cropped_outputs/Father Name/PAN_Card_20240702_150444965_jpg.rf.06bc91db46bfaee6c060d690b88a6472_Father Name.jpg,GOVINDARAJ
output/cropped_outputs/Father Name/images95_jpg.rf.de08ac52f8c38ed79de1fa6f83e43bff_Father Name.jpg,VIRENDER GUPTA
output/cropped_outputs/Father Name/bnw_image_089_jpg.rf.c6356d2553aab67904180b568f2e5a06_Father Name.jpg,BHALCHANDRA DEVRAM JOSHI
output/cropped_outputs/Father Name/bnw_image_052_jpg.rf.acef800d996b24b001fa1c1a6876f431_Father Name.jpg,JAGNNATH
output/cropped_outputs/Father Name/92_jpg.rf.c10bd33d1e13745e5bb38f89561d4e6c_Father Name.jpg,PAPAYYA NAIKER DORAI
output/cropped_outputs/Father Name/01213334750014_jpg.rf.8389dd058af235d93db804596270205a_Father Name.jpg,PRAMOD KUMAR ROY
output/cropped_outputs/Father Name/SAFARUDIN-PAN-CARD_page-0001_jpg.rf.30be82f37d31aec76e7204bce02fd463_Father Name.jpg,MOHD KAMARUDIN
output/cropped_outputs/Father Name/bnw_image_099_jpg.rf.f680bb8210a92ab920629a623febbad2_Father Name.jpg,RUPLAL YADAV
output/cropped_outputs/Father Name/01546714470012_jpg.rf.3ff3d805bc9bfb8e127480dec8bc6a66_Father Name.jpg,GURUPADA JANA
output/cropped_outputs/Father Name/01263124150013_jpg.rf.7beaf57bad03c3e6761bb1406394998c_Father Name.jpg,SHOBHA KANT MISHRA
output/cropped_outputs/Father Name/Prem-PAN_jpg.rf.e7b7d80cee31e69c7ecfac072fb6052c_Father Name.jpg,GULAB CHAND SAIN
output/cropped_outputs/Father Name/bc_image_207_jpg.rf.0c3e7f0eaecb1fd36227317af1f1235e_Father Name.jpg,KENCHAVEERAPPA
output/cropped_outputs/Father Name/guman-pan-card_page-0001_jpg.rf.cc101b61793c108f86fcf0f2093eed74_Father Name.jpg,BHURA RAM
output/cropped_outputs/Father Name/bnw_image_092_jpg.rf.3834b3506f7f96103f8abf5cd272811e_Father Name.jpg,BABU LAL
output/cropped_outputs/Father Name/bc_image_039_jpg.rf.31d52d1f5eafd1b2d478c856db5438e1_Father Name.jpg,AMBIK SINGH
output/cropped_outputs/Father Name/PAN_Card_20240702_111040007_jpg.rf.aad49c3ae19c9a38826a6e6e17152802_Father Name.jpg,MALLINATH GURUBASAPPA UDAG
output/cropped_outputs/Father Name/bc_image_008_jpg.rf.fef881486d33adfa99a203dbb8178df2_Father Name.jpg,ABDUL AZEEM ANSARI
output/cropped_outputs/Father Name/bnw_image_173_jpg.rf.89cc042cb5790f7fc77e17fb4ae9ffd6_Father Name.jpg,BHERULAL JAIN
output/cropped_outputs/Father Name/bitthu-pan-card_jpeg.rf.49367faa6900d944a3962e2ca25affbd_Father Name.jpg,JETHA RAM
output/cropped_outputs/Father Name/01757741370010_jpg.rf.56c81b84f9cf44ad667b4ff5e43251b1_Father Name.jpg,PRABHU MAHTO
output/cropped_outputs/Father Name/01187739310014_jpg.rf.e2fb5e52cba8919b8ffec6b3fda24d98_Father Name.jpg,SUBAL CHANDRA JANA
output/cropped_outputs/Father Name/bnw_image_027_jpg.rf.2a96083a39940c99bdf49c4b4d2f0efb_Father Name.jpg,VENKATA KRISHNARAO EEDUPUGANTI
output/cropped_outputs/Father Name/punus-ali-aadhar-pan-_page-0003_jpg.rf.2512e40fb2d53563679314a68816ebff_Father Name.jpg,RAHAMAN ALI
output/cropped_outputs/Father Name/bc_image_205_jpg.rf.0290a6ff9515cc0dd157733f1ba1b694_Father Name.jpg,MALLINATH GURUBASAPPA UDAG
output/cropped_outputs/Father Name/bnw_image_124_jpg.rf.a7bad9689f6515be134313c3e128090e_Father Name.jpg,KACHU RAO
output/cropped_outputs/Father Name/bnw_image_141_jpg.rf.e486a063697452185accdd1c48938998_Father Name.jpg,VIUAY PRASAD VYAS
output/cropped_outputs/Father Name/bnw_image_249_jpg.rf.88fd4a6baeb30ba1770958dd2389a485_Father Name.jpg,SHABAS KHAN
output/cropped_outputs/Father Name/Gopal-ji-pan-card_page-0001_jpg.rf.c670c29cd323e335e73aedd4c11f8d81_Father Name.jpg,GOPAL SINGH
output/cropped_outputs/Father Name/PAN_Card_20240702_170651139_jpg.rf.1849e3a8d42cb1b8b5200f9d65905f4b_Father Name.jpg,BABUMIYA
output/cropped_outputs/Father Name/01112319790012_jpg.rf.a583b55990b899455483678f7c236c13_Father Name.jpg,MOHAMMAD SHAKIR
output/cropped_outputs/Father Name/25_png.rf.553975245448c38d8c15390b0f9e716d_Father Name.jpg,SANJAY DUNDAPPA LOHAR
output/cropped_outputs/Father Name/bnw_image_035_jpg.rf.b3f6144281a435ba2ef252508b3bc1cc_Father Name.jpg,JAIPRAKASH RAO
output/cropped_outputs/Father Name/bc_image_261_jpg.rf.1d6dc4447277889c6e7959140ff8d3b6_Father Name.jpg,SHANTIRAM BISHWASA
output/cropped_outputs/Father Name/bnw_image_032_jpg.rf.3133d1e9fa7680620dc41d648dc902b0_Father Name.jpg,SARDAR SINGH
output/cropped_outputs/Father Name/bnw_image_069_jpg.rf.a5606bd62c30721315da6d4531fce165_Father Name.jpg,KALU RAM VERMA
output/cropped_outputs/Father Name/PAN_Card_20240702_172120999_jpg.rf.58f419a8bdb38a79ebb79bc47426ed4b_Father Name.jpg,GUDDAPPA
output/cropped_outputs/Father Name/pan3_png.rf.285870f10fdd9194b21f41069ec70483_Father Name.jpg,RAJENDER
output/cropped_outputs/Father Name/01274722210012_jpg.rf.023e6affcdac1f1f22772b5efc118b71_Father Name.jpg,SHISHPAL SINGH
output/cropped_outputs/Father Name/bc_image_149_jpg.rf.94b645192c1de89323c566088fae26c3_Father Name.jpg,MAHESH CHAND SHARMA
output/cropped_outputs/Father Name/bnw_image_222_jpg.rf.61318bbed6c532da61c0c9cccfa76954_Father Name.jpg,ARJUN PATEL
output/cropped_outputs/Father Name/bc_image_210_jpg.rf.9142c29a43b4c01553b9e81eb6807506_Father Name.jpg,GUDDAPPA
output/cropped_outputs/Father Name/bc_image_209_jpg.rf.b34912427a0c4d0036ab09c14a8ddd90_Father Name.jpg,BABUMIYA
output/cropped_outputs/Father Name/bc_image_263_jpg.rf.c34787619d660e4afff00cd2c53eef5b_Father Name.jpg,BHAGIRATH MAL NITHARWAL
output/cropped_outputs/Father Name/bc_image_208_jpg.rf.f98e4433dceab0e1ccb4e76c42cb5cce_Father Name.jpg,"SUBHASH KATTEHOLE GOVINDA
NAIR"
output/cropped_outputs/Father Name/bc_image_084_jpg.rf.5549bcdd6a6e5246cac560c66e231b49_Father Name.jpg,PRAKASH CHANDRA JAIN
output/cropped_outputs/Father Name/bnw_image_173_jpg.rf.c4ea44165562848e7c75c8cdc24f185a_Father Name.jpg,BHERULAL JAIN
output/cropped_outputs/Father Name/bnw_image_237_jpg.rf.68def84532430cd3f10f243caf1b71c1_Father Name.jpg,MOTI LAL
output/cropped_outputs/Father Name/PAN-OF-IRFAN_jpg.rf.ecacf42fcf61cbce5c270883da344f5c_Father Name.jpg,ISHAK KHAN
output/cropped_outputs/Father Name/bc_image_064_jpg.rf.43a5ae3a8223e68298773054edb02141_Father Name.jpg,NARPAT SINGH
output/cropped_outputs/Father Name/PAN_Card_20240702_151953847_jpg.rf.a217bce79cc2b3191a2906036d609911_Father Name.jpg,NAGARAJU
output/cropped_outputs/Father Name/bc_image_208_jpg.rf.f94fb0c86be2c0eaceefad8b435bec9c_Father Name.jpg,"SUBHASH KATTEHOLE GOVINDA
NAIR"
output/cropped_outputs/Father Name/01215473510013_jpg.rf.81f1005f8ed4d641f99e328d0854831a_Father Name.jpg,PRADIP DUTTA
output/cropped_outputs/Father Name/bc_image_156_jpg.rf.04a1b133be201f48cb849f40c291230f_Father Name.jpg,BAL RENIWAL
output/cropped_outputs/Father Name/01215352310017_jpg.rf.2cd063e78cfd7735c886809dd9f78813_Father Name.jpg,KRISHAN NANDAN SAH
output/cropped_outputs/Father Name/bnw_image_156_jpg.rf.79d86243ea99c06fe823c8904496e5c1_Father Name.jpg,BAL RENIWAL
output/cropped_outputs/Father Name/bc_image_011_jpg.rf.56115893c9353ca967cef1443199137c_Father Name.jpg,BHOLA YADAV
output/cropped_outputs/Father Name/PAN_Card_20240702_173020584_jpg.rf.6e2104a4b636cb326dc0d481bae212b5_Father Name.jpg,GOPALA
output/cropped_outputs/Father Name/bnw_image_166_jpg.rf.a9efa29e5cfc7b4c5ec8547a0078c784_Father Name.jpg,DHARAMPAL SINGH
output/cropped_outputs/Father Name/bnw_image_122_jpg.rf.14bad7208daa53f1aecaa190be07f967_Father Name.jpg,RAMA JI SALVI
output/cropped_outputs/Father Name/PAN_Card_20240701_102658933_jpg.rf.dbeb9adf03133606b490d78d06ca9bef_Father Name.jpg,BHUDESH
output/cropped_outputs/Father Name/01537155560015_jpg.rf.288196cbb1caef2f97e73989f59c2107_Father Name.jpg,MOHAMMAD NAFUUR RAHAMAN
output/cropped_outputs/Father Name/bnw_image_171_jpg.rf.1818df37009a5ea5e85709d1a3abc8a1_Father Name.jpg,KUMBHARAM
output/cropped_outputs/Father Name/bnw_image_239_jpg.rf.8c2874151355606cca1e1dbf1976011b_Father Name.jpg,DULAL MONDAL
output/cropped_outputs/Father Name/bnw_image_112_jpg.rf.a3d73f89ed625b353c31a0ae7d778ba7_Father Name.jpg,RAMESH GARG
output/cropped_outputs/Father Name/bc_image_105_jpg.rf.baa6cec2fcba121159f4e6ff05d81ec8_Father Name.jpg,PEER DAN SINGH
output/cropped_outputs/Father Name/bc_image_236_jpg.rf.440c4885563c346f13f8ce628e58f844_Father Name.jpg,RAMA DAMA MEENA
output/cropped_outputs/Father Name/8402957537_jpg.rf.73ebd2471328ef5c6921881fe12b9895_Father Name.jpg,ABDUL MALEQUE
output/cropped_outputs/Father Name/bnw_image_118_jpg.rf.6bb4e2d30287680c68dcd21dab7cf23b_Father Name.jpg,KALU RAM
output/cropped_outputs/Father Name/App_-Ajij-Pan-Card-1-_page-0001_jpg.rf.a3ab2299c0a299c0d0648bfc12f3a327_Father Name.jpg,SOIKEEN
output/cropped_outputs/Father Name/01262414660017_jpg.rf.a983f887f322b5a7f775a73e8e696070_Father Name.jpg,BHOLA YADAV
output/cropped_outputs/Father Name/bnw_image_215_jpg.rf.d3fe0cfe34b3b3cbc84e1f3af682a734_Father Name.jpg,JALAM SINGH
output/cropped_outputs/Father Name/Mangi-Lal-Pan-Card_jpg.rf.331db6c7f988ec990dafa6872a96557d_Father Name.jpg,ROOPA RAM
output/cropped_outputs/Father Name/25_png.rf.9c2e7fa4b45c20e3429df3b2f2640665_Father Name.jpg,SANJAY DUNDAPPA LOHAR
output/cropped_outputs/Father Name/bc_image_199_jpg.rf.03645b612e3c1f80162e33da272daf48_Father Name.jpg,MANGI LAL GURJAR
output/cropped_outputs/Father Name/SHANKAR-PAN-KYC_page-0001_jpg.rf.7c6ef1074b8fb1c379a2a6ef49f6a7a7_Father Name.jpg,BHERU LAL
output/cropped_outputs/Father Name/bnw_image_092_jpg.rf.ba71d654cc7ee21844471ccbfb9dbd81_Father Name.jpg,BABU LAL
output/cropped_outputs/Father Name/bnw_image_041_jpg.rf.3c7f86272c2954ec8f9d27163f0cf272_Father Name.jpg,PRAKASH BHIVA GARATE
output/cropped_outputs/Father Name/bnw_image_266_jpg.rf.ff2e75357c33b57a9010c00506ce9052_Father Name.jpg,PREM CHAND
output/cropped_outputs/Father Name/bc_image_134_jpg.rf.9296b469686f31f463955a118fc5444c_Father Name.jpg,MOOL CHAND KUMAWAT
output/cropped_outputs/Father Name/bnw_image_222_jpg.rf.067274211e0c94415e51683c55c933f6_Father Name.jpg,ARJUN PATEL
output/cropped_outputs/Father Name/bc_image_081_jpg.rf.45de5c8762764cb022ed533a35312979_Father Name.jpg,NANURAM
output/cropped_outputs/Father Name/bc_image_157_jpg.rf.14b1813fb92579f90d8d29b05d39e217_Father Name.jpg,MANI LAL PANDYA
output/cropped_outputs/Father Name/Rewant-Ram-Pan-Card_jpg.rf.ed68a608f57f5eee4b78c67cadca7c06_Father Name.jpg,DHUDA RAM
output/cropped_outputs/Father Name/bc_image_084_jpg.rf.3040b0358eb630bd8fa58adf502932ed_Father Name.jpg,PRAKASH CHANDRA JAIN
output/cropped_outputs/Father Name/bc_image_090_jpg.rf.7f849aecb4e07c765dc984679cb1d561_Father Name.jpg,RAJENDRA BHALCHANDRA JOSHI
output/cropped_outputs/Father Name/bc_image_095_jpg.rf.c5f7641c1cc49389aed98a154bcec0af_Father Name.jpg,DHANNA DANGI
output/cropped_outputs/Father Name/PAN_Card_20240702_121814233_jpg.rf.65e110beb5bb34f005e927535d3092c7_Father Name.jpg,JAVARE GOWDA
output/cropped_outputs/Father Name/77_PAN_jpg.rf.59a25615f50d012adbe13fe0c7cf3ce1_Father Name.jpg,XXXXX XXXX XXX
output/cropped_outputs/Father Name/1-PAN-Card-_-Nikhil-Jain_page-0001_jpg.rf.c753baa574a1270bd2193d744b65eba2_Father Name.jpg,VIRENDRA KUMAR
output/cropped_outputs/Father Name/97_jpg.rf.988b1bfc3f9b57cac5455dd9f2c89ff2_Father Name.jpg,THEKKUMTHODATH GOPALAN BOSE
output/cropped_outputs/Father Name/bnw_image_262_jpg.rf.1ed62eba88bc9af8b171baab7cedfe8d_Father Name.jpg,ROOP LAL SISODIA
output/cropped_outputs/Father Name/pinki-pan_jpeg.rf.f3e9140b5287773ef66a3d0b61a4b245_Father Name.jpg,BABULAL SHARMA
output/cropped_outputs/Father Name/2_jpg.rf.2a0d1a13854570732bb93f1ca72ce6ae_Father Name.jpg,CHARAN SINGH
output/cropped_outputs/Father Name/1aea9462babd9fb2fd84f7a2f81f5ccf_jpg.rf.2a30d289e50c56d49395753ffe4a0c6c_Father Name.jpg,RAMESH SAHANI
output/cropped_outputs/Father Name/bnw_image_189_jpg.rf.11696221c627be83e1c148915ea969bd_Father Name.jpg,RAJENDER
output/cropped_outputs/Father Name/bc_image_014_jpg.rf.7ca8519bbeb0be81ae8cac9236411664_Father Name.jpg,BHIMLAL DAS
output/cropped_outputs/Father Name/13_PAN_jpg.rf.1c67e5831533d36f45bc6e263300c73f_Father Name.jpg,MOHD UMAR
output/cropped_outputs/Father Name/PAN_Card_20240702_102138482_jpg.rf.0667e9cf46fb21931aab165c01e41d98_Father Name.jpg,MOHAMMED HUSSAIN
output/cropped_outputs/Father Name/01212121710017_jpg.rf.144b097536108de6a8e9a5b91df1080d_Father Name.jpg,MANNOO
output/cropped_outputs/Father Name/MAYA-PAN_page-0001_jpg.rf.ca95d24ff63d1d18b3d056f9b4f1e4dc_Father Name.jpg,RAM KISHAN
output/cropped_outputs/Father Name/bnw_image_167_jpg.rf.e6c0735fbe41b43c8ba837070c196e0b_Father Name.jpg,RAM PRASAD
output/cropped_outputs/Father Name/bnw_image_207_jpg.rf.67941d9e58ff72980b71e0f6f610cf39_Father Name.jpg,KENCHAVEERAPPA
output/cropped_outputs/Father Name/Jitendra-GTR-PAN-2-_jpg.rf.ca12702fa5ca091358402137e00a9afb_Father Name.jpg,SITA RAM
output/cropped_outputs/Father Name/bc_image_109_jpg.rf.5b595e6322a5895149eb0edf086e89e5_Father Name.jpg,MALA RAM
output/cropped_outputs/Father Name/SURESH-PAN-CARD_page-0001_jpg.rf.5582694883963f6e65584394a296601d_Father Name.jpg,BHAGIRATH MAL NITHARWAL
output/cropped_outputs/Father Name/bc_image_155_jpg.rf.8f32703fcff7bc73d99b6e6f9dfd44b1_Father Name.jpg,LALA RAM
output/cropped_outputs/Father Name/1-PAN-Card-_-Nikhil-Jain_page-0001_jpg.rf.7d0aaa74036592319ee28072fbd475f3_Father Name.jpg,VIRENDRA KUMAR
output/cropped_outputs/Father Name/01276174510017_jpg.rf.4f3d0451557bd40ee6e1e0791dff539d_Father Name.jpg,KYUM ANSARI
output/cropped_outputs/Father Name/bc_image_013_jpg.rf.e20c68fc6f92b0d22067a87c95651120_Father Name.jpg,SHISHPAL SINGH
output/cropped_outputs/Father Name/bc_image_088_jpg.rf.58ae144950816e650c7727c0403a90df_Father Name.jpg,BHACHANARAM
output/cropped_outputs/Father Name/bc_image_063_jpg.rf.013c26c3e242a8e66899e1bd330c1565_Father Name.jpg,BALVANT SINGH
output/cropped_outputs/Father Name/bc_image_158_jpg.rf.febf4df7897c8878b74378df15ae4741_Father Name.jpg,MOTI RAM SUTHAR
output/cropped_outputs/Father Name/01611485750018_jpg.rf.d78c5d828f3e6fcc90d5e7b647cd8884_Father Name.jpg,BRIJ LAL RAI
output/cropped_outputs/Father Name/bnw_image_101_jpg.rf.a3fb56f41db706693704421b5d79b75e_Father Name.jpg,SOHAN LAL
output/cropped_outputs/Father Name/PAN_Card_20240701_200154056_jpg.rf.7550c63d4c7977549656b7078825725b_Father Name.jpg,ABDUL GANI
output/cropped_outputs/Father Name/bnw_image_143_jpg.rf.62a0aa5eac787c7f489a82a380fabea0_Father Name.jpg,KESAR SINGH
output/cropped_outputs/Father Name/bnw_image_125_jpg.rf.969ea8e9f4e5d36e42087dd8140b8f36_Father Name.jpg,RUPAJI YADAV
output/cropped_outputs/Father Name/bnw_image_007_jpg.rf.48d74d923c22840372cff5a95a969d11_Father Name.jpg,SHIVAJI NIVRUTTI HANKARE
output/cropped_outputs/Father Name/01245671710014_jpg.rf.d2190debf49f070920e22a3b21744754_Father Name.jpg,SYED KADAR ALI
output/cropped_outputs/Father Name/9162825938_jpg.rf.ff61f9aeec3f9170e6fef385e9474f00_Father Name.jpg,SHRAVAN KUMAR GIRI
output/cropped_outputs/Father Name/bnw_image_104_jpg.rf.4f0e891af02197b2d96cdf1ea28a76c8_Father Name.jpg,TILOK RAM
output/cropped_outputs/Father Name/bc_image_114_jpg.rf.f8807080064f93f9fc5bb2e981708b84_Father Name.jpg,LIMJI RAWAT
output/cropped_outputs/Father Name/bc_image_112_jpg.rf.d46b68f0f7005b39cc84d0a168105807_Father Name.jpg,RAMESH GARG
output/cropped_outputs/Father Name/PAN_Card_20240702_161137495_jpg.rf.8b6bbdf2b37a94179304c56529a8b79b_Father Name.jpg,CHANDBIKA CHOURASIVA
output/cropped_outputs/Father Name/bnw_image_003_jpg.rf.77c9b234b627b27705f3f824ebcc2a91_Father Name.jpg,PRAMOD KUMAR ROY
output/cropped_outputs/Father Name/01243431710010_pan_png.rf.34cbbae2eee6bb07acd135e848911fb4_Father Name.jpg,MD RAFIQ MIAH
output/cropped_outputs/Father Name/01577523110010_jpg.rf.a72df353869cc0ae75476501dadb0382_Father Name.jpg,VIRENDER SINGH
output/cropped_outputs/Father Name/bc_image_086_jpg.rf.e1c722d585a0514219956e14b038f55b_Father Name.jpg,KALU LAL
output/cropped_outputs/Father Name/prabhu-lal-pan_jpeg.rf.179c779e367c1ecbe4346fa8a9b9b997_Father Name.jpg,DEVILAL
output/cropped_outputs/Father Name/01215317330013_jpg.rf.250338ed85229219e18bd981f2049ae4_Father Name.jpg,KISHORI LAL
output/cropped_outputs/Father Name/bc_image_024_jpg.rf.b8d250faa31cb24e38a36640ac39897c_Father Name.jpg,MOHD UMAR
output/cropped_outputs/Father Name/PAN_Card_20240701_190503704_jpg.rf.0b5cb95d9296206b819eeed49184b9c6_Father Name.jpg,IRAYYA
output/cropped_outputs/Father Name/bc_image_166_jpg.rf.efa6dcaaff38df1e68ee29cc4431791d_Father Name.jpg,DHARAMPAL SINGH
output/cropped_outputs/Father Name/Dilip-PAN_jpeg.rf.e369f16be287e863f7e7692c09f8e858_Father Name.jpg,HOMAJI RAWAT
output/cropped_outputs/Father Name/Laxman-PAN_page-0001_jpg.rf.228dc4e9dfab77f2c9a58b7c29f4b911_Father Name.jpg,MOOL CHAND KUMAWAT
output/cropped_outputs/Father Name/roop-singh-pan_jpeg.rf.75b7b2b7d935057b7b82f6d8bf42e120_Father Name.jpg,DHUL SINGH RAJPUT
output/cropped_outputs/Father Name/bnw_image_208_jpg.rf.370bbeb89a3a5af7d784e1fca3f6cdc9_Father Name.jpg,"SUBHASH KATTEHOLE GOVINDA
NAIR"
output/cropped_outputs/Father Name/bnw_image_017_jpg.rf.761ff75ce629cc91a7194b2a42eef1d0_Father Name.jpg,MD ATAUR RAHAMAN
output/cropped_outputs/Father Name/21_PAN_jpg.rf.a3ec8f2f2873ec6472707e4dbd45eddc_Father Name.jpg,SARDAR SINGH
output/cropped_outputs/Father Name/bc_image_034_jpg.rf.7f9042730850a65e9213266db85bc2c6_Father Name.jpg,SANJAY DUNDAPPA LOHAR
output/cropped_outputs/Father Name/laluram-kir-pan-card-_page-0001_jpg.rf.6df6a7e38fb378c05bb36ff1bd571786_Father Name.jpg,RAM CHANDRA KIR
output/cropped_outputs/Father Name/IMG-20240224-WA0011_jpg.rf.279b064fbe15c50bca5cd825c6e2a60e_Father Name.jpg,KANDASAMY
output/cropped_outputs/Father Name/PAN_Card_20240702_112851192_jpg.rf.2d2e52226c1edac23e175a28df8788f5_Father Name.jpg,MARIYAPPA
output/cropped_outputs/Father Name/01599646500012_jpg.rf.7ee602c2d9eda3fdacdd67973f60e5a2_Father Name.jpg,SIRAJUL ISLAM
output/cropped_outputs/Father Name/Sonia-PAN_jpeg.rf.90b660c2ba01f98c1b10609aea8b647b_Father Name.jpg,FARUKH QURESHI
output/cropped_outputs/Father Name/PAN_Card_20240702_112851192_jpg.rf.e197e2869e1ddff590d1dec5e3cf757a_Father Name.jpg,MARIYAPPA
output/cropped_outputs/Father Name/bc_image_167_jpg.rf.90d4d26c3e18c4bc8c0216872fa0dacd_Father Name.jpg,RAM PRASAD
output/cropped_outputs/Father Name/01133224110011_jpg.rf.dcbd66b5710038b17a87f1f28b79f8d0_Father Name.jpg,MACHARLA GOPALAKRISHNA
output/cropped_outputs/Father Name/bc_image_065_jpg.rf.a2625d84c0930544a5585977364bfb58_Father Name.jpg,MULA RAM
output/cropped_outputs/Father Name/01577335720011_jpg.rf.ce883f88ce6043d63d2bc4ae4ff7095c_Father Name.jpg,MD ATAUR RAHAMAN
output/cropped_outputs/Father Name/bc_image_148_jpg.rf.a055e551bf8e07ff7d45233b08846e98_Father Name.jpg,SHIVLALJI
output/cropped_outputs/Father Name/45_PAN_jpg.rf.f980c62f836979303e3cc0dde9578e8c_Father Name.jpg,CHINEYI LOHE
output/cropped_outputs/Father Name/01447616370011_jpg.rf.99e204600129d583d539dad72b1f4fcb_Father Name.jpg,BHAGWANRAO HANMANTRAO KAPURGE
output/cropped_outputs/Father Name/bnw_image_220_jpg.rf.0c9dfd1f7657798f1d4169f96499caee_Father Name.jpg,AAIDAN
output/cropped_outputs/Father Name/bc_image_146_jpg.rf.5f6f6c18ea561ef868b606dcb3b508ea_Father Name.jpg,BAJRANG LAL
output/cropped_outputs/Father Name/bc_image_204_jpg.rf.b4a93ac0995815e50c43a6938a5dcd9e_Father Name.jpg,MOHD IBRAHIM
output/cropped_outputs/Father Name/99_PAN_jpg.rf.06e40d1d1bfba48a0ece7292d8c5d0f3_Father Name.jpg,ASARAM NATHBHAJAN
output/cropped_outputs/Father Name/bnw_image_114_jpg.rf.5bbd2b9c6d52f3fba68a4e18fda7c71e_Father Name.jpg,LIMJI RAWAT
output/cropped_outputs/Father Name/bc_image_047_jpg.rf.022c38ca8675b53ef178d6a26f937621_Father Name.jpg,UTTAM MAITY
output/cropped_outputs/Father Name/YURAJ-PAN-CARD_page-0001_jpg.rf.92e171db6abc85e640aad844302bb147_Father Name.jpg,SHYAM SUNDAR MAHARSHI
output/cropped_outputs/Father Name/bnw_image_017_jpg.rf.29f922158134ad2d91448bb7fa33a473_Father Name.jpg,MD ATAUR RAHAMAN
output/cropped_outputs/Father Name/bc_image_122_jpg.rf.69d1e4be41471a0886784e544e679913_Father Name.jpg,RAMA JI SALVI
output/cropped_outputs/Father Name/bnw_image_202_jpg.rf.6b4785ab2444743cac4f09edda6a0374_Father Name.jpg,PYARE JAN
output/cropped_outputs/Father Name/bc_image_226_jpg.rf.d9ff1671a446aa5f7be6b8bbe910c8d3_Father Name.jpg,RAHAMAN ALI
output/cropped_outputs/Father Name/bnw_image_102_jpg.rf.ccb54e06b2419b9d6a11472a4752f783_Father Name.jpg,MOHAN JI
output/cropped_outputs/Father Name/bnw_image_015_jpg.rf.34d82fd44ee53265da028071aadc8905_Father Name.jpg,SARFUL HOQUE
output/cropped_outputs/Father Name/01341463450015_jpg.rf.e06d486329327c831328ef8d29484d02_Father Name.jpg,RAODHESHYAM PATIDAR
output/cropped_outputs/Father Name/bc_image_107_jpg.rf.d49bd6baa5e6ee8cdd70df933e335d74_Father Name.jpg,PREM JI PRAJAPAT
output/cropped_outputs/Father Name/bnw_image_133_jpg.rf.d028ed96728993c20efa430f8eea670e_Father Name.jpg,RAM CHANDRA KIR
output/cropped_outputs/Father Name/bc_image_184_jpg.rf.62a9e6d5793178a5ac2ae40868e04c01_Father Name.jpg,VIJAYSINH CHAUHAN
output/cropped_outputs/Father Name/bnw_image_158_jpg.rf.61c7d6ce492660d6ed556726ff308b08_Father Name.jpg,MOTI! RAM SUTHAR
output/cropped_outputs/Father Name/SUKUMAR-PAN_page-0001_jpg.rf.775b9e897941fa17836189e546357099_Father Name.jpg,SHANTI RAM BISHWASA
output/cropped_outputs/Father Name/6-Virendra-PAN_jpeg.rf.859df881d2efdabef21116f7d4898284_Father Name.jpg,CHHAGAN LAL JAIN
output/cropped_outputs/Father Name/PAN_Card_20240702_154034177_jpg.rf.9351d1d1fc751cc113c913307cb08389_Father Name.jpg,"SUBHASH KATTEHOLE GOVINDA
NAIR"
output/cropped_outputs/Father Name/01187739310014_jpg.rf.160213e29ba96d2b32bd8447eb4ef124_Father Name.jpg,SUBAL CHANDRA JANA
output/cropped_outputs/Father Name/bc_image_186_jpg.rf.278e1b52ef7941353dcb05a10eb38d70_Father Name.jpg,RAMAN LAL NINAMA
output/cropped_outputs/Father Name/bc_image_036_jpg.rf.a6240eb6d27a1d736a2789c327ff631c_Father Name.jpg,VINOD DEVIDAS SONAR
output/cropped_outputs/Father Name/bnw_image_211_jpg.rf.17191100ba910e26aafcbf89a6f699da_Father Name.jpg,SYED SALAR
output/cropped_outputs/Father Name/bnw_image_176_jpg.rf.c47598dd26bc645d80d91725a8e2ddc4_Father Name.jpg,PRABHULAL
output/cropped_outputs/Father Name/bnw_image_201_jpg.rf.e3894e92fb346be09b2ea4b5167381be_Father Name.jpg,BHUDESH
output/cropped_outputs/Father Name/Co-applicant-pan-adhar_page-0002_jpg.rf.2dbad4b5383c61541869a4c9fd17f9f1_Father Name.jpg,BHALCHANDRA DEVRAM JOSHI
output/cropped_outputs/Father Name/bnw_image_028_jpg.rf.97be3db924d4f937c4f8392ae0c53fc7_Father Name.jpg,ABHOY CHARAN BANERJEE
output/cropped_outputs/Father Name/bc_image_067_jpg.rf.6ed860cf7c8db512b4ac65aaba73b1bb_Father Name.jpg,ARJUN RAM
output/cropped_outputs/Father Name/Jetha-Ram-Pan-Card_jpeg.rf.e15750a69790baf1615eb59a4b0b206a_Father Name.jpg,KALU RAM
output/cropped_outputs/Father Name/bnw_image_269_jpg.rf.7a1266780fc65ae7349509ab3bf20be4_Father Name.jpg,SHYAM SUNDAR MAHARSHI
output/cropped_outputs/Father Name/Shahrukh-Pan_jpeg.rf.8bae278f7426680b6c650e5d8fc9428f_Father Name.jpg,SHABBIR KHAN PATHAN
output/cropped_outputs/Father Name/24_PAN_jpg.rf.11ee7536870e3254d3997d0112f93e61_Father Name.jpg,PYARELAL
output/cropped_outputs/Father Name/Sonia-PAN_jpeg.rf.70e5baf766f0ad49ddea6aa820c6829a_Father Name.jpg,FARUKH QURESHI
output/cropped_outputs/Father Name/bc_image_138_jpg.rf.7a753d9d5b382cdec0f58c4a30da4039_Father Name.jpg,HET RAM
output/cropped_outputs/Father Name/arjun-pan_jpeg.rf.f7d7fc18a286db07dc65b039f34805f4_Father Name.jpg,KHEMRAJ BENIWAL
output/cropped_outputs/Father Name/Sadrudeen-Pan-Card_page-0001_jpg.rf.2f00aa61b9b593e2a57c4595cad8bbcd_Father Name.jpg,SAFARUDEEN
output/cropped_outputs/Father Name/01214635550018_jpg.rf.36b71de4e254810124f15aef96ed3b09_Father Name.jpg,NAWAB NOOR MOHD KHAN
output/cropped_outputs/Father Name/bc_image_085_jpg.rf.99c2d6110778b26e79dc2311c013a33a_Father Name.jpg,KALU LAL
output/cropped_outputs/Father Name/CoApp-Pan-Card_jpeg.rf.1f48a14c7943b840f27c78221aac6978_Father Name.jpg,BABU LAL
output/cropped_outputs/Father Name/bnw_image_099_jpg.rf.edc72c6af14fa63e3f072069be829b0c_Father Name.jpg,RUPLAL YADAV
output/cropped_outputs/Father Name/bc_image_001_jpg.rf.e7f8d253258bade0a70b2bf0864c096d_Father Name.jpg,SALIM UDDIN SEKH
output/cropped_outputs/Father Name/bnw_image_026_jpg.rf.7ac2a15deb347d9ba2e5d773cf721723_Father Name.jpg,AMBUROSE
output/cropped_outputs/Father Name/PAN_Card_20240702_172120999_jpg.rf.f515945f866bfa19d8d530e01fa6aaf1_Father Name.jpg,GUDDAPPA
output/cropped_outputs/Father Name/bc_image_245_jpg.rf.ab496285094f5a1c42275b41e58521fa_Father Name.jpg,GALIYA
output/cropped_outputs/Father Name/01447616370011_jpg.rf.9bca9bff99780aede40db3295459fd12_Father Name.jpg,BHAGWANRAO HANMANTRAO KAPURGE
output/cropped_outputs/Father Name/bc_image_267_jpg.rf.14f91f88e93ef6af09930aeb113c1238_Father Name.jpg,KACHRU LAL.
output/cropped_outputs/Father Name/01231576410019_jpg.rf.2dc8204f907d66889806d59ad7e8c906_Father Name.jpg,ABDUL AZEEM ANSARI
output/cropped_outputs/Father Name/Pramila-PAN_jpeg.rf.b94f348f933d8d63128efdf6683da62b_Father Name.jpg,ARJUN PATEL
output/cropped_outputs/Father Name/bc_image_174_jpg.rf.3faeecb753be47e6b059221630f04517_Father Name.jpg,HARISH CHAND
output/cropped_outputs/Father Name/RINKU-PAN_page-0001_jpg.rf.6fe70ff03495ee8660ce893153d94e67_Father Name.jpg,DULAL MONDAL
output/cropped_outputs/Father Name/KHERU-NISA-PAN-CARD_page-0001_jpg.rf.929e49fe7e82b63647526824bb0671a8_Father Name.jpg,ABDUL RASHID
output/cropped_outputs/Father Name/bc_image_157_jpg.rf.9f326d7b70de1eb14182b401169e1cd7_Father Name.jpg,MANI LAL PANDYA
output/cropped_outputs/Father Name/92_jpg.rf.88c9024864420f2039ed39ef71cb72c4_Father Name.jpg,PAPAYYA NAIKER DORAI
output/cropped_outputs/Father Name/bc_image_252_jpg.rf.10714d945d7b97d6b81d42397ce3d4c5_Father Name.jpg,BHERU LAL
output/cropped_outputs/Father Name/bnw_image_028_jpg.rf.7fb47b97def5b547bd1fcde14271dc93_Father Name.jpg,ABHOY CHARAN BANERJEE
output/cropped_outputs/Father Name/7780308718_jpg.rf.4b5938c5e5cf1974e031752349f734ed_Father Name.jpg,SRINIVASA RAO SAMANTAPUDI
output/cropped_outputs/Father Name/Kamla_Pan_jpg.rf.cb0b895a8303f1c88c2846d343065fe2_Father Name.jpg,KACHU RAO
output/cropped_outputs/Father Name/35_PAN_jpg.rf.ec57a7da1beacad135ad84bf3c1c8212_Father Name.jpg,VINOD DEVIDAS SONAR
output/cropped_outputs/Father Name/My-new-pan-card-1-_page-0001_jpg.rf.c604f7cdbf4578f1b8b3bd5226b050c1_Father Name.jpg,LALA RAM
output/cropped_outputs/Father Name/bc_image_263_jpg.rf.ef083cecf8060b5f7b89292d7e15dcfe_Father Name.jpg,BHAGIRATH MAL NITHARWAL
output/cropped_outputs/Father Name/bc_image_222_jpg.rf.5d4b51009fb93311ec2e07970f60a616_Father Name.jpg,ARJUN PATEL
output/cropped_outputs/Father Name/20_PAN_jpg.rf.6861ba919eeeb03978099763979d82a4_Father Name.jpg,SANJAY DUNDAPPA LOHAR
output/cropped_outputs/Father Name/bc_image_007_jpg.rf.9887ed1e7e5372ef7cccd83c3a3af162_Father Name.jpg,SHIVAJI NIVRUTTI HANKARE
output/cropped_outputs/Father Name/bnw_image_018_jpg.rf.6e80e8ab4d87537d1aefb4db34ee162e_Father Name.jpg,JASBIR SINGH
output/cropped_outputs/Father Name/bnw_image_266_jpg.rf.a97b466b08343cbebfcb81ff632e0e7a_Father Name.jpg,PREM CHAND
output/cropped_outputs/Father Name/bc_image_150_jpg.rf.051e55410fe32a9fdef5a18f541f00ec_Father Name.jpg,GOVIND SINGH
output/cropped_outputs/Father Name/bc_image_036_jpg.rf.4fc54ac324895b6f30957380a7bbab6c_Father Name.jpg,VINOD DEVIDAS SONAR
output/cropped_outputs/Father Name/bc_image_099_jpg.rf.cd28127c051112a39adf7677d6f6479e_Father Name.jpg,RUPLAL YADAV
output/cropped_outputs/Father Name/01125713540016_jpg.rf.a636f49463ef723c7e7964ed2568ab12_Father Name.jpg,SUDAMA LAL
output/cropped_outputs/Father Name/manohar-pan_jpeg.rf.def478583a8d43cb994d2f0b754c731b_Father Name.jpg,MAHESH CHAND SHARMA
output/cropped_outputs/Father Name/bnw_image_059_jpg.rf.f943c86002edcfa982914857058e5833_Father Name.jpg,BHARAT PANCHAL
output/cropped_outputs/Father Name/PAN_raju-Joshi_page-0001_jpg.rf.b694bf3cb4e5f9363738dbdc55d6c87d_Father Name.jpg,BHALCHANDRA DEVRAM JOSHI
output/cropped_outputs/Father Name/bc_image_053_jpg.rf.35cd29eedcd4bcfaa52925b70fb3b236_Father Name.jpg,HEMRAJ JI
output/cropped_outputs/Father Name/bc_image_015_jpg.rf.ee7d1130d50ee56a76c30db102f7f38b_Father Name.jpg,SARFUL HOQUE
output/cropped_outputs/Father Name/bc_image_120_jpg.rf.d34727e5b279b3d7b7ec58c36663fc36_Father Name.jpg,HOMJI RAWAT
output/cropped_outputs/Father Name/Panna_Pan_jpg.rf.1cacbd400e9d170e4f465388dad104cb_Father Name.jpg,MANGI LAL GURJAR
output/cropped_outputs/Father Name/Shanta-Puri-PAN_page-0001_jpg.rf.0575d0fbbfbf43f1b649aef4911afd27_Father Name.jpg,MOHAN PURI
output/cropped_outputs/Father Name/01367165370017_jpg.rf.5f53dd4dcafff4a8b333df176d774352_Father Name.jpg,BHIMLAL DAS
output/cropped_outputs/Father Name/bnw_image_147_jpg.rf.44cf61be81e6a27666585ad4b5969cbf_Father Name.jpg,SHIVLALJI
output/cropped_outputs/Father Name/bc_image_145_jpg.rf.95f884f8b75764c65fb340a2ca02a5bc_Father Name.jpg,NANJI PRAJAPAT
output/cropped_outputs/Father Name/Manish-Pan_jpg.rf.ad2d40530f4720541a546a4393aa12b3_Father Name.jpg,BAJRANG LAL
output/cropped_outputs/Father Name/0721a014-imgtopdf_generated_2508201310016_page-29_jpg.rf.dd71f53892e144a0114ac951f67ac0f4_Father Name.jpg,NITYAGOPAL DAS
output/cropped_outputs/Father Name/bnw_image_071_jpg.rf.36fef01dc6dbc33d86ca462bf6030eff_Father Name.jpg,KALU RAM SAINI
output/cropped_outputs/Father Name/bnw_image_263_jpg.rf.dae0030464e24c5500ced3be3c020ad1_Father Name.jpg,BHAGIRATH MAL NITHARWAL
output/cropped_outputs/Father Name/bnw_image_153_jpg.rf.12726c297cbf36d0a59a5502e857f949_Father Name.jpg,GANGA SINGH
output/cropped_outputs/Father Name/bc_image_266_jpg.rf.99a62bb68febae9db6b70e0abfb0b396_Father Name.jpg,PREM CHAND
output/cropped_outputs/Father Name/bc_image_014_jpg.rf.6b90e75c6c07be26e67e94cf0610f356_Father Name.jpg,BHIMLAL DAS
output/cropped_outputs/Father Name/bc_image_057_jpg.rf.61423e7c081717d7638fdeff30e8e7e7_Father Name.jpg,LAVA VAJAH SINGH RAO
output/cropped_outputs/Father Name/Co-App-Guddi-Pan-Card_page-0001_jpg.rf.ba812b285d9e5e949e733802f73ea287_Father Name.jpg,RAMJIRAM
output/cropped_outputs/Father Name/bc_image_057_jpg.rf.a30b544e4de182e4bf8031aaa6063ce0_Father Name.jpg,LAVJI VAJAH SINGH RAO
output/cropped_outputs/Father Name/bnw_image_020_jpg.rf.8a443d41cd3ebb13a84606c03a4fc65e_Father Name.jpg,SHANKAR TATUBA KALASE
output/cropped_outputs/Father Name/bnw_image_157_jpg.rf.8ada07595aad4344de3b770ed37c1d23_Father Name.jpg,MANI LAL PANDYA
output/cropped_outputs/Father Name/bnw_image_089_jpg.rf.71b6e3727679d5c97ab9fe6035fef685_Father Name.jpg,BHALCHANDRA DEVRAM JOSHI
output/cropped_outputs/Father Name/9162825938_jpg.rf.b6d9acc0909eb9b9a8d835d53f6b74b6_Father Name.jpg,SHRAVAN KUMAR GIRI
output/cropped_outputs/Father Name/Sudhir-pan_jpeg.rf.42a21f12d7c75999360b4b6004ca75a4_Father Name.jpg,MAHAVIR PRASAD JAIN
output/cropped_outputs/Father Name/bc_image_240_jpg.rf.3df2adf3f56313c30f59eaf3367acc36_Father Name.jpg,DHUL SINGH RAJPUT
output/cropped_outputs/Father Name/61_PAN_jpg.rf.abb47a17026d04042c8753b2f83f7eb5_Father Name.jpg,SURAM CHANDER
output/cropped_outputs/Father Name/cba40b81-photo_4_2023-07-14_15-44-52_jpg.rf.f80cf6d1ae0c38b8dcec76ce3534da8a_Father Name.jpg,TAJAMUL HOQUE
output/cropped_outputs/Father Name/01213346260037_jpg.rf.57dd6f567cb00ae43905b7402863503a_Father Name.jpg,SHYAMLAL NAYAK 
output/cropped_outputs/Father Name/bnw_image_115_jpg.rf.6b61f51e83c43b2ab83e03aea10d24f2_Father Name.jpg,AMARA RAM
output/cropped_outputs/Father Name/Pan-card-of-Brajmohan_jpeg.rf.49d9134ef5693eb24a9acbdf63b428b3_Father Name.jpg,RAM PRASAD
output/cropped_outputs/Father Name/bc_image_037_jpg.rf.cb973cc0fe78fa164cf5f71067b114d6_Father Name.jpg,TULSIDAS VENKUSA JITURI
output/cropped_outputs/Father Name/bitthu-pan-card_jpeg.rf.f9f54efec541109e65f1c54f61a4b869_Father Name.jpg,JETHA RAM
output/cropped_outputs/Father Name/bnw_image_002_jpg.rf.2a8d91f8c00f2a60b6eff683e804e1ef_Father Name.jpg,RADHESHYAM
output/cropped_outputs/Father Name/bnw_image_040_jpg.rf.f5db15dc6d44b0bad10a6cb833005d41_Father Name.jpg,CHHAGAM LAL JAIN
output/cropped_outputs/Father Name/bc_image_184_jpg.rf.6e432ca94f5229ebf4e8f04a4756d80f_Father Name.jpg,VIJAYSINH CHAUHAN
output/cropped_outputs/Father Name/PAN-CARD-SUNIL_page-0001_jpg.rf.828f16b2ac4f5aa436fcf4f48902763a_Father Name.jpg,HARISH CHAND
output/cropped_outputs/Father Name/Pancard-Kusum_page-0001_jpg.rf.26ff10a2fac81eff9b15cfb5fcf810fc_Father Name.jpg,SUNDAR SINGH
output/cropped_outputs/Father Name/e007179a-58196aadc14229072fe70390_pan_jpg.rf.81d17ee15c0db20319f0cb0bffa1625f_Father Name.jpg,SHIVAKUMARA SWAMY
output/cropped_outputs/Father Name/bnw_image_138_jpg.rf.9c85bf95671aa9971ba2c6f60279b9dd_Father Name.jpg,HET RAM
output/cropped_outputs/Father Name/91_PAN_jpg.rf.1876f9ef9efcbf6983dae9d7de3bb8bc_Father Name.jpg,DUKMIYA PRASHAD PRAJAPATI
output/cropped_outputs/Father Name/Prem-PAN_jpg.rf.57d91751aeed2f82797e664debccf86e_Father Name.jpg,GULAB CHAND SAIN
output/cropped_outputs/Father Name/Ratan-PAN_jpg.rf.7a547cef7ff385b4c68ab79bb4049961_Father Name.jpg,MOTI LAL
output/cropped_outputs/Father Name/bc_image_104_jpg.rf.b7f519ff197d3b3b8a4c75946b103766_Father Name.jpg,TILOK RAM
output/cropped_outputs/Father Name/01261732310018_jpg.rf.b30a96a58c1c9403142f1d2bfebdfc61_Father Name.jpg,MEHER SK
output/cropped_outputs/Father Name/bnw_image_097_jpg.rf.13a7105174977e7cb077cc3219b3954f_Father Name.jpg,KANHAIYA LAL MEENA
output/cropped_outputs/Father Name/47_jpg.rf.41566b27c4a8133e63fb3ff2fcf77142_Father Name.jpg,TULSIDAS VENKUSA JITURI
output/cropped_outputs/Father Name/Pan-Sarsi_jpeg.rf.dafa2e590e7a63e0412b4fdc7d26e889_Father Name.jpg,DHUL SINGH
output/cropped_outputs/Father Name/01757741370010_jpg.rf.c68af07abd680f8b6a439aee1bac5465_Father Name.jpg,PRABHU MAHTO
output/cropped_outputs/Father Name/bnw_image_242_jpg.rf.55895857d0d710509de247562be6ab4c_Father Name.jpg,SAFARUDEEN
output/cropped_outputs/Father Name/bc_image_223_jpg.rf.2e2ea4eab57a570ebf8b5635f1d58b72_Father Name.jpg,MOGA PRAJAPAT
output/cropped_outputs/Father Name/bc_image_117_jpg.rf.e0a56a0fa925ec9256e3f47fa4734396_Father Name.jpg,KALU RAM
output/cropped_outputs/Father Name/01651626160011_jpg.rf.1adfca3c813061f0432f039a61a11fd2_Father Name.jpg,TILAKCHAND RAHANGDALE
output/cropped_outputs/Father Name/01335435330017_jpg.rf.aff1e0b0bf758fc1ef05726fb2e4f60e_Father Name.jpg,NANDLAL
output/cropped_outputs/Father Name/01251152230017_jpg.rf.24748f49f2c47bea67f667172b0909aa_Father Name.jpg,SURAT SINGH SAINI
output/cropped_outputs/Father Name/Mahendra-Pan-Card_page-0001_jpg.rf.ed91f3d8192b7fb8efb9b6568ef1bfaa_Father Name.jpg,SHYAMLAL
output/cropped_outputs/Father Name/bnw_image_170_jpg.rf.5da5ff583d88d971e1b943775eda2351_Father Name.jpg,PRABHU LAL
output/cropped_outputs/Father Name/Shahrukh-Pan_jpeg.rf.a5194976f1748cf692cdb3a9f6344391_Father Name.jpg,SHABBIR KHAN PATHAN
output/cropped_outputs/Father Name/hamji-rawat-pAn-card_page-0001_jpg.rf.08d283c69a657a373877ce43dd44f8f6_Father Name.jpg,LIMJI RAWAT
output/cropped_outputs/Father Name/bc_image_119_jpg.rf.41968c9ef488210316e9655567c5b532_Father Name.jpg,SITA RAM
output/cropped_outputs/Father Name/bnw_image_261_jpg.rf.aba8abb6af9ba05c16aeed16a32b6cb1_Father Name.jpg,SHANTI RAM BISHWASA
output/cropped_outputs/Father Name/PAN_Card_20240702_155249054_jpg.rf.ac26af6fa372b3f814b247d4aabc1296_Father Name.jpg,MOHAMMADAHUSSEN IMAMASAB NASU
output/cropped_outputs/Father Name/bnw_image_245_jpg.rf.475b650a6614e975424fa71e0dd8b0c5_Father Name.jpg,GALIYA
output/cropped_outputs/Father Name/bnw_image_157_jpg.rf.bbb2d02ef78006e3c11afcfa215c58e7_Father Name.jpg,MANI LAL PANDYA
output/cropped_outputs/Father Name/bc_image_101_jpg.rf.8a617ac2683911e593f299f2a3b943c8_Father Name.jpg,SOHAN LAL
output/cropped_outputs/Father Name/bc_image_040_jpg.rf.56fd5907b1c9a053099919902fea0c90_Father Name.jpg,CHHAGAN LAL JAIN
output/cropped_outputs/Father Name/bnw_image_073_jpg.rf.d07eb8150464ae453e2c6671198807a8_Father Name.jpg,PANNA LAL
output/cropped_outputs/Father Name/Manilal_pancard_page-0001_jpg.rf.403b118053d96897d37fea585878acad_Father Name.jpg,NANJI PRAJAPAT
output/cropped_outputs/Father Name/bnw_image_056_jpg.rf.58b77e66dbbc665123ea4e634ab11431_Father Name.jpg,RIDHA RAM
output/cropped_outputs/Father Name/bc_image_183_jpg.rf.013259b1d9515bd4fb8f710fc8b21abf_Father Name.jpg,IFTIKHAR HUSSAIN QURESHI
output/cropped_outputs/Father Name/PAN_Card_20240702_122454538_jpg.rf.a18e60eb4de8bb1d28ff37305ee0f6f4_Father Name.jpg,"VADLAMUDI RAJAGOPAL
GOVINDARAJULU"
output/cropped_outputs/Father Name/7_PAN_jpg.rf.c838c2557fc909f27096fb33851b5573_Father Name.jpg,CHHOTU RAM BAIRWA
output/cropped_outputs/Father Name/17_jpg.rf.1d82fa04d9f2e5a5ebd98f67bf2c4b0f_Father Name.jpg,GOBIND SAW
output/cropped_outputs/Father Name/PAN_Card_20240702_111912125_jpg.rf.c20bd2430d15149fdacc288feaaf41f2_Father Name.jpg,NAGARAJU
output/cropped_outputs/Father Name/bnw_image_024_jpg.rf.e38f38ab55cd03836ccc41f0e464739c_Father Name.jpg,MOHD UMAR
output/cropped_outputs/Father Name/1710411256572_jpg.rf.d47a497386ce4f27ec8e20de8cc3812e_Father Name.jpg,AMBUROSE
output/cropped_outputs/Father Name/94_PAN_jpg.rf.18df53810e3881e7ee76de0bc742d58f_Father Name.jpg,KRASHN KUMAR
output/cropped_outputs/Father Name/bc_image_083_jpg.rf.ebd999b897d3b916d097d8b8d8fa9d18_Father Name.jpg,KAPUR CHAND JAIN
output/cropped_outputs/Father Name/bnw_image_183_jpg.rf.4ca3e3a48f89fa858cc6a7d9701caae4_Father Name.jpg,IFTIKHAR HUSSAIN QURESHI
output/cropped_outputs/Father Name/bc_image_170_jpg.rf.4c44f8e2c81420ec0fe98f00d5686cf4_Father Name.jpg,PRABHU LAL
output/cropped_outputs/Father Name/bc_image_253_jpg.rf.8ecd878d0ba45722c600941df25a4e50_Father Name.jpg,MOHAN PURI
output/cropped_outputs/Father Name/bc_image_100_jpg.rf.17381cb1cade991c6c262e357d3bdd9e_Father Name.jpg,RUPLAL YADAV
output/cropped_outputs/Father Name/01353526370014_jpg.rf.4c76cb690467ea6a5f29d91830917c40_Father Name.jpg,RIKHI RAM YADU
output/cropped_outputs/Father Name/PAN_Card_20240702_145310923_jpg.rf.212ec641ead0769e642739ff295c1838_Father Name.jpg,LIMBAJI PAWAR
output/cropped_outputs/Father Name/IMG-20240224-WA0019_jpg.rf.a6e9803a98b1965f576a468dc6d16321_Father Name.jpg,SUNDARARJAN
output/cropped_outputs/Father Name/bnw_image_246_jpg.rf.8ba979b17a6bcc88da450735502dfbc6_Father Name.jpg,PRABHU SEN
output/cropped_outputs/Father Name/35_PAN_jpg.rf.b1ab408c67123c571a4f9737887c8418_Father Name.jpg,VINOD DEVIDAS SONAR
output/cropped_outputs/Father Name/bnw_image_071_jpg.rf.db773accc3816601f7a12053da9f16b7_Father Name.jpg,KALU RAM SAINI
output/cropped_outputs/Father Name/GatuLal_Pan-Copy_jpg.rf.e6a772b6572c3fe29b322d150c9c3970_Father Name.jpg,RUPLAL YADAV
output/cropped_outputs/Father Name/PAN_Card_20240701_193138329_jpg.rf.3fadd6112ac039c623dfffc8aa7c83e4_Father Name.jpg,VENKATESH
output/cropped_outputs/Father Name/bc_image_224_jpg.rf.dcd1a67b913f1580a89a1bce066d3da0_Father Name.jpg,GULAB CHAND SAIN
output/cropped_outputs/Father Name/01151242750019_jpg.rf.23828156f2bcb1b7fa49e8d98fd070f8_Father Name.jpg,SALIM UDDIN SEKH
output/cropped_outputs/Father Name/bnw_image_058_jpg.rf.c5c93b08a803a246425aeb40407a25e8_Father Name.jpg,RUPENG PATIDAR
output/cropped_outputs/Father Name/bnw_image_152_jpg.rf.409c2f4094f4a91a6046a44592d7bd58_Father Name.jpg,NAGJI
output/cropped_outputs/Father Name/bc_image_250_jpg.rf.1dd730608b92a801536c3794050fd918_Father Name.jpg,SHABBIR KHA
output/cropped_outputs/Father Name/gaurnator-pan-card_jpg.rf.a44c402a3d1abf5e750de92afcc7de94_Father Name.jpg,MOHAN JI
output/cropped_outputs/Father Name/Shabnam-pan_jpeg.rf.d9f31db613509d4e100b266a7b706bff_Father Name.jpg,SHABBIR KHA
output/cropped_outputs/Father Name/1699514054_jpg.rf.901a7f6d65811f12e710fd8246fe0827_Father Name.jpg,FIRST NAME MIDDLE NAME SURNAME
output/cropped_outputs/Father Name/bc_image_239_jpg.rf.7cf5ecc30d7042477c8bae0dc172a66a_Father Name.jpg,DULAL MONDAL
output/cropped_outputs/Father Name/Mogaji_PanCard_jpg.rf.11375c971e1db37c636cc7c205c4612e_Father Name.jpg,NAGJI
output/cropped_outputs/Father Name/Jitendra-Singh-Pan-Card_jpg.rf.62cdb916acff1883d1cc370180d7be15_Father Name.jpg,MOOL SINGH
output/cropped_outputs/Father Name/_pan_png.rf.85d0277f0d44e9edfe739b7703e7f0f3_Father Name.jpg,NARAYAN NAIK
output/cropped_outputs/Father Name/bc_image_133_jpg.rf.0ea3c82e6a3e3e0b0a2418d9c8741974_Father Name.jpg,RAM CHANDRA KIR
output/cropped_outputs/Father Name/01251136330013_jpg.rf.df60e09ac23d8c60545c293c87f02254_Father Name.jpg,SHAIKH RAFIQ SHAIKH ABDUL
output/cropped_outputs/Father Name/01776262270018_jpg.rf.a535819b9514bf6ae4ba099847ecdd40_Father Name.jpg,BISWANATH HALDER
output/cropped_outputs/Father Name/19_PAN_jpg.rf.480ac9e937db891aeff0bbd864fc559d_Father Name.jpg,ABHOY CHARAN BANERJEE
output/cropped_outputs/Father Name/97_jpg.rf.dfccf5461f3f534561e04d4367bfd2b7_Father Name.jpg,THEKKUMTHODATH GOPALAN BOSE
output/cropped_outputs/Father Name/bnw_image_199_jpg.rf.b3387666a9924afa04f8aaa88ad31408_Father Name.jpg,MANGI LAL GURJAR
output/cropped_outputs/Father Name/bnw_image_226_jpg.rf.55f0a44f6d5f961497baf39ec4fb813d_Father Name.jpg,RAHAMAN ALI
output/cropped_outputs/Father Name/bnw_image_224_jpg.rf.d1f50cf525f2db3a605d5fc91af00f05_Father Name.jpg,GULAB CHAND SAIN
output/cropped_outputs/Father Name/Nand-PAN_jpeg.rf.a99fcc91d4cc1b1772167453137d04c1_Father Name.jpg,BAL RENIWAL
output/cropped_outputs/Father Name/99_PAN_jpg.rf.8502048ea0653906f693790a3d7bdd09_Father Name.jpg,ASARAM NATHBHAJAN
output/cropped_outputs/Father Name/bc_image_151_jpg.rf.c092b0e889c6016910872d6994163b68_Father Name.jpg,RAM KISHAN
output/cropped_outputs/Father Name/bc_image_160_jpg.rf.705865ce9b5604964bd073381733e21c_Father Name.jpg,SUBHASG CHANDRA JAIN
output/cropped_outputs/Father Name/bc_image_078_jpg.rf.e954ff9793362c6bf6a60fd265ffcdb4_Father Name.jpg,NATHU RAM
output/cropped_outputs/Father Name/01111534630016_jpg.rf.ab979d98a3fe47dd3ecb7a40b87aa53b_Father Name.jpg,SARV DEV PATHAK
output/cropped_outputs/Father Name/Kanta-Pan-Card_jpg.rf.ced47211617588efc53914221ed74a5c_Father Name.jpg,JETHA RAM
output/cropped_outputs/Father Name/01263124150013_jpg.rf.77199293d54a32a528ec4d0e3a06dd6d_Father Name.jpg,SHOBHA KANT MISHRA
output/cropped_outputs/Father Name/bnw_image_185_jpg.rf.7356e671f4f3fa8eb4e4de130b1ecb0e_Father Name.jpg,DHUL SINGH
output/cropped_outputs/Father Name/bnw_image_132_jpg.rf.f07aa62e1db39c0ee851a253b2698fa6_Father Name.jpg,UMA RAM
output/cropped_outputs/Father Name/bc_image_032_jpg.rf.dcb49aebb0ab32f271cf79ab86adfd95_Father Name.jpg,SARDAR SINGH
output/cropped_outputs/Father Name/pan3_png.rf.60a40998408d60afb954fd6da029ac72_Father Name.jpg,RAJENDER
output/cropped_outputs/Father Name/bnw_image_190_jpg.rf.762a0de4bcf4ee0fb197801ccb086bdf_Father Name.jpg,SUNDAR SINGH
output/cropped_outputs/Father Name/PAN-BALRAM_jpg.rf.4d868c1ed015cb6366c4d0c6a501b828_Father Name.jpg,KALU RAM ACHARYA
output/cropped_outputs/Father Name/63_PAN_jpg.rf.972a97e0ee3a020c1cc996de3450c2ae_Father Name.jpg,PRAKASH BHIVA GARATE
output/cropped_outputs/Father Name/bc_image_206_jpg.rf.9aac2084c5d629fac1c8733450feb202_Father Name.jpg,NAGARAJU
output/cropped_outputs/Father Name/Samuti-PAN_jpeg.rf.db52b383f5d6fb21ef289b93433706ef_Father Name.jpg,GALIYA
output/cropped_outputs/Father Name/23_jpg.rf.c1872600a4d17e44f2adc46b8e74362b_Father Name.jpg,RAHIMULLAH MOHAMMED
output/cropped_outputs/Father Name/bnw_image_112_jpg.rf.255f8f0c483ed959e40aee455d286387_Father Name.jpg,RAMESH GARG
output/cropped_outputs/Father Name/PAN-Card_jpg.rf.ab7bcdeda865c76a628820bf3eceae54_Father Name.jpg,FIRST NAME MIDDLE NAME SURNAME
output/cropped_outputs/Father Name/bc_image_233_jpg.rf.aabe141b0f130439c94766eb18c089b7_Father Name.jpg,MAHENDRA
output/cropped_outputs/Father Name/bnw_image_101_jpg.rf.259c9cb59158fd3776a95f5caf171e75_Father Name.jpg,SOHAN LAL
output/cropped_outputs/Father Name/vithal-pan_jpeg.rf.61a1f0c8535f676715ecde55f9cd8f77_Father Name.jpg,KACHRU LAL
output/cropped_outputs/Father Name/bnw_image_141_jpg.rf.edeafaa9d5f6c3ebb444d7cd49f891f9_Father Name.jpg,VIUAY PRASAD VYAS
output/cropped_outputs/Father Name/01725443260010_jpg.rf.e3118f041f4695aa2169496bafaba1a0_Father Name.jpg,JASBIR SINGH
output/cropped_outputs/Father Name/bc_image_050_jpg.rf.b2cfb32de3f1e5d119907a582204035d_Father Name.jpg,PAPAYYA NAIKER DORAI
output/cropped_outputs/Father Name/PAN_Card_20240702_180812051_jpg.rf.4c2e2dbce7a66283bffd89f1d20e0b8a_Father Name.jpg,SYED SALAR
output/cropped_outputs/Father Name/bc_image_231_jpg.rf.21fb3c8b5a86c8c02f92a77e0cf01f4f_Father Name.jpg,BABU KHAN
output/cropped_outputs/Father Name/bnw_image_177_jpg.rf.ccca0de61721283b4d7065587aa7612f_Father Name.jpg,BADRI PRASAD
output/cropped_outputs/Father Name/bnw_image_037_jpg.rf.3ff6a1f4f73be432bf5e6bf94f7dc7ce_Father Name.jpg,TULSIDAS VENKUSA JITURI
output/cropped_outputs/Father Name/bc_image_264_jpg.rf.a66df655012ab1eed1e45df2b7c58bc6_Father Name.jpg,REWANT RAM
output/cropped_outputs/Father Name/bnw_image_185_jpg.rf.72bfacd9606c71a420eb39208cd88784_Father Name.jpg,DHUL SINGH
output/cropped_outputs/Father Name/bc_image_211_jpg.rf.38925b8fe3b3053a93ab4b2c078a2d0e_Father Name.jpg,SYED SALAR
output/cropped_outputs/Father Name/durga-bai-pancard_page-0001_jpg.rf.9c85cb408e54026a52b8e9747ce0415a_Father Name.jpg,DHANNA DANGI
output/cropped_outputs/Father Name/bnw_image_242_jpg.rf.7ee57634e6a74c16bf24b608df98498a_Father Name.jpg,SAFARUDEEN
output/cropped_outputs/Father Name/bc_image_076_jpg.rf.5ce69010d709ae1b7fe1596745dc46c2_Father Name.jpg,KALURAM SAMOTA
output/cropped_outputs/Father Name/bc_image_144_jpg.rf.708b74e1fbed53c9c4c5abc57d2e18dd_Father Name.jpg,ROOPA RAM
output/cropped_outputs/Father Name/bnw_image_159_jpg.rf.bf6b0f019a9652ac51272f7cf3c2fb5a_Father Name.jpg,RADHESHYAM MEENA
output/cropped_outputs/Father Name/bnw_image_081_jpg.rf.f2d8ce1a0ff843290b5b5c8aae36e348_Father Name.jpg,NANURAM
output/cropped_outputs/Father Name/01338208270013_jpg.rf.4f66dc0942149328b234cfe54b1d75bf_Father Name.jpg,JAGDISH PATIDAR
output/cropped_outputs/Father Name/bnw_image_029_jpg.rf.739cec9df829510c9579ef6295b35431_Father Name.jpg,RAMESH SAHANI
output/cropped_outputs/Father Name/bc_image_066_jpg.rf.cb1f3032ae4edb3a1795a64f24ec3611_Father Name.jpg,SOIKEEN
output/cropped_outputs/Father Name/prem-singh-aadar-pan-_page-0007_jpg.rf.5d2e1b7fbaeef97cd6c4887c426258d5_Father Name.jpg,RAM CHANDRA MEENA
output/cropped_outputs/Father Name/bc_image_074_jpg.rf.0aeb5b7b5d9da5d69650e5eeb2491222_Father Name.jpg,PANNA LAL
output/cropped_outputs/Father Name/70_PAN_jpg.rf.76447ebaf8eac0a4d8e111872d5ad70b_Father Name.jpg,AL MOHAMED GHOUSE
output/cropped_outputs/Father Name/Pan-Sarsi_jpeg.rf.99a298c2712ff1fe97f4b3a2fb416d9b_Father Name.jpg,DHUL SINGH
output/cropped_outputs/Father Name/97_PAN_jpg.rf.fe4373d2556b7f26d3684af9669de105_Father Name.jpg,THEKKUMTHODATH GOPALAN BOSE
output/cropped_outputs/Father Name/bc_image_020_jpg.rf.d12c1777b59fae6e76f2b8a6adb7f43d_Father Name.jpg,SHANKAR TATUBA KALASE
output/cropped_outputs/Father Name/17_jpg.rf.3b021c55ea642b6cc8280f5fc94ca55e_Father Name.jpg,GOBIND SAW
output/cropped_outputs/Father Name/bc_image_260_jpg.rf.6fcfdb45b5e9b3c3ef571b30e7116c16_Father Name.jpg,MAHAVIR PRASAD JAIN
output/cropped_outputs/Father Name/bc_image_091_jpg.rf.d75aa7b723c8c789797fb3bb70311990_Father Name.jpg,LIKHMA RAM
output/cropped_outputs/Father Name/bc_image_152_jpg.rf.de12067235f550c7ff43d0caf480b721_Father Name.jpg,NAGJI
output/cropped_outputs/Father Name/21_PAN_jpg.rf.c395f05a328f26b92f60cc3b6f4de31e_Father Name.jpg,SARDAR SINGH
output/cropped_outputs/Father Name/01244621130012_jpg.rf.3a20a339712c0068d5b95526e089c687_Father Name.jpg,SUSHILAL SHIL
output/cropped_outputs/Father Name/bc_image_142_jpg.rf.499e9f1463ad17bab4f2bd0ef355373a_Father Name.jpg,BHAGWAN JI YADAV
output/cropped_outputs/Father Name/bnw_image_220_jpg.rf.22abb93c2f4bc8c989863f4661d192e7_Father Name.jpg,AAIDAN
output/cropped_outputs/Father Name/bnw_image_184_jpg.rf.3b44a7b1f421f8087c03c1b39a8dbdd6_Father Name.jpg,VIJAYSINH CHAUHAN
output/cropped_outputs/Father Name/Balkishan-gahlot-GTR-Pan_jpg.rf.a30265f7f7fd8fdebbd8ee7b441b6117_Father Name.jpg,BHOMA RAM GAHLOT
output/cropped_outputs/Father Name/e007179a-58196aadc14229072fe70390_pan_jpg.rf.dd16edd3f67df103f9d7903436ff345e_Father Name.jpg,SHIVAKUMARA SWAMY
output/cropped_outputs/Father Name/Ganesh-PAN_jpeg.rf.6af8e2dab91df5bba668cca2011f1dbc_Father Name.jpg,KANHAIYA LAL MEENA
output/cropped_outputs/Father Name/PAN-Deepak-Swami_page-0001_jpg.rf.e26481057b4bee0fbb2d02961e16d566_Father Name.jpg,CHAND RATAN SWAMI
output/cropped_outputs/Father Name/MAYA-PAN_page-0001_jpg.rf.bd4842f1642cfaf6e23e673144229fca_Father Name.jpg,RAM KISHAN
output/cropped_outputs/Father Name/App-Arjun-Ram-Pan-Card_page-0001_jpg.rf.c382749938634f6e16cbf2f415fc6598_Father Name.jpg,MULA RAM
output/cropped_outputs/Father Name/Antu-Kanwar-Pan-Card_page-0001_jpg.rf.25bb4272afdb453e42ee0dc7620a30a0_Father Name.jpg,NARPAT SINGH
output/cropped_outputs/Father Name/bnw_image_174_jpg.rf.5046df0be9ae14e6e2b28e395a23fb39_Father Name.jpg,HARISH CHAND
output/cropped_outputs/Father Name/01251152230017_jpg.rf.a94c59227e2018b8ccb87a824a7a3fd0_Father Name.jpg,SURAT SINGH SAINI
output/cropped_outputs/Father Name/bnw_image_133_jpg.rf.d9eec1a4c4704488e04dfdb21206df4f_Father Name.jpg,RAM CHANDRA KIR
output/cropped_outputs/Father Name/bnw_image_267_jpg.rf.3806c7bc64603b18343fc567aca3555d_Father Name.jpg,KACHRU LAL
output/cropped_outputs/Father Name/01215317330013_jpg.rf.7e447e803d4d2a89694188e5f23e2c40_Father Name.jpg,KISHORI LAL
output/cropped_outputs/Father Name/01353526370014_jpg.rf.9d2912901aade87c2d58e13cec44421e_Father Name.jpg,RIKHI RAM YADU
output/cropped_outputs/Father Name/01577335720011_jpg.rf.ee5db52dd037edb04a8679c23147c352_Father Name.jpg,MD ATAUR RAHAMAN
output/cropped_outputs/Father Name/bc_image_053_jpg.rf.001028d9b7a83b003fb9393dd5772ddc_Father Name.jpg,HEM RAJ JI
output/cropped_outputs/Father Name/bc_image_026_jpg.rf.721e2779d41bee6277071f04c1d44979_Father Name.jpg,AMBUROSE
output/cropped_outputs/Father Name/pushpa-devi-pan-card_page-0001_jpg.rf.a0a8027089e3b08e6203ed2689fb834d_Father Name.jpg,PANCHU SINGH
output/cropped_outputs/Father Name/bnw_image_117_jpg.rf.4d947c0d0778be6f613480c592ebeec5_Father Name.jpg,KALU RAM
output/cropped_outputs/Father Name/Leru-Puri-PAN_page-0001_jpg.rf.dd483659b690dd36d240a94940410aac_Father Name.jpg,ASU PURI
output/cropped_outputs/Father Name/53_PAN_jpg.rf.b6c8e2b6a63235290955d724d253167b_Father Name.jpg,SURENDRA SINGH
output/cropped_outputs/Father Name/bc_image_013_jpg.rf.9968e3f5ddfc74da59707350223053ac_Father Name.jpg,SHISHPAL SINGH
output/cropped_outputs/Father Name/PAN_Card_20240701_155540542_jpg.rf.6ee98295b74bb853ddc1510e3cce924d_Father Name.jpg,ABDUL MUBARAK
output/cropped_outputs/Father Name/App_-Anandaraj-Pan-Card-1-_page-0001_jpg.rf.546cd53bb3078101ed10e04e61ec3849_Father Name.jpg,ARJUN RAM
output/cropped_outputs/Father Name/bc_image_015_jpg.rf.00765554437b51047853e2371e604b77_Father Name.jpg,SARFUL HOQUE
output/cropped_outputs/Father Name/bnw_image_237_jpg.rf.71e870c3774d0b2fd393dd7397145dd9_Father Name.jpg,MOTI LAL
output/cropped_outputs/Father Name/bc_image_185_jpg.rf.15923139a63d2f6f5121b5df6da62907_Father Name.jpg,DHUL SINGH
output/cropped_outputs/Father Name/35_jpg.rf.1c51fea7119994c9f9c7220b11054afc_Father Name.jpg,VINOD DEVIDAS SONAR
output/cropped_outputs/Father Name/PAN_Card_20240702_191406532_jpg.rf.a8db8706b61db0c8ffc4f2b7b2cc1cda_Father Name.jpg,MD BABU MIYAN
output/cropped_outputs/Father Name/Gopal-ji-pan-card_page-0001_jpg.rf.ccee84a52ced3ddf24c87b2046582615_Father Name.jpg,GOPAL SINGH
output/cropped_outputs/Father Name/bc_image_212_jpg.rf.f3d32af4a30fdeb7aa50eceb005ba376_Father Name.jpg,MD BABU MIYAN
output/cropped_outputs/Father Name/bc_image_200_jpg.rf.ee598dd00a1fe8dd38cd5eaaaf86477e_Father Name.jpg,RAHIMA
output/cropped_outputs/Father Name/bnw_image_216_jpg.rf.61cc81f95764ce80e89b000bc359c2de_Father Name.jpg,BABULAL SAINI
output/cropped_outputs/Father Name/25_png.rf.26205bed4d02403ad0168761ebbca6b6_Father Name.jpg,SANJAY DUNDAPPA LOHAR
output/cropped_outputs/Father Name/bc_image_130_jpg.rf.f2cf9f2b135b836f3180461c92cc9b35_Father Name.jpg,ABDUL RASHID
output/cropped_outputs/Father Name/bc_image_266_jpg.rf.9096b9eb3d1b34b441296ac8c277c4ff_Father Name.jpg,PREM CHAND
output/cropped_outputs/Father Name/bnw_image_082_jpg.rf.42f29bd4e9b203e216845803009a47c9_Father Name.jpg,JETHA RAM
output/cropped_outputs/Father Name/bc_image_166_jpg.rf.9f61593e69920636c18f69fa9544b62d_Father Name.jpg,DHARMPAL SINGH
output/cropped_outputs/Father Name/bnw_image_151_jpg.rf.146d325af2bc9a04e0172be5823a6a33_Father Name.jpg,RAM KISHAN
output/cropped_outputs/Father Name/PAN_Card_20240702_191406532_jpg.rf.1ca23bfd4f77446f18196642c3b5b284_Father Name.jpg,MD BABU MIYAN
output/cropped_outputs/Father Name/e007179a-58196aadc14229072fe70390_pan_jpg.rf.433194e76be515aaed359f531aae0a3c_Father Name.jpg,SHIVAKUMARA SWAMY
output/cropped_outputs/Father Name/bc_image_220_jpg.rf.862223a4ffd6104afdf88af2190a07ce_Father Name.jpg,AAIDAN
output/cropped_outputs/Father Name/Rajendra-Singh-PAN_page-0001_jpg.rf.b43f391d9889b0749b11d945935d6e32_Father Name.jpg,RATAN SINGH SOLANKI
output/cropped_outputs/Father Name/bnw_image_207_jpg.rf.17baab421c6857920142a47f592cab93_Father Name.jpg,KENCHAVEERAPPA
output/cropped_outputs/Father Name/01213346260037_jpg.rf.e1a846ed4b7022a981eab5a4eebba11e_Father Name.jpg,SHYAMLAL NAYAK 
output/cropped_outputs/Father Name/Chandrakanta_PanCard_jpg.rf.f0eecbb0fe6acd9e5f46aafc04deeb42_Father Name.jpg,KAPUR CHAND JAIN
output/cropped_outputs/Father Name/01263124150013_jpg.rf.80f66e666b702b47e549d52e5c3d0764_Father Name.jpg,SHOBHA KANT MISHRA
output/cropped_outputs/Father Name/bc_image_214_jpg.rf.61d878f6d5fe048761085fda7e28ba96_Father Name.jpg,BHALCHANDRA DEVRAM JOSHI
output/cropped_outputs/Father Name/Co-applicant-pan-adhar_page-0004_jpg.rf.4380cc3f28c1bccc15b1d9c446d122bd_Father Name.jpg,RAJENDRA BHALCHANDRA JOSHI
output/cropped_outputs/Father Name/bc_image_110_jpg.rf.d39d41892213e1b7736ff3eacf143e0b_Father Name.jpg,CHANGANLAL MEGHAJI GURJAR
output/cropped_outputs/Father Name/bnw_image_189_jpg.rf.42a8748d1d0f72be08879fe1b12f719c_Father Name.jpg,RAJENDER
output/cropped_outputs/Father Name/01274722210012_jpg.rf.8d7833bd91a29c12b13e22f8ff67b1ca_Father Name.jpg,SHISHPAL SINGH
output/cropped_outputs/Father Name/01251136330013_jpg.rf.d11619de0c84a5c6944b2f81bd7b006b_Father Name.jpg,SHAIKH RAFIQ SHAIKH ABDUL
output/cropped_outputs/Father Name/bc_image_034_jpg.rf.e87868da4ae3709c9fcef60cfcf7b518_Father Name.jpg,SANJAY DUNDAPPA LOHAR
output/cropped_outputs/Father Name/bc_image_233_jpg.rf.9b1140e633ff01a81d30fd33d5e7b6e1_Father Name.jpg,MAHENDRA
output/cropped_outputs/Father Name/PAN_Card_20240701_191623713_jpg.rf.4ce4b322cae01d173bfb8b420d4a1c43_Father Name.jpg,DODDEERAPPA DEVARAJ
output/cropped_outputs/Father Name/bnw_image_229_jpg.rf.9e87f8b4117990617696ed6f6426c565_Father Name.jpg,RAMSAHAY OJHA
output/cropped_outputs/Father Name/bc_image_078_jpg.rf.92490755dc24f7b8182be3eb4dc44ca5_Father Name.jpg,NATHU RAM
output/cropped_outputs/Father Name/bnw_image_238_jpg.rf.481afc9f6a5b0aec056969a88eae7796_Father Name.jpg,DHUDA RAM
output/cropped_outputs/Father Name/bc_image_010_jpg.rf.0b2db614e617a7f8dd9e68b52e48b73e_Father Name.jpg,SURAT SINGH SAINI
output/cropped_outputs/Father Name/bc_image_232_jpg.rf.1903ac5cdfdd1f92b0f79ec381839d01_Father Name.jpg,RATAN SINGH SOLANKI
output/cropped_outputs/Father Name/bc_image_130_jpg.rf.bd658072e9ad693e5efc423734658147_Father Name.jpg,ABDUL RASHID
output/cropped_outputs/Father Name/bnw_image_206_jpg.rf.db64538d57a6cf38c97e9d15983ada8a_Father Name.jpg,NAGARAJU
output/cropped_outputs/Father Name/pinki-pan_jpeg.rf.af3385fbe5361557574d6b97d5b3ca93_Father Name.jpg,BABULAL SHARMA
output/cropped_outputs/Father Name/bc_image_154_jpg.rf.157b1c97f9d5b2d747a6dddf8dd55508_Father Name.jpg,SAMPAT LAL SEN
output/cropped_outputs/Father Name/image19_jpeg.rf.2b8accd940998c213f6ffacc8bab1733_Father Name.jpg,MANZOOR HASAN ANSARI
output/cropped_outputs/Father Name/bc_image_204_jpg.rf.6f0dcb51d308ef808b9ed159a767c144_Father Name.jpg,MOHD IBRAHIM
output/cropped_outputs/Father Name/bc_image_116_jpg.rf.c67cf136e2a875b347f546f0245ea8ff_Father Name.jpg,MOHAN PURI
output/cropped_outputs/Father Name/vithal-pan_jpeg.rf.efd01808a38b3075f68a7d093840a85a_Father Name.jpg,KACHRU LAL
output/cropped_outputs/Father Name/Ratan-PAN_jpg.rf.38392fcc618817159a615a4eeaae1aae_Father Name.jpg,MOTI LAL
output/cropped_outputs/Father Name/bc_image_085_jpg.rf.4f3c7c641e88cba7060dba3d1c9c3a22_Father Name.jpg,KALU LAL
output/cropped_outputs/Father Name/7_PAN_jpg.rf.e9f6f8ef4a32a02b4cf0fd5237715896_Father Name.jpg,CHHOTU RMA BAIRWA
output/cropped_outputs/Father Name/bnw_image_102_jpg.rf.65f7334b6a8eb707683a46474e2d4418_Father Name.jpg,MOHAN JI
output/cropped_outputs/Father Name/bnw_image_047_jpg.rf.1d789d90ce8389ec27ff0fefc0efbc47_Father Name.jpg,UTTAM MAITY
output/cropped_outputs/Father Name/bc_image_253_jpg.rf.6d2a727bf0958193f72b29c5214745d6_Father Name.jpg,MOHAN PURI
output/cropped_outputs/Father Name/01173574530010_pan_png.rf.0e7d64c33c02ce9e00790ec6fd270ca9_Father Name.jpg,RADHESHYAM
output/cropped_outputs/Father Name/bnw_image_110_jpg.rf.bd03a0c661b430d39b340b5d62bc3a92_Father Name.jpg,"CHANGANLAL 
MEGHAJI GURJAR"
output/cropped_outputs/Father Name/01776262270018_jpg.rf.698d987845f73debdbce1214c4ea115b_Father Name.jpg,BISWANATH HALDER
output/cropped_outputs/Father Name/bc_image_219_jpg.rf.5a9405e9be21ea64f3ae300574d3a82b_Father Name.jpg,PRABHULAL
output/cropped_outputs/Father Name/bnw_image_093_jpg.rf.772e2e9a81df2dde37cdabd8b7748624_Father Name.jpg,BHANWAR LAL
output/cropped_outputs/Father Name/12_PAN_jpg.rf.08708e9e9276e2265bc3fa71edd0c163_Father Name.jpg,DUKHIYA PRASHAD PRAJAPATI
output/cropped_outputs/Father Name/Dilip-PAN_jpeg.rf.13657b86646027a981ebd19dae599f91_Father Name.jpg,HOMAJI RAWAT
output/cropped_outputs/Father Name/Chandrakanta_PanCard_jpg.rf.b639535fe9aeeb676893da2c8a554c21_Father Name.jpg,KAPUR CHAND JAIN
output/cropped_outputs/Father Name/01212725670019_jpg.rf.5afd7bd8bd80f6bdd98137987838dbf7_Father Name.jpg,ABDUL RAHMAN KUMAR
output/cropped_outputs/Father Name/bnw_image_199_jpg.rf.cfe1b815fd8e20f30cafaf788117e119_Father Name.jpg,MANGI LAL GURJAR
output/cropped_outputs/Father Name/jetha-ram-panc_jpeg.rf.d171d6db87e23516cbb79f815bfceee5_Father Name.jpg,KALU RAM
output/cropped_outputs/Father Name/Kalu-Lal-Salvi-PAN_page-0001-1-_jpg.rf.7d44009a9f28d6813cd4d80c19919e25_Father Name.jpg,RAMA JI SLAVI
output/cropped_outputs/Father Name/Shabbir-Pan_jpeg.rf.c492808101ccf9b1ad25d4199427f5e0_Father Name.jpg,SHABAS KHAN
output/cropped_outputs/Father Name/Anjana-PAN_jpeg.rf.6685624a51113287f454a8378cb50e56_Father Name.jpg,RUPENG PATIDAR
output/cropped_outputs/Father Name/PAN_Card_20240701_203515260_jpg.rf.8ea36f7ba28091256617d922698db716_Father Name.jpg,MOHD IBRAHIM
output/cropped_outputs/Father Name/prabhu-lal-pan_jpeg.rf.08dba5e297c67f0e58d398a278b41c96_Father Name.jpg,DEVILAL
output/cropped_outputs/Father Name/Narendra-Ji-PAN-Card_jpeg.rf.421fa14356b93eeaeb7b3cc708053c96_Father Name.jpg,MANI LAL PANDYA
output/cropped_outputs/Father Name/bc_image_249_jpg.rf.0a821dfb6f66d595aeb6b8b2454606b6_Father Name.jpg,SHABAS KHAN
output/cropped_outputs/Father Name/bc_image_260_jpg.rf.08b740d4b88c230081b21318a4b4f39c_Father Name.jpg,MAHAVIR PRASAD JAIN
output/cropped_outputs/Father Name/bnw_image_084_jpg.rf.35773c47d6a3e997698fdffdc3c91bec_Father Name.jpg,PRAKASH CHANDRA JAIN
output/cropped_outputs/Father Name/bc_image_075_jpg.rf.02a57190d4fd80483c70abf4fc7ba0fe_Father Name.jpg,BHOMA RAM GAHLOT
output/cropped_outputs/Father Name/bc_image_206_jpg.rf.32a97447608ce6b71670a6d1597fdd85_Father Name.jpg,NAGARAJU
output/cropped_outputs/Father Name/PAN_Card_20240702_173020584_jpg.rf.cc9816ea8ac2fa2b42175497ee2aa0bf_Father Name.jpg,GOPALA
output/cropped_outputs/Father Name/bnw_image_128_jpg.rf.7a066ba2df1e66994f1a770fcd092b74_Father Name.jpg,JETHA RAM
output/cropped_outputs/Father Name/bc_image_062_jpg.rf.5995dfb93204e05ac4e2df68f19292ce_Father Name.jpg,BHARAT PANCHAL
output/cropped_outputs/Father Name/Manish-Pan_jpg.rf.d9d1054580d6a30292571114d6d15d3c_Father Name.jpg,BAJRANG LAL
output/cropped_outputs/Father Name/bc_image_171_jpg.rf.03fc98b6dbc898c7ebb0d74c4bf26a15_Father Name.jpg,KUMBHARAM
output/cropped_outputs/Father Name/PAN_Card_20240702_172120999_jpg.rf.159ab402326cc654a77dd3c4b22e70cb_Father Name.jpg,GUDDAPPA
output/cropped_outputs/Father Name/bc_image_112_jpg.rf.27708cfd6ab63c09d0c12fe9a91e0301_Father Name.jpg,RAMESH GARG
output/cropped_outputs/Father Name/sohan-lal-pan-card_page-0001_jpg.rf.c7da6b31851c4471abfc6f04197dd2c2_Father Name.jpg,BUDHA RAM HARIJAN
output/cropped_outputs/Father Name/bc_image_135_jpg.rf.90f2e39baa44cc1b42b283f666bed3fe_Father Name.jpg,ASU PURI
output/cropped_outputs/Father Name/bc_image_019_jpg.rf.f3eccf531499a232c6aec7672fe817a6_Father Name.jpg,VIRENDRA KUMAR
output/cropped_outputs/Father Name/chotu-lal-PAN_page-0001-1-_jpg.rf.ff6b4ba04f20f65bee60d99f78516cf5_Father Name.jpg,KALU LAL
output/cropped_outputs/Father Name/bc_image_049_jpg.rf.161e6d0d74bd9ac8952e33ebe5aa341c_Father Name.jpg,SHRAVAN KUMAR GIRI
output/cropped_outputs/Father Name/9304191128_jpg.rf.9c9b13dc0af61759006ffb336cfb2ba4_Father Name.jpg,DEV NARAYAN MEHTA
output/cropped_outputs/Father Name/PAN_Card_20240702_180812051_jpg.rf.180618471e4ca775c2c141607e587632_Father Name.jpg,SYED SALAR
output/cropped_outputs/Father Name/bnw_image_145_jpg.rf.9f9408eff3ee42912358ce28071f6c05_Father Name.jpg,NANJI PRAJAPAT
output/cropped_outputs/Father Name/Ashif-PAN_jpeg.rf.58255f85c3e78baab573221047d2a2ae_Father Name.jpg,BABUDDIN QURESHI
output/cropped_outputs/Father Name/14_PAN_jpg.rf.d3adef9a7d28606bb4e3e7da5e1040ea_Father Name.jpg,FIRST NAME MIDDLE NAME SURNAME
output/cropped_outputs/Father Name/bnw_image_029_jpg.rf.da115a4e563dcb1249bc4a61b348c67f_Father Name.jpg,RAMESH SAHANI
output/cropped_outputs/Father Name/bnw_image_184_jpg.rf.da109c4db06137b59b6355dde16a4d9b_Father Name.jpg,VIJAYSINH CHAUHAN
output/cropped_outputs/Father Name/bc_image_094_jpg.rf.e722a6727ed4a2d5a4894559eabcfb5b_Father Name.jpg,HOMAJI RAWAT
output/cropped_outputs/Father Name/bc_image_205_jpg.rf.1d525fc664f257268862afae02952f7d_Father Name.jpg,MALLINATH GURUBASAPPA UDAG
output/cropped_outputs/Father Name/21_PAN_jpg.rf.ba21318d4315d3eabcc66a4b4896593c_Father Name.jpg,SARDAR SINGH
output/cropped_outputs/Father Name/Ghanshyam-PAN-ADHAR_page-0003_jpg.rf.219eb2d6ff74a7ae45933c7db6f3da42_Father Name.jpg,RAMCHANDRA VISHNOI
output/cropped_outputs/Father Name/bc_image_046_jpg.rf.6a7cdf6d4e842939047f74699dd161dd_Father Name.jpg,CHHOTU RAM BAIRWA
output/cropped_outputs/Father Name/bc_image_215_jpg.rf.0c074640be1cae3d60f9d51129e2e538_Father Name.jpg,JALAM SINGH
output/cropped_outputs/Father Name/bnw_image_120_jpg.rf.da731955f6907cb24f32bd52127d8204_Father Name.jpg,HOMJI RAWAT
output/cropped_outputs/Father Name/01231576410019_jpg.rf.88fe91aae6e7b683a2fd17b6fdae66c3_Father Name.jpg,ABDUL AZEEM ANSARI
output/cropped_outputs/Father Name/PAN-Safia_jpeg.rf.993f7e0c3791094bcedb8bc0c6047551_Father Name.jpg,IETIKHAR HUSSAIN QURESHI
output/cropped_outputs/Father Name/bnw_image_203_jpg.rf.9ff8ca3e32e68ebb2c324160660f1dcb_Father Name.jpg,DODDEERAPPA DEVARAJ
output/cropped_outputs/Father Name/bnw_image_117_jpg.rf.771de46ce02d44bb903056ae36b70bdd_Father Name.jpg,KALU RAM
output/cropped_outputs/Father Name/Co-applicant-pan-adhar_page-0004_jpg.rf.442cb0b9a73bd9823975e116908c135e_Father Name.jpg,RAJENDRA BHALCHANDRA JOSHI
output/cropped_outputs/Father Name/bc_image_261_jpg.rf.50c7fcc0e19707cb2c22d2677dca6d2c_Father Name.jpg,SHANTI RAM BISHWASA
output/cropped_outputs/Father Name/bc_image_251_jpg.rf.9d0bc0bc6cad7f9cda8c73a25e4dbcc6_Father Name.jpg,SHABDIR KHAN PATHAN
output/cropped_outputs/Father Name/man-singh-pan_jpeg.rf.cbbddd8be0cb133b1e94cf586239b2bd_Father Name.jpg,KESAR SINGH
output/cropped_outputs/Father Name/bc_image_237_jpg.rf.a90115ac6984192c11e606b48002a5b4_Father Name.jpg,MOTI LAL
output/cropped_outputs/Father Name/01452511510013_jpg.rf.858300272dfcb11e726a6799c5a06598_Father Name.jpg,SARFUL HOQUE
output/cropped_outputs/Father Name/Co-applicant-pan-adhar_page-0002_jpg.rf.299b1f14358b84db19a6e4a804e7e169_Father Name.jpg,BHALCHANDRA DEVRAM JOSHI
output/cropped_outputs/Father Name/01173574530010_pan_png.rf.103052ef6f523a9847d21a55ea52470d_Father Name.jpg,RADHESHYAM
output/cropped_outputs/Father Name/01563141730011_jpg.rf.c198d1cf3e7e0e40221319d22805e6b1_Father Name.jpg,SIRAJ SEKH
output/cropped_outputs/Father Name/manohar-pan_jpeg.rf.e8012aec8c7afd4f00ca9b69bf289454_Father Name.jpg,MAHESH CHAND SHARMA
output/cropped_outputs/Father Name/bc_image_169_jpg.rf.bdbf92780ad98138af20be18c0ee9dfb_Father Name.jpg,MIYARAM GURJAR
output/cropped_outputs/Father Name/01725443260010_jpg.rf.1a57f7b9694e8b1e2caa29ed9089e016_Father Name.jpg,JASBIR SINGH
output/cropped_outputs/Father Name/bc_image_132_jpg.rf.26265f0be91c13a80e9ab0acabce18c7_Father Name.jpg,UMA RAM
output/cropped_outputs/Father Name/35_jpg.rf.b6d7e42c586aa6e1b8a96abad80819af_Father Name.jpg,VINOD DEVIDAS SONAR
output/cropped_outputs/Father Name/bnw_image_228_jpg.rf.6e571f2ac02ab37779e9bc6442a63556_Father Name.jpg,JAGJI
output/cropped_outputs/Father Name/bnw_image_090_jpg.rf.c1b947b3c9ade91170816edb156dbab9_Father Name.jpg,RAJENDRA BHALCHANDRA JOSHI
output/cropped_outputs/Father Name/10_PAN_jpg.rf.6d70307c8a969390b1315ac273b675a6_Father Name.jpg,GAJODHAR LAL
output/cropped_outputs/Father Name/bnw_image_121_jpg.rf.a605886cb5e439a72724c50a202d6f3f_Father Name.jpg,MOOL SINGH
output/cropped_outputs/Father Name/PAN_Card_20240702_143115599_jpg.rf.7f079f86968a96a348f0e5cf7f5f6101_Father Name.jpg,RAMJAN SHAH
output/cropped_outputs/Father Name/bnw_image_068_jpg.rf.e8d225fac8aee23206207c8435fa2225_Father Name.jpg,KHEMRAJ BENIWAL
output/cropped_outputs/Father Name/bnw_image_001_jpg.rf.31f94d60c7539e9dae261253ce753384_Father Name.jpg,SALIM UDDIN SEKH
output/cropped_outputs/Father Name/bnw_image_149_jpg.rf.4e0cfc45f72dccd74ccfbeadf70ac57e_Father Name.jpg,MAHESH CHAND SHARMA
output/cropped_outputs/Father Name/bc_image_134_jpg.rf.fc5eac515096822cd4e574d57648b30b_Father Name.jpg,MOOL CHAND KUMAWAT
output/cropped_outputs/Father Name/Santosh-PAN_jpg.rf.91347e7750b082431f29a3b48232954d_Father Name.jpg,JAGDISH SAIN
output/cropped_outputs/Father Name/01215317330013_jpg.rf.81b4ab50306d1fa6bf6fe29232e53c1f_Father Name.jpg,KISHORI LAL
output/cropped_outputs/Father Name/Anil_Pan_jpg.rf.0383bcf190b250df491417e7dd2e4a73_Father Name.jpg,LAVJI VAJAH SINGH RAO
output/cropped_outputs/Father Name/Prakash-Pan-Card_jpg.rf.b849212a8882bea5899db262d80bd20d_Father Name.jpg,AAIDAN
output/cropped_outputs/Father Name/Prakash-Pan-Card_jpg.rf.e6e98360d7e213ff4e036710b2cb34de_Father Name.jpg,AAIDAN
output/cropped_outputs/Father Name/57_jpg.rf.2d151128ca75ce8a243b72e1cb8f8d78_Father Name.jpg,AMBIK SINGH
output/cropped_outputs/Father Name/01422723140018_jpg.rf.369989a86508223aa76282d6a392bad8_Father Name.jpg,SUDHIR CHANDRA SAHU
output/cropped_outputs/Father Name/101_PAN_jpg.rf.1027f3eff53a5e07d3f500d534143047_Father Name.jpg,DURAISAMY
output/cropped_outputs/Father Name/bc_image_121_jpg.rf.2b14248c4d9cdc7a12704e98d1e5ed53_Father Name.jpg,MOOL SINGH
output/cropped_outputs/Father Name/10_PAN_jpg.rf.79178a13bf1391da4fc60ccd486a13f1_Father Name.jpg,GAJODHAR LAL
output/cropped_outputs/Father Name/bc_image_115_jpg.rf.56e31cfca87f6a665026f3732c635070_Father Name.jpg,AMARA RAM
output/cropped_outputs/Father Name/Sushila-Pan_jpg.rf.eb40835e6d97586200d2f3033587379f_Father Name.jpg,REWANT RAM
output/cropped_outputs/Father Name/bnw_image_132_jpg.rf.e978bfd5e51dfc5efb6e8c9a5e1787a3_Father Name.jpg,UMA RAM
output/cropped_outputs/Father Name/bnw_image_106_jpg.rf.2be8019531e37739bad8374615b12529_Father Name.jpg,GOPAL SINGH
output/cropped_outputs/Father Name/bnw_image_063_jpg.rf.683ffed0b905495db9538004e08738e8_Father Name.jpg,BALVANT SINGH
output/cropped_outputs/Father Name/bc_image_221_jpg.rf.90fd22a005f2c0f3e490df3f3a3fda90_Father Name.jpg,RAMAN LAL
output/cropped_outputs/Father Name/bc_image_138_jpg.rf.2c6a4de9e61813d1a5e885230ed1825a_Father Name.jpg,HET RAM
output/cropped_outputs/Father Name/bnw_image_111_jpg.rf.59ef571959d997238e36583fb3565d09_Father Name.jpg,SHANKARLAL PRAJAPATI
output/cropped_outputs/Father Name/IMG-20240224-WA0011_jpg.rf.a23a947935841e40b03fc015f8905b4a_Father Name.jpg,KANDASAMY
output/cropped_outputs/Father Name/bnw_image_026_jpg.rf.3f3e78d29e6734ade3ecdbced886ebe1_Father Name.jpg,AMBUROSE
output/cropped_outputs/Father Name/chotu-lal-PAN_page-0001-1-_jpg.rf.ef1a1a8898b12d04ab23f81b41b7a99e_Father Name.jpg,KALU LAL
output/cropped_outputs/Father Name/bc_image_043_jpg.rf.d4818e0f171c13ba1b8a3edc7e267976_Father Name.jpg,ALI MOHAMED GHOUSE
output/cropped_outputs/Father Name/bc_image_227_jpg.rf.2e8fde7ef5251c070e90b31f2d661be7_Father Name.jpg,PANCHU SINGH
output/cropped_outputs/Father Name/bnw_image_156_jpg.rf.c90928ef8e465d83ed74197a4f39e1d5_Father Name.jpg,BAL RENIWAL
output/cropped_outputs/Father Name/Amra-PAN_jpeg.rf.e6564e6e4eb3a7d5e4fec14cb54c171f_Father Name.jpg,RIDHA RAM
output/cropped_outputs/Father Name/bnw_image_210_jpg.rf.036eb3846cffdb2755dca88304653bbf_Father Name.jpg,GUDDAPPA
output/cropped_outputs/Father Name/bnw_image_240_jpg.rf.7cf8ab6b88266515311eaa75d77da101_Father Name.jpg,DHUL SINGH RAJPUT
output/cropped_outputs/Father Name/01151242750019_jpg.rf.16293cb632840450a9471555c11d60ca_Father Name.jpg,SALIM UDDIN SEKH
output/cropped_outputs/Father Name/bnw_image_166_jpg.rf.ec0d27e8b9461ee024c28a251391a2c8_Father Name.jpg,DHARAMPAL SINGH
output/cropped_outputs/Father Name/bc_image_203_jpg.rf.1b7bc898f34ee948f4fc6ce54d356c93_Father Name.jpg,DODDEERAPPA DEVARAJ
output/cropped_outputs/Father Name/PAN_Card_20240702_150444965_jpg.rf.2a38db66d096d9675663fd49aff91f13_Father Name.jpg,GOVINDARAJ
output/cropped_outputs/Father Name/bc_image_026_jpg.rf.e53d0a88edfa5e3cfdae802908041c80_Father Name.jpg,AMBUROSE
output/cropped_outputs/Father Name/bnw_image_146_jpg.rf.f402df9a605f50f0b0979ef2157cec9b_Father Name.jpg,BAJRANG LAL
output/cropped_outputs/Father Name/bnw_image_155_jpg.rf.de171c1f433f09254f93ad8d77fa5f65_Father Name.jpg,LALA RAM
output/cropped_outputs/Father Name/Manjula-Devi-Pancard_jpeg.rf.02a1e9b5cb82ba11a8c0743fb7b2ac82_Father Name.jpg,SHIVLALJI
output/cropped_outputs/Father Name/bc_image_267_jpg.rf.66419a80b03f4a1ba6185e60003e0b22_Father Name.jpg,KACHRU LAL.
output/cropped_outputs/Father Name/bc_image_262_jpg.rf.d92f0ff1b29adb5c8141989c839dd661_Father Name.jpg,ROOP LAL SISODIA
output/cropped_outputs/Father Name/Badri-PAN-GTR_jpeg.rf.0f9b678a054aab697198f05cd32e0dcb_Father Name.jpg,PANNA LAL
output/cropped_outputs/Father Name/bnw_image_109_jpg.rf.6043230c36896c09ada37d8e0840bdf5_Father Name.jpg,MALA RAM
output/cropped_outputs/Father Name/01367165370017_jpg.rf.59f1cefc912b38b662780c9cc3da3038_Father Name.jpg,BHIMLAL DAS
output/cropped_outputs/Father Name/bc_image_097_jpg.rf.8a076e72feb09827349665664d72bc19_Father Name.jpg,KANHAIYA LAL MEENA
output/cropped_outputs/Father Name/bnw_image_174_jpg.rf.bdf4305c4ee7005dec1f1a34a772c8a1_Father Name.jpg,HARISH CHAND
output/cropped_outputs/Father Name/PAN_Card_20240701_190503704_jpg.rf.8e1542dec3a6c05b150107fb9de23b31_Father Name.jpg,IRAYYA
output/cropped_outputs/Father Name/bc_image_103_jpg.rf.4cf3ebd96838ff316c57e8ae4fdcb3f6_Father Name.jpg,RAMCHANDRA VISHNOI
output/cropped_outputs/Father Name/bc_image_207_jpg.rf.269f739e8cbfcbd818fa3494115ea2c7_Father Name.jpg,KENCHAVEERAPPA
output/cropped_outputs/Father Name/Rajendra-Singh-PAN_page-0001_jpg.rf.c33ca6ee137f799d565fdb09fe2a8cab_Father Name.jpg,RATAN SINGH SOLANKI
output/cropped_outputs/Father Name/bc_image_005_jpg.rf.6c154634192eadc21f287836c3a9ffd5_Father Name.jpg,NAWAB NOOR MOHD KHAN
output/cropped_outputs/Father Name/01452511510013_jpg.rf.8bb59932dddf0f1816c3f3a977ffc438_Father Name.jpg,SARFUL HOQUE
output/cropped_outputs/Father Name/bnw_image_115_jpg.rf.3bed4a19ed31b14824eaf3f1d65aad50_Father Name.jpg,AMARA RAM
output/cropped_outputs/Father Name/bc_image_052_jpg.rf.31841e5cb24625ae7190bf7b123ad417_Father Name.jpg,JAGNNATH
output/cropped_outputs/Father Name/bnw_image_113_jpg.rf.952b4cc5db433b03d2582465c9463dec_Father Name.jpg,BHURA RAM
output/cropped_outputs/Father Name/bnw_image_142_jpg.rf.201399c8d63e97919ea335e15b3a5df9_Father Name.jpg,BHAGWAN JI YADAV
output/cropped_outputs/Father Name/pan-card-parma-ram_page-0001_jpg.rf.0e4eb691aa0dc24d0cb2a93e2f4daea2_Father Name.jpg,KUMBHARAM
output/cropped_outputs/Father Name/bnw_image_064_jpg.rf.d63df17f3f9f7fae9273a1f6d0654454_Father Name.jpg,NARPAT SINGH
output/cropped_outputs/Father Name/bnw_image_076_jpg.rf.3035555db29cf51fb30496c401fe749c_Father Name.jpg,KALURAM SAMOTA
output/cropped_outputs/Father Name/01213334750014_jpg.rf.dbfa22b5459a5a0a03557b0e203b752a_Father Name.jpg,PRAMOD KUMAR ROY
output/cropped_outputs/Father Name/bc_image_170_jpg.rf.b5ca525603898af961f98131f4fec333_Father Name.jpg,PRABHU LAL
output/cropped_outputs/Father Name/bnw_image_021_jpg.rf.c332b481e46c40573eb63e9e37c3c1f7_Father Name.jpg,GAJODHAR LAL
output/cropped_outputs/Father Name/01213254430016_jpg.rf.606528134f26a19fdf886fb5c8b47311_Father Name.jpg,ARUN KUMAR
output/cropped_outputs/Father Name/bnw_image_227_jpg.rf.bca8613fede96424fa2c9d4fbceb0d8a_Father Name.jpg,PANCHU SINGH
output/cropped_outputs/Father Name/63_jpg.rf.6abfd4212a929970c7c84233a846d969_Father Name.jpg,PRAKASH BHIVA GARATE
output/cropped_outputs/Father Name/bnw_image_264_jpg.rf.78820870f953a1f5d7349ce9e38dffcd_Father Name.jpg,REWANT RAM
output/cropped_outputs/Father Name/bc_image_096_jpg.rf.24f808fc9bb04f98e60b805400be592c_Father Name.jpg,SHIVAKUMARA SWAMY
output/cropped_outputs/Father Name/49_jpg.rf.fbdf375f8b29e7b89b2ea3b68bb7a853_Father Name.jpg,FIRST NAME MIDDLE NAME SURNAME
output/cropped_outputs/Father Name/01725443260010_jpg.rf.8d438accd55eb67b7b29f279615b66dc_Father Name.jpg,JASBIR SINGH
output/cropped_outputs/Father Name/Naresh-PAN_jpg.rf.5695d0e9a5aee63c427e63b14534ce6f_Father Name.jpg,MOTI RAM SUTHAR
output/cropped_outputs/Father Name/01243337570010_jpg.rf.7a098b21974bca2551abefeadec66a5b_Father Name.jpg,MANORANJAN KAR
output/cropped_outputs/Father Name/bnw_image_216_jpg.rf.f0ff9c4deabe1bb8e259cb901be20d1e_Father Name.jpg,BABULAL SAINI
output/cropped_outputs/Father Name/Anop-Pan_jpg.rf.994ee38721392d1266386bd5b0aae075_Father Name.jpg,BALVANT SINGH
output/cropped_outputs/Father Name/Nand-PAN_jpeg.rf.3b1e6b1ead5eada1b440e9bdcdb290e4_Father Name.jpg,BAL RENIWAL
output/cropped_outputs/Father Name/100_PAN_jpg.rf.ebcf0de1f63534ca3b37f741f835f424_Father Name.jpg,THEKKUMTHODATH GOPALAN BOSE
output/cropped_outputs/Father Name/bnw_image_030_jpg.rf.b83a6b055b0856707a53830578d4b31e_Father Name.jpg,SANJAY DUNDAPPA LOHAR
output/cropped_outputs/Father Name/bc_image_017_jpg.rf.87ca6fd103a3ab8be5d558ad057b087c_Father Name.jpg,MD ATAUR RAHAMAN
output/cropped_outputs/Father Name/bnw_image_038_jpg.rf.f076b76f4a306ebc143314ee788a62e0_Father Name.jpg,SUBHASH CHANDRA JAIN
output/cropped_outputs/Father Name/bnw_image_066_jpg.rf.b345db564b9fa038783653b18226bd15_Father Name.jpg,SOIKEEN
output/cropped_outputs/Father Name/Babulal-PAN_page-0001_jpg.rf.4687799fa3d2ab0e445fffe7bda2508a_Father Name.jpg,KALU RAM SAINI
output/cropped_outputs/Father Name/bc_image_171_jpg.rf.066170999849ae42e1606e7e172f7df7_Father Name.jpg,KUMBHARAM
output/cropped_outputs/Father Name/bnw_image_097_jpg.rf.a6e30c2bde333dcf43703a765266c54a_Father Name.jpg,KANHAIYA LAL MEENA
output/cropped_outputs/Father Name/bc_image_050_jpg.rf.501ac4d1651864add13b4954dba22f25_Father Name.jpg,PAPAYYA NAIKER DORAI
output/cropped_outputs/Father Name/Sangita-Pan_page-0001_jpg.rf.520ddd98189939db2f7caebacd9adc19_Father Name.jpg,PRABHU SEN
output/cropped_outputs/Father Name/bnw_image_021_jpg.rf.200241f8e84195087714eb76997fe8b7_Father Name.jpg,GAJODHAR LAL
output/cropped_outputs/Father Name/bc_image_113_jpg.rf.58deb24bfaa93e0a897be42c1af78dc2_Father Name.jpg,BHURA RAM
output/cropped_outputs/Father Name/bnw_image_091_jpg.rf.ba66cca7e3821e2cc190fff102babdbd_Father Name.jpg,LIKHMA RAM
output/cropped_outputs/Father Name/SURESH-PAN-CARD_page-0001_jpg.rf.ed6d4aefa0b539655f0115c9110cef48_Father Name.jpg,BHAGIRATH MAL NITHARWAL
output/cropped_outputs/Father Name/Sangita-Pan_page-0001_jpg.rf.dd0efd40c3838d962d3ddff097194c39_Father Name.jpg,PRABHU SEN
output/cropped_outputs/Father Name/bc_image_121_jpg.rf.9190dacc95c09b0cc3dd0e3d199f169e_Father Name.jpg,MOOL SINGH
output/cropped_outputs/Father Name/bc_image_009_jpg.rf.476ea01125e3a14e9321a0a91648d60e_Father Name.jpg,SYED KADAR ALI
output/cropped_outputs/Father Name/Ashif-PAN_jpeg.rf.39f8e20d53fc7cebd399a0019affeb6e_Father Name.jpg,BABUDDIN QURESHI
output/cropped_outputs/Father Name/pan-card-of-jamuna_page-0001_jpg.rf.4a6a9a5293895e078f18197c19f5d5cf_Father Name.jpg,MIYARAM GURJAR
output/cropped_outputs/Father Name/bnw_image_246_jpg.rf.e51c0f403834fe13064e7326fccfbfb3_Father Name.jpg,PRABHU SEN
output/cropped_outputs/Father Name/bc_image_028_jpg.rf.4615e45f798c3ad710b1b26b9cfe7a81_Father Name.jpg,ABHOY CHARAN BANERJEE
output/cropped_outputs/Father Name/GatuLal_Pan-Copy_jpg.rf.61d744734c8cc6076983d7b2b7f1354d_Father Name.jpg,RUPLAL YADAV
output/cropped_outputs/Father Name/bc_image_054_jpg.rf.684d5e3e9018d6030aaeca9c457a8951_Father Name.jpg,JAGNNATH
output/cropped_outputs/Father Name/bc_image_004_jpg.rf.173b57078bb78d756625f1c87b4a1eec_Father Name.jpg,SHYAMLAL NAYAK 
output/cropped_outputs/Father Name/bc_image_247_jpg.rf.77e18bd5598a78746b70d3ca3a002d9a_Father Name.jpg,JAGDISH SAIN
output/cropped_outputs/Father Name/PAN_Card_20240701_203515260_jpg.rf.e76dd56392b2d61856182b314ecd6d7b_Father Name.jpg,MOHD IBRAHIM
output/cropped_outputs/Father Name/bnw_image_040_jpg.rf.70c5be52249e6e0781d6e30a2fccb632_Father Name.jpg,CHHAGAN LAL JAIN
output/cropped_outputs/Father Name/01537155560015_jpg.rf.40f7052788f54d6f229433c20e0f888c_Father Name.jpg,MOHAMMAD NAFUUR RAHAMAN
output/cropped_outputs/Father Name/01261443750015_jpg.rf.51954ddf028e979f89aaac1ce2dcd926_Father Name.jpg,NEMDHARI DANGI
output/cropped_outputs/Father Name/bnw_image_210_jpg.rf.9ca5e34e2892ade40735d8727fd59755_Father Name.jpg,GUDDAPPA
output/cropped_outputs/Father Name/GTR-Phool-Chand-PAN_jpeg.rf.e734a86b0358839f5ad2065c5c4112bf_Father Name.jpg,MALA RAM
output/cropped_outputs/Father Name/20_PAN_jpg.rf.55d8414f834d0e847b9b4ccdf7f8949a_Father Name.jpg,SNAJAY DUNDAPPA LOHAR
output/cropped_outputs/Father Name/Jitendra-GTR-PAN-2-_jpg.rf.6755816199b167c8178fde68b0789ffb_Father Name.jpg,SITA RAM
output/cropped_outputs/Father Name/Pan-Card_page-0001_jpg.rf.50a8d56549e902479ef425d9ed0d0a07_Father Name.jpg,BADRI PRASAD
output/cropped_outputs/Father Name/bheru-pan-card_page-0001_jpg.rf.709a4294fe4f1c4379d9a5fb5863a2b7_Father Name.jpg,NANURAM
output/cropped_outputs/Father Name/bnw_image_084_jpg.rf.5e460a0d9e40583a842c4728734be67b_Father Name.jpg,PRAKASH CHANDRA JAIN
output/cropped_outputs/Father Name/bc_image_185_jpg.rf.abce5bb8c409a612e8b6c3e2ee726cfa_Father Name.jpg,DHUL SINGH
output/cropped_outputs/Father Name/bnw_image_268_jpg.rf.825b704f7190dfd5bfcea616a0f001de_Father Name.jpg,DEVI LAL
output/cropped_outputs/Father Name/bnw_image_094_jpg.rf.e71eea1245a7cb0eefa98560a2eba307_Father Name.jpg,HOMAJI RAWAT
output/cropped_outputs/Father Name/bc_image_052_jpg.rf.0679c0ed2aa64f0a52b087b31f7acb8c_Father Name.jpg,JAGNNATH
output/cropped_outputs/Father Name/pancard1_jpg.rf.440d9ffa5b67f7b4f008a48808379a71_Father Name.jpg,SURENDRA SINGH
output/cropped_outputs/Father Name/bc_image_072_jpg.rf.b1bea9b0c6613b9c8dba135ab70b5d9e_Father Name.jpg,NARPAT SINGH
output/cropped_outputs/Father Name/image19_jpeg.rf.f091e96383f4a7f84fcbf54594ac47bc_Father Name.jpg,MANZOOR HASAN ANSARI
output/cropped_outputs/Father Name/bc_image_259_jpg.rf.3453de3fffd66e6e73cbbfcc772a4e85_Father Name.jpg,FARUKH QURESHI
output/cropped_outputs/Father Name/bnw_image_206_jpg.rf.cdb2f99aad7b5b0e33eabc61d91150ce_Father Name.jpg,NAGARAJU
output/cropped_outputs/Father Name/bnw_image_203_jpg.rf.5418f057b846b88a4d4c468d4f995bed_Father Name.jpg,DODDEERAPPA DEVARAJ
output/cropped_outputs/Father Name/bc_image_066_jpg.rf.33125ec68f6baf48e2bdc1d0bc5c8c85_Father Name.jpg,SOIKEEN
output/cropped_outputs/Father Name/bnw_image_240_jpg.rf.3fd550b5f85347d66736010a016e658c_Father Name.jpg,DHUL SINGH RAJPUT
output/cropped_outputs/Father Name/bc_image_161_jpg.rf.38e3538873ddb16f7442d53ce89564e4_Father Name.jpg,BHANWAR LAL
output/cropped_outputs/Father Name/1000071717-BAJAJ-PAN_png.rf.ca648cc174b5a99f300d631289085e6d_Father Name.jpg,SHANKAR TATUBA KALASE
output/cropped_outputs/Father Name/1710411256572_jpg.rf.91216dc0cb4618e273d063edf29ea666_Father Name.jpg,AMBUROSE
output/cropped_outputs/Father Name/Mansingh-Pan-Card_page-0001_jpg.rf.ddf974f426e7c735f4040430f2f8a662_Father Name.jpg,GOVIND SINGH
output/cropped_outputs/Father Name/bnw_image_181_jpg.rf.0b5b9da751080f95f26b42e02eb40e9b_Father Name.jpg,ISHAK KHAN
output/cropped_outputs/Father Name/bnw_image_267_jpg.rf.2241aea0fcf322fd49c810e0cf92d45f_Father Name.jpg,KACHRU LAL
output/cropped_outputs/Father Name/bc_image_159_jpg.rf.1693382523ad5521079388566817b5bd_Father Name.jpg,RADHESHYAM MEENA
output/cropped_outputs/Father Name/bc_image_024_jpg.rf.5013b792c1a8558a3209df8465bf8f37_Father Name.jpg,MOHD UMAR
output/cropped_outputs/Father Name/47_PAN_jpg.rf.2ede538aa47ee486755ec07ec502565e_Father Name.jpg,TULSIDAS VENKUSA JITURI
output/cropped_outputs/Father Name/bnw_image_134_jpg.rf.7c9103119906d17d6fda48efae324ece_Father Name.jpg,MOOL CHAND KUMAWAT
output/cropped_outputs/Father Name/bc_image_129_jpg.rf.fd2fd339fb1be051146eaf7137005201_Father Name.jpg,SOHAN LAL
output/cropped_outputs/Father Name/bc_image_067_jpg.rf.45af48cb1345736e375d8a974a9d9c6d_Father Name.jpg,ARJUN RAM 
output/cropped_outputs/Father Name/1_jpg.rf.117576c2927f2133a11bc20c8c9b89c9_Father Name.jpg,MUKKANTI KOCHERLA
output/cropped_outputs/Father Name/bc_image_012_jpg.rf.1e7a8c4ba9074297e9340dd50182b8ae_Father Name.jpg,SHUBHA KANT MISHRA
output/cropped_outputs/Father Name/bnw_image_012_jpg.rf.1b137898818a09f254a1c9b4b3035709_Father Name.jpg,SHOBHA KANT MISHRA
output/cropped_outputs/Father Name/bnw_image_234_jpg.rf.a481624105b7265ec36aea84b0f6de08_Father Name.jpg,SULTAN GURJAR
output/cropped_outputs/Father Name/bc_image_125_jpg.rf.f5a81863af9288139196f38677b5b0a0_Father Name.jpg,RUPAJI YADAV
output/cropped_outputs/Father Name/bnw_image_085_jpg.rf.15f9758a21b310679bf878be05b996ac_Father Name.jpg,KALU LAL
output/cropped_outputs/Father Name/bnw_image_239_jpg.rf.befb7976a9df5bbc3c99835ab78f9e39_Father Name.jpg,DULAL MONDAL
output/cropped_outputs/Father Name/bc_image_008_jpg.rf.379310ec6981d74471aee8ac571ba809_Father Name.jpg,ABDUL AZEEM ANSARI
output/cropped_outputs/Father Name/bnw_image_010_jpg.rf.29d5fa1872ec91ccd3c90ae66f31aed2_Father Name.jpg,SURAT SINGH SAINI
output/cropped_outputs/Father Name/bnw_image_049_jpg.rf.55d76bbde776cd9e7ab1fa6ee4772976_Father Name.jpg,SHRAVAN KUMAR GIRI
output/cropped_outputs/Father Name/01215463130017_jpg.rf.1c523b45470a0b3de8fe845546a37f62_Father Name.jpg,NANABHAU MASALKAR
output/cropped_outputs/Father Name/bnw_image_013_jpg.rf.58eb36ecca6fc9f203ccf15d0a550538_Father Name.jpg,SHISHPAL SINGH
output/cropped_outputs/Father Name/bnw_image_036_jpg.rf.28ef8c066206dd5ee7b1198580af4944_Father Name.jpg,VINOD DEVIDAS SONAR
output/cropped_outputs/Father Name/bc_image_144_jpg.rf.e76195d40d33b399f1c4d8cbad4dcf15_Father Name.jpg,ROOPA RAM
output/cropped_outputs/Father Name/25_png.rf.332333190fef8d8964a8d3e585710bea_Father Name.jpg,SANJAY DUNDAPPA LOHAR
output/cropped_outputs/Father Name/bnw_image_169_jpg.rf.fd6fc635fecf1fd547c726eeb190810c_Father Name.jpg,MIYARAM GURJAR
output/cropped_outputs/Father Name/bc_image_019_jpg.rf.290904dc66e4e3f18c35b5e758e3adb3_Father Name.jpg,VIRENDRA KUMAR
output/cropped_outputs/Father Name/bc_image_176_jpg.rf.02b90c96f8907824a0d412d33d33e390_Father Name.jpg,PRABHULAL
output/cropped_outputs/Father Name/bc_image_175_jpg.rf.81e051b94a68da5e6c59cfeac234b91f_Father Name.jpg,VIRENDRA KUMAR
output/cropped_outputs/Father Name/Neetu-PAN_jpeg.rf.2b1543065e2e911080bbb8ae225b5d04_Father Name.jpg,RADHESHYAM MEENA
output/cropped_outputs/Father Name/PAN_Card_20240702_155249054_jpg.rf.a5fce132d053b120b79d1a8dc3afb590_Father Name.jpg,MOHAMMADAHUSSEN IMAMASAB NASU
output/cropped_outputs/Father Name/images95_jpg.rf.407ec594c823eb5be5d697d2ea7571c0_Father Name.jpg,VIRENDER GUPTA
output/cropped_outputs/Father Name/bc_image_046_jpg.rf.69ddb2fd8a211baddf7ac85b2cdce5dc_Father Name.jpg,CHHOTU RAM BAIRWA
output/cropped_outputs/Father Name/PAN_Card_20240702_144026812_jpg.rf.4ed3ef65379677b053441cce0acfe2c5_Father Name.jpg,KARUNAKARA PATRA
output/cropped_outputs/Father Name/bc_image_169_jpg.rf.c2137decb97f0180563a3a9e6dab04de_Father Name.jpg,MIYARAM GURJAR
output/cropped_outputs/Father Name/bc_image_118_jpg.rf.46ca720d34e861e296548b9bd3a96dba_Father Name.jpg,KALU RAM
output/cropped_outputs/Father Name/bc_image_178_jpg.rf.1ea5184c0a4aa2db8000c24558014402_Father Name.jpg,CHAND RATAN SWAMI
output/cropped_outputs/Father Name/bnw_image_263_jpg.rf.8d2546acd013f2f924c0542d5876a947_Father Name.jpg,BHAGIRATH MAL NITHARWAL
output/cropped_outputs/Father Name/bnw_image_205_jpg.rf.0317bacf321d153b380410020e7ce9e1_Father Name.jpg,MALLINATH GURUBASAPPA UDAGI
output/cropped_outputs/Father Name/18_PAN_jpg.rf.0ce38f545cd4ba5b67a173a5f73ea949_Father Name.jpg,VENKATA KRISHNMARAO LEDUPUGANTI
output/cropped_outputs/Father Name/bnw_image_091_jpg.rf.72cfdc62524e1d3133d5bba062c4c94d_Father Name.jpg,LIKHMA RAM
output/cropped_outputs/Father Name/Leru-Puri-PAN_page-0001_jpg.rf.89a410d3a020ee9f66b37c6f13ea8df5_Father Name.jpg,ASU PURI
output/cropped_outputs/Father Name/80db6ff7-imgtopdf_generated_2208201757059_page-76_jpg.rf.dca8338f00dd60e3930a08b0f1c43348_Father Name.jpg,UTTAM MAITY
output/cropped_outputs/Father Name/bnw_image_083_jpg.rf.3c3c80c3d5dd8428cc598abeb08f64b3_Father Name.jpg,KAPUR CHAND JAIN
output/cropped_outputs/Father Name/14_PAN_jpg.rf.579ceb110545d3edf370260f7581c8ad_Father Name.jpg,FIRST NAME MIDDLE NAME SURNAME
output/cropped_outputs/Father Name/bnw_image_170_jpg.rf.9953af856c87c4280cb95316da06d123_Father Name.jpg,PRABHU LAL
output/cropped_outputs/Father Name/Rafik-PAN_jpeg.rf.58ea171ff72f6cb5c5db44504ebae65c_Father Name.jpg,BABU KHAN
output/cropped_outputs/Father Name/bc_image_181_jpg.rf.c56de40e3085e235ee69098df6db47b1_Father Name.jpg,ISHAK KHAN
output/cropped_outputs/Father Name/1aea9462babd9fb2fd84f7a2f81f5ccf_jpg.rf.e97ea6ad4aaa9338e9c4b844877afc70_Father Name.jpg,RAMESH SAHANI
output/cropped_outputs/Father Name/bc_image_054_jpg.rf.36d866115a5173ec3cfc3887163fd5d5_Father Name.jpg,JAGNNATH
output/cropped_outputs/Father Name/Balkishan-gahlot-GTR-Pan_jpg.rf.c8acbb6a46badaa0206f812cf607f7e6_Father Name.jpg,BHOMA RAM GAHLOT
output/cropped_outputs/Father Name/01213334750014_jpg.rf.4e302d33a1faca8b95fc1e3d0dd733c5_Father Name.jpg,PRAMOD KUMAR ROY
output/cropped_outputs/Father Name/bc_image_051_jpg.rf.5a69db8f4768aba9e06ee565432752d7_Father Name.jpg,THEKKUMTHODATH GOPALAN BOSE
output/cropped_outputs/Father Name/bc_image_087_jpg.rf.3749a8d81c61e350f0db7a84bb1f9652_Father Name.jpg,RAMJIRAM 
output/cropped_outputs/Father Name/101_PAN_jpg.rf.30cd4485d92adf1850eefbf82a352785_Father Name.jpg,DURAISAMY
output/cropped_outputs/Father Name/9a8eeebd-photo_1_2023-07-14_15-45-57_jpg.rf.77bb3aa0e97b21c10af0ff8eb42a8a29_Father Name.jpg,JALESHWAR PANDEY
output/cropped_outputs/Father Name/PAN_Card_20240701_203515260_jpg.rf.0b0f78bfbe9e9b12194eae55e715c02d_Father Name.jpg,MOHD IBRAHIM
output/cropped_outputs/Father Name/Sadrudeen-Pan-Card_page-0001_jpg.rf.6b3995a20c79ffccb7b9f378587102f5_Father Name.jpg,SAFARUDEEN
output/cropped_outputs/Father Name/bnw_image_247_jpg.rf.bc31df843b42da5ec669e4bddb6848d2_Father Name.jpg,JAGDISH SAIN
output/cropped_outputs/Father Name/bc_image_231_jpg.rf.62d601536d91755b04e40f03f0e93736_Father Name.jpg,BABU KHAN
output/cropped_outputs/Father Name/01247667630015_jpg.rf.3aee8a41327f47be981163900c9a9dbb_Father Name.jpg,JAGDIGH SINGH
output/cropped_outputs/Father Name/Pawan-PAN_page-0001_jpg.rf.9ede375a269eb453aaf8813f8222dcb6_Father Name.jpg,BABULAL SAINI
output/cropped_outputs/Father Name/7_PAN_jpg.rf.630016e7ebbb05d09330214edba420f1_Father Name.jpg,CHHOTU RAM BAIRWA
output/cropped_outputs/Father Name/PAN_Card_20240702_154034177_jpg.rf.7991f72e738cbcb8f69eaba5c4cd4324_Father Name.jpg,"SUBHASH KATTEHOLE GOVINDA
NAIR"
output/cropped_outputs/Father Name/01125713540016_jpg.rf.bcdc3ebe187640823f1887ae2016945c_Father Name.jpg,SUDAMA LAL
output/cropped_outputs/Father Name/bnw_image_049_jpg.rf.2ad3c4e4b356e3b98ab7042cc0b310c0_Father Name.jpg,SHRAVAN KUMAR GIRI
output/cropped_outputs/Father Name/bc_image_131_jpg.rf.af58dbab195954fc6b333dafe1435919_Father Name.jpg,RAMKISHAN
output/cropped_outputs/Father Name/PAN-CARD-SUNIL_page-0001_jpg.rf.dd0f6f4833691dc1b50b2446eb84285f_Father Name.jpg,HARISH CHAND
output/cropped_outputs/Father Name/pan1_png.rf.ab890a626dd203608ea3418bb833318b_Father Name.jpg,SATENDRA MISHRA
output/cropped_outputs/Father Name/bnw_image_269_jpg.rf.d06552c40be897d1da8fd99f87a13e1c_Father Name.jpg,SHYAM SUNDAR MAHARSHI
output/cropped_outputs/Father Name/Kan-Pan_jpg.rf.421b223f426603caeb3cc60d6dc383e8_Father Name.jpg,BALWANT SINGH
output/cropped_outputs/Father Name/Mamta-PAn_jpeg.rf.dff79cecdfd9f72e0f12799fa4189d15_Father Name.jpg,VIJAY PRASAD VYAS
output/cropped_outputs/Father Name/SUKUMAR-PAN_page-0001_jpg.rf.7854c433e0714879dfe57e70675db993_Father Name.jpg,SHANTI RAM BISHWASA
output/cropped_outputs/Father Name/pan-card-of_jpg.rf.e99ec1c80dc50f7144b64cf1a57debfb_Father Name.jpg,PRABHU LAL
output/cropped_outputs/Father Name/Magha-Ram-PAN-card_jpeg.rf.edd19460fb0ec540e6f333baeda8a470_Father Name.jpg,HET RAM
output/cropped_outputs/Father Name/bc_image_128_jpg.rf.0a252bead4d97770ab97ea0fc27a5f0b_Father Name.jpg,JETHA RAM
output/cropped_outputs/Father Name/bc_image_003_jpg.rf.ce5195b2b5afd567f556fca9d0d29a2f_Father Name.jpg,PRAMOD KUMAR ROY
output/cropped_outputs/Father Name/bc_image_049_jpg.rf.8e6f984dcd580798bb6647e14e64071d_Father Name.jpg,SHRAVAN KUMAR GIRI
output/cropped_outputs/Father Name/pan-card_jpeg.rf.dd2f3bd732aa8a5c5904515fccde6573_Father Name.jpg,PRABHULAL
output/cropped_outputs/Father Name/bc_image_236_jpg.rf.e0b25637b88e66450ff50fd16a3a4bd1_Father Name.jpg,RAMA DAMA MEENA
output/cropped_outputs/Father Name/Pan-card-of-Brajmohan_jpeg.rf.f1f674eb145b2c58b69f1357b8f9774b_Father Name.jpg,RAM PRASAD
output/cropped_outputs/Father Name/bnw_image_238_jpg.rf.04dba6f890dd0229bf42bf750867af03_Father Name.jpg,DHUDA RAM
output/cropped_outputs/Father Name/01476112530017_jpg.rf.e5d7c3b70cf75d5fbbb61ae271d4ce92_Father Name.jpg,GOUTAM PROSAD SAHA
output/cropped_outputs/Father Name/PAN_Card_20240702_145310923_jpg.rf.f8cef5a2d5e7f76bf8db2d74d5d16974_Father Name.jpg,LIMBAJI PAWAR
output/cropped_outputs/Father Name/bc_image_187_jpg.rf.508d1d1b7a6212d4e11892cdca331183_Father Name.jpg,RAJENDRA TRIVEDI
output/cropped_outputs/Father Name/pushpa-pAn-card_page-0001_jpg.rf.2651a69d9521e0404b364a8b752d2039_Father Name.jpg,JAGJI
output/cropped_outputs/Father Name/20_PAN_jpg.rf.7eab9987efacc4de584d2ba72c8cf7f9_Father Name.jpg,SANJAY DUNDAPPA LOHAR
output/cropped_outputs/Father Name/bnw_image_205_jpg.rf.1cc243f38e385a2d92a8cca8a9e85192_Father Name.jpg,MALLINATH GURUBASAPPA UDAGI
output/cropped_outputs/Father Name/bc_image_127_jpg.rf.81944eaa180d1d751146e1028aeb4468_Father Name.jpg,BALWANT SINGH
output/cropped_outputs/Father Name/bc_image_003_jpg.rf.5e76546ab97b78d5e51f19c2c5fa4421_Father Name.jpg,PRAMOD KUMAR ROY
output/cropped_outputs/Father Name/bc_image_106_jpg.rf.5b54091156f4695bd132237d6c350f3f_Father Name.jpg,GOPAL SINGH
output/cropped_outputs/Father Name/01236464640010_jpg.rf.9526cd5532561d8fe666f1429918b671_Father Name.jpg,RAM SAKAL YADAV
output/cropped_outputs/Father Name/bc_image_140_jpg.rf.e1e4842a1bb9619727bc6cec83009384_Father Name.jpg,SHYAMLAL
output/cropped_outputs/Father Name/GTR_Pan_jpg.rf.74260f31d08bde0cfc4924fcc737460f_Father Name.jpg,SHANKARLAL PRAJAPATI
output/cropped_outputs/Father Name/bnw_image_223_jpg.rf.6124597e8045283c8d0e96f3b29cdcf4_Father Name.jpg,MOGA PRAJAPAT
output/cropped_outputs/Father Name/bnw_image_075_jpg.rf.b06c51cd71ade6bb6b3d396415d8c8dd_Father Name.jpg,BHOMA RAM GAHLOT
output/cropped_outputs/Father Name/bnw_image_053_jpg.rf.14fc162ae011cd130594aca456c45a0d_Father Name.jpg,HEM RAJ JI
output/cropped_outputs/Father Name/PAN_Card_20240701_181008420_jpg.rf.c87c925dac1acc7781dfe0655d322ce7_Father Name.jpg,MOHAMMED YOUNUS
output/cropped_outputs/Father Name/bc_image_093_jpg.rf.b78e1db607ff9b6ee640145cb668da1b_Father Name.jpg,BHANWAR LAL
output/cropped_outputs/Father Name/Jitendra-PAN_page-0001_jpg.rf.112f140517d146ed9d92b62b9aca91b8_Father Name.jpg,HOMJI RAWAT
output/cropped_outputs/Father Name/bnw_image_214_jpg.rf.cdf6c24c0e472c8906fcee58b679c7e3_Father Name.jpg,BHALCHANDRA DEVRAM JOSHI
output/cropped_outputs/Father Name/01215473510013_jpg.rf.67be7162f1daad52fd214ddb6203541c_Father Name.jpg,PRADIP DUTTA
output/cropped_outputs/Father Name/bnw_image_095_jpg.rf.3c03c4433d59e29a1e63d3976b08a3ed_Father Name.jpg,DHANNA DANGI
output/cropped_outputs/Father Name/bnw_image_107_jpg.rf.6e20ed63b6dca46ff700311f1c5606f7_Father Name.jpg,PREM JI PRAJAPAT
output/cropped_outputs/Father Name/bc_image_021_jpg.rf.9cf1696e018a8d4b993e86bdf8d6c834_Father Name.jpg,GAJODHAR LAL
output/cropped_outputs/Father Name/bnw_image_052_jpg.rf.c018646721fe08b8a4e8cd6e60a9b3d0_Father Name.jpg,JAGNNATH
output/cropped_outputs/Father Name/bc_image_090_jpg.rf.6a00404492b275fe835217360f9d2c9e_Father Name.jpg,RAJENDRA BHALCHANDRA JOSHI
output/cropped_outputs/Father Name/bnw_image_131_jpg.rf.9e44b744b9005bd730b31bda93b49d02_Father Name.jpg,RAMKISHAN
output/cropped_outputs/Father Name/01335435330017_jpg.rf.b012de1c8d73de6dfcf923a68ed215cf_Father Name.jpg,NANDLAL
output/cropped_outputs/Father Name/pan1_png.rf.6f92d53760ce30856ab97ef9cdd0fc61_Father Name.jpg,SATENDRA MISHRA
output/cropped_outputs/Father Name/bc_image_269_jpg.rf.363412c0ca9dbeacbe017662e7888952_Father Name.jpg,SHYAM SUNDAR MAHARSHI
output/cropped_outputs/Father Name/pan-card-of_jpg.rf.86b126a4be008be3ea07b532a6fa3def_Father Name.jpg,PRABHU LAL
output/cropped_outputs/Father Name/bnw_image_077_jpg.rf.f510b1950e05df26d726062703ab679f_Father Name.jpg,NATHU RAM
output/cropped_outputs/Father Name/bc_image_242_jpg.rf.eda6da8c7a040520e4e7febe7715b68d_Father Name.jpg,SAFARUDEEN
output/cropped_outputs/Father Name/bnw_image_139_jpg.rf.229b19ebeb311782f21ec0b249ed3aac_Father Name.jpg,SHYOJI RAM
output/cropped_outputs/Father Name/PAN_Card_20240701_191623713_jpg.rf.26d809bfd83f9bf17556725647c176ba_Father Name.jpg,DODDEERAPPA DEVARAJ
output/cropped_outputs/Father Name/Babulal-PAN_page-0001_jpg.rf.3bd1a283d171071440399db84378d887_Father Name.jpg,KALU RAM SAINI
output/cropped_outputs/Father Name/PAN_Card_20240702_180812051_jpg.rf.412e5cc254ac636c944c64c3555cfcb0_Father Name.jpg,SYED SALAR
output/cropped_outputs/Father Name/PAN-Saju_jpeg.rf.d3624d6d60c15a00bd44cbde743d35c6_Father Name.jpg,VIJAYSINH CHAUHAN
output/cropped_outputs/Father Name/papu-singh-pan-card-tambariya_page-0001_jpg.rf.e2c3b78b3a8f8fbd35c654f52aa30aa4_Father Name.jpg,JALAM SINGH
output/cropped_outputs/Father Name/01537155560015_jpg.rf.2326615b6df54c905e9b4cb805508c86_Father Name.jpg,MOHAMMAD NAFUUR RAHAMAN
output/cropped_outputs/Father Name/bc_image_202_jpg.rf.fcb5f2e8979fcf6acb5f1653c0b08aae_Father Name.jpg,PYARE JAN
output/cropped_outputs/Father Name/bc_image_127_jpg.rf.9d1c65b28d1eaa624d7372dd24c06e88_Father Name.jpg,BALWANT SINGH
output/cropped_outputs/Father Name/bnw_image_130_jpg.rf.748e774e23e9001a16ea6da8d3cb2958_Father Name.jpg,ABDUL RASHID
output/cropped_outputs/Father Name/bnw_image_045_jpg.rf.8272047ece185b00e1a914f17154c402_Father Name.jpg,CHHOTU RAM BAIRWA
output/cropped_outputs/Father Name/70_PAN_jpg.rf.ab320e769a58542fb7d3f713daa3cb56_Father Name.jpg,ALI MOHAMED GHOUSE
output/cropped_outputs/Father Name/bnw_image_030_jpg.rf.67046d728cfabf47b1f43ed5a0cdc929_Father Name.jpg,SANJAY DUNDAPPA LOHAR
output/cropped_outputs/Father Name/bnw_image_069_jpg.rf.b53a708d1535a7b1e74165abc97a2dd9_Father Name.jpg,KALU RAM VERMA
output/cropped_outputs/Father Name/01577335720011_jpg.rf.4bf77a0385e0a1ee53d6fe0808d5af77_Father Name.jpg,MD ATAUR RAHAMAN
output/cropped_outputs/Father Name/pan3_png.rf.441497f3456f8de365d001b14b8b63c2_Father Name.jpg,RAJENDER
output/cropped_outputs/Father Name/bnw_image_090_jpg.rf.557f2c00d2aba5484fb4281603a8d5ef_Father Name.jpg,RAJENDRA BHALCHANDRA JOSHI
output/cropped_outputs/Father Name/bnw_image_127_jpg.rf.112c1d0d5a07bb0dd41816871af1a448_Father Name.jpg,BALWANT SINGH
output/cropped_outputs/Father Name/01215352310017_jpg.rf.e73d321863e656403f42d07f2da14995_Father Name.jpg,KRISHAN NANDAN SAH
output/cropped_outputs/Father Name/7_PAN_jpg.rf.ded6497fc5eec84a000e97b679448d98_Father Name.jpg,CHHOTU RAM BAIRWA
output/cropped_outputs/Father Name/30_jpg.rf.65d043ea1598e70701c58db037b7fec9_Father Name.jpg,MAHRAJ DUTT SHUKLA
output/cropped_outputs/Father Name/bc_image_199_jpg.rf.0bd0dfeb979bfb031292c7a240b93f10_Father Name.jpg,MANGI LAL GURJAR
output/cropped_outputs/Father Name/92_jpg.rf.7640a81f3716d235647b4a3a11843f1a_Father Name.jpg,PAPAYYA NAIKER DORAI
output/cropped_outputs/Father Name/46_PAN_jpg.rf.2dc4fbedf92bba67d8b4914e16c62418_Father Name.jpg,JOGNA SUNDI
output/cropped_outputs/Father Name/Gogaram-pan_page-0001_jpg.rf.db3714512a94ecb974c6529ea3850fee_Father Name.jpg,TILOK RAM
output/cropped_outputs/Father Name/29_jpg.rf.6f7bd3348ac5d7a5234708e06a6a3e8f_Father Name.jpg,JAIPRAKASH RAO
output/cropped_outputs/Father Name/bnw_image_005_jpg.rf.f23e1477eb8e7074bcff9f4caf581763_Father Name.jpg,NAWAB NOOR MOHD KHAN
output/cropped_outputs/Father Name/bnw_image_014_jpg.rf.b78c0b0dd2d8d1685ca2711c85042bdf_Father Name.jpg,BHIMLAL DAS
output/cropped_outputs/Father Name/bnw_image_120_jpg.rf.01214669ccfa4dbc6198fe646c139cd5_Father Name.jpg,HOMJI RAWAT
output/cropped_outputs/Father Name/bnw_image_009_jpg.rf.64fa6aa9f5c70c953641aa73708bd36c_Father Name.jpg,SYED KADAR ALI
output/cropped_outputs/Father Name/bc_image_212_jpg.rf.c9b17919b64850b1e252609d5ffdb433_Father Name.jpg,MD BABU MIYAN
output/cropped_outputs/Father Name/PAN_Card_20240702_125404493_jpg.rf.ed2c26a4d48856d417204bab42a7c706_Father Name.jpg,KENCHAVEERAPPA
output/cropped_outputs/Father Name/18_PAN_jpg.rf.3851a81d5bbdc56b338fa84ba6ce8a9e_Father Name.jpg,VENKATA KRISHNARAO EEDUPUGANTI
output/cropped_outputs/Father Name/bc_image_250_jpg.rf.b03becd70b21125864ca78875c1364b7_Father Name.jpg,SHABBIR KHA
output/cropped_outputs/Father Name/bnw_image_150_jpg.rf.bb40d182c99cf0ec7e078fcf4330b591_Father Name.jpg,GOVIND SINGH
output/cropped_outputs/Father Name/bnw_image_161_jpg.rf.879a989f8c24721d269761da1898f32a_Father Name.jpg,BHANWAR LAL
output/cropped_outputs/Father Name/Ghanshyam-PAN-ADHAR_page-0003_jpg.rf.d1376631a17a42bf8446f70bb0ce4f5c_Father Name.jpg,RAMCHANDRA VISHNOI
output/cropped_outputs/Father Name/bnw_image_001_jpg.rf.70fde3b5e9266c5fdadf35a7db5442a2_Father Name.jpg,SALIM UDDIN SEKH
output/cropped_outputs/Father Name/bnw_image_218_jpg.rf.66453a01fe83bd425c35f2cf5b4cd34e_Father Name.jpg,DEVILAL
output/cropped_outputs/Father Name/bnw_image_107_jpg.rf.3e2e0d6655dfe01b65b3da51e1361763_Father Name.jpg,PREM JI PRAJAPAT
output/cropped_outputs/Father Name/pancard1_jpg.rf.0f25d2ea2b40bf0a103f0f29e0a7d2a8_Father Name.jpg,SURENDRA SINGH
output/cropped_outputs/Father Name/bnw_image_109_jpg.rf.c1562fafc22c0f53565e2aa05dac97ff_Father Name.jpg,MALA RAM
output/cropped_outputs/Father Name/bc_image_092_jpg.rf.903bdc9444c5e09d68585db0026c7999_Father Name.jpg,BABU LAL
output/cropped_outputs/Father Name/Laxman-PAN_page-0001_jpg.rf.9e84ea75d8b1ef4827d0a55e218911e5_Father Name.jpg,MOOL CHAND KUMAWAT
output/cropped_outputs/Father Name/01367165370017_jpg.rf.e2e8c22efeb7fe9b754915b490cf11f1_Father Name.jpg,BHIMLAL DAS
output/cropped_outputs/Father Name/CoAPP-Deepa-Pan-Card_page-0001_jpg.rf.4c80a3b9643197f640042981d700204d_Father Name.jpg,LIKHMA RAM
output/cropped_outputs/Father Name/6-Virendra-PAN_jpeg.rf.5eb0476dd53c0bd8be604114f918e182_Father Name.jpg,CHHAGAN LAL JAIN
output/cropped_outputs/Father Name/Neetu-PAN_jpeg.rf.54d72aff6b31eaef5ff753a837b960e2_Father Name.jpg,RADHESHYAM MEENA
output/cropped_outputs/Father Name/bnw_image_088_jpg.rf.36205ae18fea3e40c297a5e64dcc5827_Father Name.jpg,BHACHANARAM
output/cropped_outputs/Father Name/bc_image_238_jpg.rf.aa7f4349c09bc6e16ee1b968f3284916_Father Name.jpg,DHUDA RAM
output/cropped_outputs/Father Name/bc_image_040_jpg.rf.7182be8e7aa2f7e211bc63d6d39ccb8d_Father Name.jpg,CHHAGAN LAL JAIN
output/cropped_outputs/Father Name/bnw_image_253_jpg.rf.382915cf8275246c82b8062b8323490b_Father Name.jpg,MOHAN PURI
output/cropped_outputs/Father Name/1710411256675_jpeg.rf.431afcb1294a845a345849fe3eb5067e_Father Name.jpg,BALAKRISHNAN
output/cropped_outputs/Father Name/01262175230013_jpg.rf.3d8376a25612820699f6d4f4c7884b66_Father Name.jpg,SUKHDEV SINGH
output/cropped_outputs/Father Name/RINKU-PAN_page-0001_jpg.rf.3f271965b3f1c729c42ef127d018d86d_Father Name.jpg,DULAL MONDAL
output/cropped_outputs/Father Name/bnw_image_215_jpg.rf.d15668096a18c1d84146a1238b29d1dd_Father Name.jpg,JALAM SINGH
output/cropped_outputs/Father Name/01452511510013_jpg.rf.143a625fa2db21f1d54bbefad8a51f7d_Father Name.jpg,SARFUL HOQUE
output/cropped_outputs/Father Name/papu-singh-pan-card-tambariya_page-0001_jpg.rf.319968a5f97f0af0fedf509cb2b1d392_Father Name.jpg,JALAM SINGH
output/cropped_outputs/Father Name/bc_image_104_jpg.rf.0ef07b8e5ef6557c49ed988b22dbbab0_Father Name.jpg,TILOK RAM
output/cropped_outputs/Father Name/01236464640010_jpg.rf.acfeb25982f8a5e7ba22fc07d47a9663_Father Name.jpg,RAM SAKAL YADAV
output/cropped_outputs/Father Name/bc_image_258_jpg.rf.5b5a9c718dee649cd4e93f66672d278e_Father Name.jpg,BUDHA RAM HARIJAN
output/cropped_outputs/Father Name/bc_image_116_jpg.rf.4d471adf92446000e503bddac8119f2f_Father Name.jpg,MOHAN PURI
output/cropped_outputs/Father Name/4abfeb59-imgtopdf_generated_2208201757059_page-43_jpg.rf.f969f342b6d33ee03b818091512ce12b_Father Name.jpg,BIJAY TANTUBAI
output/cropped_outputs/Father Name/Rakesh-Pan-Card_page-0001_jpg.rf.494044cdb96aae8221a461e8af277f6a_Father Name.jpg,MAHENDRA
output/cropped_outputs/Father Name/Kan-Pan_jpg.rf.d88455fc3df27ce96f5033245660232f_Father Name.jpg,BALWANT SINGH
output/cropped_outputs/Father Name/bc_image_056_jpg.rf.5261887a701a3da6b72b60ce86bd762d_Father Name.jpg,RIDHA RAM
output/cropped_outputs/Father Name/bc_image_210_jpg.rf.abef205edf95b1130029d7a76c66e996_Father Name.jpg,GUDDAPPA
output/cropped_outputs/Father Name/Ganesh-PAN_jpeg.rf.d69be418ae46b42fa2af85261d70dc84_Father Name.jpg,KANHAIYA LAL MEENA
output/cropped_outputs/Father Name/bnw_image_047_jpg.rf.9ae613f58b1894139ff75419cab4fa7c_Father Name.jpg,UTTAM MAITY
output/cropped_outputs/Father Name/Guarantor-Mayank_Pan_jpg.rf.28ec8d41995916f04870165bcf1083b5_Father Name.jpg,RAMESH GARG
output/cropped_outputs/Father Name/bc_image_102_jpg.rf.f619789097c01732f01fe44d73b59cee_Father Name.jpg,MOHAN JI
output/cropped_outputs/Father Name/bc_image_045_jpg.rf.9db773dbd0d0d599c343f11eb288e6db_Father Name.jpg,CHHOTU RAM BAIRWA
output/cropped_outputs/Father Name/Kamla_Pan_jpg.rf.6ccead183a464e0f2f2ece50bcf33108_Father Name.jpg,KACHU RAO
output/cropped_outputs/Father Name/bnw_image_057_jpg.rf.5c36b08a54e992f2697a100e7c2fc243_Father Name.jpg,LAVJI VAJAH SINGH RAO
output/cropped_outputs/Father Name/bc_image_039_jpg.rf.56bc2b6385041974d7e79db0326920cd_Father Name.jpg,AMBIK SINGH
output/cropped_outputs/Father Name/01611485750018_jpg.rf.fec745eb8df70d2e83fa03b27711c3b8_Father Name.jpg,BRIJ LAL RAL
output/cropped_outputs/Father Name/01261732310018_jpg.rf.aae5a16900ee87a51056e5359697c370_Father Name.jpg,MEHER SK
output/cropped_outputs/Father Name/bc_image_028_jpg.rf.da30ef7f04edee856df001a8f2c38581_Father Name.jpg,ABHOY CHARAN BANERJEE
output/cropped_outputs/Father Name/PAN_Card_20240701_203515260_jpg.rf.3291a53659cfdbccd76ee5a181353efc_Father Name.jpg,MOHD IBRAHIM
output/cropped_outputs/Father Name/PAN_Card_20240703_104029804_jpg.rf.01d6bd2c7fb5c3860c7355766a6cd677_Father Name.jpg,BASAVARAJ SAJJAN
output/cropped_outputs/Father Name/Chirag-Pan_jpeg.rf.b841d9f66e38adf735772c203f58b6de_Father Name.jpg,PRAKASH CHANDRA JAIN
output/cropped_outputs/Father Name/bc_image_016_jpg.rf.4851a00bab200ad2450538a3834f7093_Father Name.jpg,MOHAMMAD NAFUUR RAHAMAN
output/cropped_outputs/Father Name/bnw_image_051_jpg.rf.c11b29491343ce7cbbfed38bd87936d8_Father Name.jpg,THEKKUMTHODATH GOPALAN BOSE
output/cropped_outputs/Father Name/bc_image_068_jpg.rf.f67f54dff70b3e73ea96dbe88aceadf5_Father Name.jpg,KHEMRAJ BENIWAL
output/cropped_outputs/Father Name/bc_image_062_jpg.rf.092130e43be70d56270abfdd439a460a_Father Name.jpg,BHARAT PANCHAL
output/cropped_outputs/Father Name/bc_image_070_jpg.rf.41aaf927fdd4137ce45226c0fc455e6b_Father Name.jpg,BABUDDIN QURESHI
output/cropped_outputs/Father Name/bnw_image_149_jpg.rf.51d113a877ea3cb8885916f3368795ab_Father Name.jpg,MAHESH CHAND SHARMA
output/cropped_outputs/Father Name/bc_image_041_jpg.rf.e7073942280a25cd0edc718574256c73_Father Name.jpg,PRAKASH BHIVA GARATE
output/cropped_outputs/Father Name/IMG_20240314_160358_jpg.rf.38d2891c98a5e08c64aa198fef3d0b7c_Father Name.jpg,SENTHILKUMAR
output/cropped_outputs/Father Name/bc_image_086_jpg.rf.747046ffe51a291ce8d487eeb76de500_Father Name.jpg,KALU LAL
output/cropped_outputs/Father Name/bnw_image_016_jpg.rf.381e295134bacff14bf824cb449ca21e_Father Name.jpg,MOHAMMAD NAFUUR RAHAMAN
output/cropped_outputs/Father Name/PAN_Card_20240701_184004436_jpg.rf.0168bdee4a60c5d257ebada414f27765_Father Name.jpg,PYARE JAN
output/cropped_outputs/Father Name/bnw_image_070_jpg.rf.a868c1223604166c24a962219ce19fce_Father Name.jpg,BABUDDIN QURESHI
output/cropped_outputs/Father Name/24_PAN_jpg.rf.8b5132ec9bdc0fb8c3ff92186e0bbb29_Father Name.jpg,PYARELAL
output/cropped_outputs/Father Name/bc_image_002_jpg.rf.ae7eced5b2e8f704b6a7c204107619a4_Father Name.jpg,RADHESHYAM
output/cropped_outputs/Father Name/01244621130012_jpg.rf.35082fdd8c9a92e63e72612cb11bfcba_Father Name.jpg,SUSHILAL SHIL
output/cropped_outputs/Father Name/bnw_image_144_jpg.rf.bff5cc1b81d098a9398c07d726ead337_Father Name.jpg,ROOPA RAM
output/cropped_outputs/Father Name/Panna_Pan_jpg.rf.9a113edfda9f332130426175754cc9ed_Father Name.jpg,MANGI LAL GURJAR
output/cropped_outputs/Father Name/47_PAN_jpg.rf.321782bd9756d0ed499c9ac1042cf1cf_Father Name.jpg,TULSIDAS VENKUSA JITURI
output/cropped_outputs/Father Name/bc_image_150_jpg.rf.af6fe2327007d853261c08940a031785_Father Name.jpg,GOVIND SINGH
output/cropped_outputs/Father Name/bnw_image_186_jpg.rf.40f1987aa6781546a6fe34cb05dc4d9b_Father Name.jpg,RAMAN LAL NINAMA
output/cropped_outputs/Father Name/45_PAN_jpg.rf.0be244b5db658a07c5000d7295529ed1_Father Name.jpg,CHINEYI LOHE
output/cropped_outputs/Father Name/bc_image_056_jpg.rf.79c315b754c6019a40289a961f4393c1_Father Name.jpg,RIDHA RAM
output/cropped_outputs/Father Name/01243431710010_pan_png.rf.fac45786b3e64800675df5e4d7c71460_Father Name.jpg,MD RAFIQ MIAH
output/cropped_outputs/Father Name/bnw_image_087_jpg.rf.85bdb02228b1cf9eed6dd22a8bc3d31a_Father Name.jpg,RAMJIRAM
output/cropped_outputs/Father Name/Badri-PAN-GTR_jpeg.rf.12a2e75b4f98dbb612af513f6bbe3aaa_Father Name.jpg,PANNA LAL
output/cropped_outputs/Father Name/bnw_image_159_jpg.rf.636d936d58cf8773dbf6e05855f81449_Father Name.jpg,RADHESHYAM MEENA
output/cropped_outputs/Father Name/01215317330013_jpg.rf.96b638bbd3e91d79a243466c58961306_Father Name.jpg,KISHORI LAL
output/cropped_outputs/Father Name/79_PAN_jpg.rf.d2b2a4b2101e29caadec0bf2f3b553bd_Father Name.jpg,APPLICANT'S FATHER NAME
output/cropped_outputs/Father Name/bc_image_114_jpg.rf.b8bf57331c0c01073b3a2cd60ad14804_Father Name.jpg,LIMJI RAWAT
output/cropped_outputs/Father Name/bc_image_237_jpg.rf.93f5c8b995dd120773400c0a5eefb5a7_Father Name.jpg,MOTI LAL
output/cropped_outputs/Father Name/bc_image_155_jpg.rf.8c18a142354a62cca4749c085a28420b_Father Name.jpg,LALA RAM
output/cropped_outputs/Father Name/bnw_image_248_jpg.rf.1091d3a436d9aa472bde63e9617742a2_Father Name.jpg,BALDEV SINGH GARHWAL
output/cropped_outputs/Father Name/bc_image_071_jpg.rf.cbd1f5795276dd07dff28f2e4c3e89ad_Father Name.jpg,KALU RAM SAINI
output/cropped_outputs/Father Name/Baby-Kanwar-Pan-Card_page-0001_jpg.rf.96b9fb51493dd88fdb0e3d6596c03ea6_Father Name.jpg,NARPAT SINGH
output/cropped_outputs/Father Name/bc_image_222_jpg.rf.7724bbe444f0773ffb50f96b796eeaaf_Father Name.jpg,ARJUN PATEL
output/cropped_outputs/Father Name/bnw_image_122_jpg.rf.ee13fd1ea46dc044bc8ce2b86a58adf5_Father Name.jpg,RAMA JI SALVI
output/cropped_outputs/Father Name/bc_image_082_jpg.rf.6450c5e0a4cd31a1e42ce454f7ecd90f_Father Name.jpg,JETHA RAM
output/cropped_outputs/Father Name/80db6ff7-imgtopdf_generated_2208201757059_page-76_jpg.rf.90cfe76724ec62cb7e9d04a8dc515bcc_Father Name.jpg,UTTAM MAITY
output/cropped_outputs/Father Name/1699514054_jpg.rf.bafa146c25e337ca7beb9a46d3c6fc46_Father Name.jpg,FIRST NAME MIDDLE NAME SURNAME
output/cropped_outputs/Father Name/01599646500012_jpg.rf.b128dbbcd19b6a68531bce5eaa6569fb_Father Name.jpg,SIRAJUL ISLAM
output/cropped_outputs/Father Name/PAN_Card_20240702_191406532_jpg.rf.64032b031fd02033f7648cf8c6a76763_Father Name.jpg,MD BABU MIYAN
output/cropped_outputs/Father Name/Lad-pan_jpg.rf.21fcd1b768851ac8db41d729d87362ef_Father Name.jpg,RAMKISHAN
output/cropped_outputs/Father Name/PAN_Card_20240702_161137495_jpg.rf.59689fe6c535bea4d62276830327b3d0_Father Name.jpg,CHANDRIKA CHOURASIVA
output/cropped_outputs/Father Name/PAN_Card_20240701_183248314_jpg.rf.13194177ff24ed0429d09de9f26e4f69_Father Name.jpg,SHIVARAMAREDDY
output/cropped_outputs/Father Name/Co-App_-Laxmi-Pan-Card-1-_page-0001_jpg.rf.5ab6aa1a57b90648345db0be2b9682cb_Father Name.jpg,BHACHANARAM
output/cropped_outputs/Father Name/1000071717-BAJAJ-PAN_png.rf.87be57cd59e20c351646f94eea5d3fd4_Father Name.jpg,SHANKAR TATUBA KALASE
output/cropped_outputs/Father Name/bnw_image_103_jpg.rf.9d8bec57e3351b410618c40f26080593_Father Name.jpg,RAMCHANDRA VISHNOI
output/cropped_outputs/Father Name/bnw_image_251_jpg.rf.300514208a484e7b887e7ba3c3ca271a_Father Name.jpg,SHABBIR KHAN PATHAN
output/cropped_outputs/Father Name/bnw_image_075_jpg.rf.db187fc0040db7c2d9acc82cfdce2120_Father Name.jpg,BHOMA RAM GAHLOT
output/cropped_outputs/Father Name/01243337570010_jpg.rf.0869cb6845eb9f4a19eebdb2c753abfc_Father Name.jpg,MANORANJAN KAR
output/cropped_outputs/Father Name/bnw_image_012_jpg.rf.41bdca8fc7f2637eec722f98e67b3362_Father Name.jpg,SHOBHA KANT MISHRA
output/cropped_outputs/Father Name/bc_image_038_jpg.rf.e24a98bf02992f157f7aea9a11ab873f_Father Name.jpg,SUBHASH CHANDRA JAIN
output/cropped_outputs/Father Name/bc_image_101_jpg.rf.9b7434dc3fb290ea60ad45ba9ed69a2f_Father Name.jpg,SOHAN LAL
output/cropped_outputs/Father Name/bnw_image_204_jpg.rf.8e1a13bd2d9c3b817e280cf1ebb9d3d0_Father Name.jpg,MOHD IBRAHIM
output/cropped_outputs/Father Name/19_jpg.rf.4edb18e33610ebadb52c5b75b3711ecf_Father Name.jpg,ABHOY CHARAN BANERJEE
output/cropped_outputs/Father Name/bc_image_035_jpg.rf.336273b67915fca59e2eccfad19d6f9a_Father Name.jpg,JAIPRAKASH RAO
output/cropped_outputs/Father Name/bc_image_045_jpg.rf.a9c1886af9f3ab34bebe51896459a39e_Father Name.jpg,CHHOTU RAM BAIRWA
output/cropped_outputs/Father Name/01151242750019_jpg.rf.ac8007f6136025ae19727dc58ac0ff93_Father Name.jpg,SALIM UDDIN SEKH
output/cropped_outputs/Father Name/bc_image_173_jpg.rf.a450a639b58442cdc1896e7a4473cdb8_Father Name.jpg,BHERULAL JAIN
output/cropped_outputs/Father Name/13_PAN_jpg.rf.25ebdb28f3e31ff9a75907d44afbd0e2_Father Name.jpg,MOHD UMAR
output/cropped_outputs/Father Name/01214635550018_jpg.rf.7fde5094fc9cb72d2e2cf994acb3592a_Father Name.jpg,NAWAB NOOR MOHD KHAN
output/cropped_outputs/Father Name/bc_image_124_jpg.rf.2193386ad58429b237b3ef639cee8302_Father Name.jpg,KACHU RAO
output/cropped_outputs/Father Name/PAN_jpeg.rf.c6ce5bdbd947d3f2c9a5983dceb7b5d5_Father Name.jpg,RAMAN LAL NINAMA
output/cropped_outputs/Father Name/bnw_image_034_jpg.rf.50f6ea0daeb7f6e87c2494f56056c22c_Father Name.jpg,SANJAY DUNDAPPA LOHAR
output/cropped_outputs/Father Name/bc_image_189_jpg.rf.048af5098496c0f1eacd243e71ed1d67_Father Name.jpg,RAJENDER
output/cropped_outputs/Father Name/bc_image_239_jpg.rf.2a83f9d115ec519792ab76e40ba09594_Father Name.jpg,DULAL MONDAL
output/cropped_outputs/Father Name/GTR-2-Rajendra-PAN_jpg.rf.24dd20d6115d1bf504a230cde8fd41fd_Father Name.jpg,PREM JI PRAJAPAT
output/cropped_outputs/Father Name/Pan-Arti_jpeg.rf.bd291204b46838bd31c07e98e37c5693_Father Name.jpg,BHANWAR LAL
output/cropped_outputs/Father Name/bc_image_095_jpg.rf.6cbd69be31e60d5b8fa20b64037ce987_Father Name.jpg,DHANNA DANGI
output/cropped_outputs/Father Name/bc_image_229_jpg.rf.9ba36131dffa9df94a3269a6485f59bd_Father Name.jpg,RAMSAHAY OJHA
output/cropped_outputs/Father Name/ram-nivas-pan-card_jpg.rf.ea1ae4b22474c24212ed21f15517d6aa_Father Name.jpg,SULTAN GURJAR
output/cropped_outputs/Father Name/bc_image_186_jpg.rf.72f0f026d2089d1ebc4ebdd7e4570c6c_Father Name.jpg,RAMAN LAL NINAMA
output/cropped_outputs/Father Name/bnw_image_232_jpg.rf.cafc6dc9ac3a8518ac09ad00e785b0a6_Father Name.jpg,RATAN SINGH SOLANKI
output/cropped_outputs/Father Name/pan-card_jpeg.rf.ec30d11b226112eca6269338f77cee45_Father Name.jpg,PRABHULAL
output/cropped_outputs/Father Name/bc_image_004_jpg.rf.b24c0fca438ecbdcb5f3accf4eefe9e1_Father Name.jpg,SHYAMLAL NAYAK
output/cropped_outputs/Father Name/App-Arjun-Ram-Pan-Card_page-0001_jpg.rf.d82385ba1151ac74056dee16d1d0c928_Father Name.jpg,MULA RAM
output/cropped_outputs/Father Name/Anop-Pan_jpg.rf.aaab6a925ed28361927fd8484424f663_Father Name.jpg,BALVANT SINGH
output/cropped_outputs/Father Name/bc_image_190_jpg.rf.ed6021450b557deba966a2bf27de5e40_Father Name.jpg,SUNDAR SINGH
output/cropped_outputs/Father Name/01212725670019_jpg.rf.4b19ee49a206b31bbe0dd9e660512dce_Father Name.jpg,ABDUL RAHMAN KUMAR
output/cropped_outputs/Father Name/bnw_image_016_jpg.rf.28fa62d213d9dbe4abf41087444b0bf1_Father Name.jpg,MOHAMMAD NAFUUR RAHAMAN
output/cropped_outputs/Father Name/bnw_image_250_jpg.rf.546c9f4569a103c7bc4ae015cb8a0d2b_Father Name.jpg,SHABBIR KHA
output/cropped_outputs/Father Name/bnw_image_225_jpg.rf.1250c200a24e28659ebc214ad24315ad_Father Name.jpg,RAM CHANDRA MEENA
output/cropped_outputs/Father Name/13_PAN_jpg.rf.3d85b9e84bcba45f6293f80657eb55d7_Father Name.jpg,MOHD UMAR
output/cropped_outputs/Father Name/01512636240017_jpg.rf.eaf9a685921d93cea064cb893c37e7e8_Father Name.jpg,RAM PRAKASH
output/cropped_outputs/Father Name/khemraj-pan_jpeg.rf.44cedcc7b768c6ad9ff83b22820b6189_Father Name.jpg,SOHAN LAL
output/cropped_outputs/Father Name/aadar-pan-jaswant-1_page-0007_jpg.rf.3e6ad3e2b29c0b1d37b2dae39876bbf3_Father Name.jpg,JAGNNATH
output/cropped_outputs/Father Name/bnw_image_124_jpg.rf.17acf6a4a00eb200515af662a2ba514d_Father Name.jpg,KACHU RAO
output/cropped_outputs/Father Name/bc_image_156_jpg.rf.ee1e3750f0a9c8ff02f50b0112325e7d_Father Name.jpg,BAL RENIWAL
output/cropped_outputs/Father Name/Baby-Kanwar-Pan-Card_page-0001_jpg.rf.00cf1a39fe5627a56171d76af600692c_Father Name.jpg,NARPAT SINGH
output/cropped_outputs/Father Name/PAN_Card_20240702_111040007_jpg.rf.312e8c8235836d155933d34b07841139_Father Name.jpg,MALLINATH GURUBASAPPA UDAG
output/cropped_outputs/Father Name/30_jpg.rf.54cb9835b1fbcb453cbe168798440f62_Father Name.jpg,MAHRAJ DUTT SHUKLA
output/cropped_outputs/Father Name/72_jpg.rf.c9d9117a3deb7865f55524789c0eaaf9_Father Name.jpg,ABHOY CHARAN BANERJEE
output/cropped_outputs/Father Name/PAN-BALRAM_jpg.rf.e2dd4040530ef083becb940bbfb99ef4_Father Name.jpg,KALU RAM ACHARYA
output/cropped_outputs/Father Name/bnw_image_253_jpg.rf.523117b442ca92faa586b1fa5e974742_Father Name.jpg,MOHAN PURI
output/cropped_outputs/Father Name/bnw_image_018_jpg.rf.cfe20e74c8ded0502b5d167a478668cf_Father Name.jpg,JASBIR SINGH
output/cropped_outputs/Father Name/bc_image_111_jpg.rf.99b542cc7c494a30b8936110879a360d_Father Name.jpg,SHANKARLAL PRAJAPATI
output/cropped_outputs/Father Name/bnw_image_201_jpg.rf.afbe3561b7280dee41f8ecccab8b1bb5_Father Name.jpg,BHUDESH
output/cropped_outputs/Father Name/01452511510013_jpg.rf.e65a39ffdffde3f783211749ed812c77_Father Name.jpg,SARFUL HOQUE
output/cropped_outputs/Father Name/47_jpg.rf.a19d11635b2244da0f293cdb609209d4_Father Name.jpg,TULSIDAS VENKUSA JITURI
output/cropped_outputs/Father Name/5-Neha-PAN_jpeg.rf.48083d935dabdeb19b83fbe6831c1dce_Father Name.jpg,SUBHASH CHANDRA JAIN
output/cropped_outputs/Father Name/bc_image_190_jpg.rf.71a864ae2bb6474b18eeabf13c47854c_Father Name.jpg,SUNDAR SINGH
output/cropped_outputs/Father Name/bc_image_113_jpg.rf.e9a051253256fdcf0808b83821c4611e_Father Name.jpg,BHURA RAM
output/cropped_outputs/Father Name/67_jpg.rf.0f36ffaa2bd304b2366bd30b59575832_Father Name.jpg,BHURE SINGH
output/cropped_outputs/Father Name/bc_image_125_jpg.rf.9f58cfd64d25622bb9c4152c5ed1dbd2_Father Name.jpg,RUPAJI YADAV
output/cropped_outputs/Father Name/bc_image_001_jpg.rf.82c2e41c5fda319f857367ac2c46cbf9_Father Name.jpg,SALIM UDDIN SEKH
output/cropped_outputs/Father Name/bc_image_032_jpg.rf.018b2aa355afa781b13d12d06b685b4a_Father Name.jpg,SARDAR SINGH
output/cropped_outputs/Father Name/01611712340012_jpg.rf.9e28b6205a41e6ba24c318e47a3ad2e4_Father Name.jpg,BHAGHIRATH KARMA
output/cropped_outputs/Father Name/bnw_image_221_jpg.rf.cffaa75c6a97d0e4003d7e9f9ee3db1b_Father Name.jpg,RAMAN LAL
output/cropped_outputs/Father Name/PAN_Card_20240701_192656584_jpg.rf.76e1b5c1b6ddd8e823a367c0619df1b0_Father Name.jpg,NOOR AHMAD
output/cropped_outputs/Father Name/GTR-2-Rajendra-PAN_jpg.rf.cdd2339c0d5ca244c89e372b984153b2_Father Name.jpg,PREM JI PRAJAPAT
output/cropped_outputs/Father Name/bnw_image_134_jpg.rf.c389b8a8f77449702f9fd10bdfa9019a_Father Name.jpg,MOOL CHAND KUMAWAT
output/cropped_outputs/Father Name/63_jpg.rf.dce74d5d5a78f81fa39fb5c3f35ec50a_Father Name.jpg,PRAKASH BHIVA GARATE
output/cropped_outputs/Father Name/01214635550018_jpg.rf.9d703cbe98b4be0612e6cf356926b782_Father Name.jpg,NAWAB NOOR MOHD KHAN
output/cropped_outputs/Father Name/bnw_image_209_jpg.rf.f3c41c903c1e778422eafa7de870bd66_Father Name.jpg,BABUMIYA
output/cropped_outputs/Father Name/bnw_image_005_jpg.rf.8c95a31ddc99e9649591ef568de1ee43_Father Name.jpg,NAWAB NOOR MOHD KHAN
output/cropped_outputs/Father Name/Ratan-PAN-1-_page-0001_jpg.rf.3ddb5e0ccdfda4d5092433189390d461_Father Name.jpg,RAMA DAMA MEENA
output/cropped_outputs/Father Name/bc_image_058_jpg.rf.948714746e1b1e1d067a42035bd8dc45_Father Name.jpg,RUPENG PATIDAR
output/cropped_outputs/Father Name/bc_image_246_jpg.rf.e023300689bf8bfe5f73cb5d5a008584_Father Name.jpg,PRABHU SEN
output/cropped_outputs/Father Name/Pan-Card_page-0001_jpg.rf.17dd3a2da4e2855d175552c7c030f3f3_Father Name.jpg,BADRI PRASAD
output/cropped_outputs/Father Name/jetha-ram-panc_jpeg.rf.a2e371f212f4e380cd0c5e99690a8c9e_Father Name.jpg,KALU RAM
output/cropped_outputs/Father Name/bc_image_152_jpg.rf.2e24e2180d08af28b6352fdfa196044b_Father Name.jpg,NAGJI
output/cropped_outputs/Father Name/PAN_Card_20240702_125404493_jpg.rf.930068037ae64849e08927a47c9075c2_Father Name.jpg,KENCHAVEERAPPA
output/cropped_outputs/Father Name/bnw_image_167_jpg.rf.7eb101ab9acc38151b017746a0220adc_Father Name.jpg,RAM PRASAD
output/cropped_outputs/Father Name/46_PAN_jpg.rf.488543a6ed33136d029a587ff568f838_Father Name.jpg,JOGNA SUNDI
output/cropped_outputs/Father Name/aadar-pan-jaswant-1_page-0010_jpg.rf.64464c96e4a933930a41d176da1be7d3_Father Name.jpg,HEM RAJ JI 
output/cropped_outputs/Father Name/67_jpg.rf.a02e938c4727e7c524d50444854da598_Father Name.jpg,BHURE SINGH
output/cropped_outputs/Father Name/PAN-Saju_jpeg.rf.da162cd470212dbdc19302adf5733ff3_Father Name.jpg,VIJAYSINH CHAUHAN
output/cropped_outputs/Father Name/bnw_image_224_jpg.rf.1dd92149ef0544f32e027f98f6b0a950_Father Name.jpg,GULAB CHAND SAIN
output/cropped_outputs/Father Name/bc_image_139_jpg.rf.44794ce820cafe072ba6efb0d9ba1d55_Father Name.jpg,SHYOJI RAM
output/cropped_outputs/Father Name/bnw_image_154_jpg.rf.c77b3a8ad8800678334017c56b948333_Father Name.jpg,SAMPAT LAL SEN
output/cropped_outputs/Father Name/bc_image_115_jpg.rf.cfc5a154e109e7d5975916050e51a49d_Father Name.jpg,AMARA RAM
output/cropped_outputs/Father Name/Screenshot-2024-09-11-at-5-31-14-PM_png.rf.b35f55c621aa9d69475d6474a6b6aca6_Father Name.jpg,MOTIKHAR
output/cropped_outputs/Father Name/01264265370011_jpg.rf.d1906fb09dd48493ec0a62d57a6a22b7_Father Name.jpg,PRONAB MONDAL
output/cropped_outputs/Father Name/bnw_image_250_jpg.rf.d76da3d45ad7bbbd1d2dc1d61ef983db_Father Name.jpg,SHABBIR KHA
output/cropped_outputs/Father Name/7780308718_jpg.rf.bbdf2b647ee42e5cc4967342a28823f3_Father Name.jpg,SRINIVASA RAO SAMANTAPUDI
output/cropped_outputs/Father Name/Dhapu-Pan_page-0001_jpg.rf.27b749c5d0c729d3b672cab2a9fa7686_Father Name.jpg,BHANWAR LAL
output/cropped_outputs/Father Name/bnw_image_228_jpg.rf.30a949c60ed05406492c0b21b66084a1_Father Name.jpg,JAGJI
output/cropped_outputs/Father Name/bc_image_181_jpg.rf.205a03b52826e0503315c59172227d6d_Father Name.jpg,ISHAK KHAN
output/cropped_outputs/Father Name/bnw_image_072_jpg.rf.8703c66060851e5d0c5a0eb028dd6b4d_Father Name.jpg,NARPAT SINGH
output/cropped_outputs/Father Name/Co-App-Guddi-Pan-Card_page-0001_jpg.rf.1245271d636a5d7ea92ed9e1b83f2efe_Father Name.jpg,RAMJIRAM 
output/cropped_outputs/Father Name/SEETA-PAN-CARD_page-0001_jpg.rf.0d4dc6c7e73b13b9a2471be4a8dfb940_Father Name.jpg,BALDEV SINGH GARHWAL
output/cropped_outputs/Father Name/bc_image_223_jpg.rf.2cbfd294ba4cf6fe647e9eb2a54da7f9_Father Name.jpg,MOGA PRAJAPAT
output/cropped_outputs/Father Name/57_jpg.rf.56b0fd491d788497fefae6c886172705_Father Name.jpg,AMRIK SINGH
output/cropped_outputs/Father Name/GTR_Ganesh_Pan_jpg.rf.63cbc0d9a95eacbd47314f95ffcc0864_Father Name.jpg,CHANGANLAL MEGHAJI GURJAR
output/cropped_outputs/Father Name/01262175230013_jpg.rf.3f3eca9624737e467a96ab289810f4cb_Father Name.jpg,SUKHDEV SINGH
output/cropped_outputs/Father Name/Kamlesh-Gtr-PAN-Copy_jpg.rf.aa60ec9c325dc1cf6f30adb842f3d711_Father Name.jpg,RUPAJI YADAV
output/cropped_outputs/Father Name/bnw_image_146_jpg.rf.d343a99bea248d95ebac516c816ca72c_Father Name.jpg,BAJRANG LAL
output/cropped_outputs/Father Name/PAN_Card_20240702_154034177_jpg.rf.4e2bfca97d14f0d746cd6aaa73ec483d_Father Name.jpg,"SUBHASH KATTEHOLE GOVINDA
NAIR"
output/cropped_outputs/Father Name/Mogaji_PanCard_jpg.rf.23eb1b314ff573abf400548d336a6268_Father Name.jpg,NAGJI
output/cropped_outputs/PAN Number/Balkishan-gahlot-GTR-Pan_jpg.rf.a30265f7f7fd8fdebbd8ee7b441b6117_PAN Number.jpg,ANEPG8139K
output/cropped_outputs/PAN Number/bnw_image_131_jpg.rf.424a545010e09925446dbf9246b301bc_PAN Number.jpg,GMBPB8448E
output/cropped_outputs/PAN Number/Jagdish-GTR-Pan_jpeg.rf.4859bdb6603af81d9cefdedf3f0e8429_PAN Number.jpg,EKIPP9041L
output/cropped_outputs/PAN Number/bnw_image_138_jpg.rf.9c85bf95671aa9971ba2c6f60279b9dd_PAN Number.jpg,HDMPR8222M
output/cropped_outputs/PAN Number/bc_image_185_jpg.rf.15923139a63d2f6f5121b5df6da62907_PAN Number.jpg,NQUPK3634P
output/cropped_outputs/PAN Number/bnw_image_021_jpg.rf.200241f8e84195087714eb76997fe8b7_PAN Number.jpg,EDRPR6212M
output/cropped_outputs/PAN Number/Rakesh-Pan-Card_page-0001_jpg.rf.494044cdb96aae8221a461e8af277f6a_PAN Number.jpg,FGEPR4322D
output/cropped_outputs/PAN Number/bnw_image_102_jpg.rf.65f7334b6a8eb707683a46474e2d4418_PAN Number.jpg,BCQPG3485E
output/cropped_outputs/PAN Number/Shyamlal-Pan-Card_page-0001_jpg.rf.93953acfe4847d99402094b2370c6642_PAN Number.jpg,KKRPS1385D
output/cropped_outputs/PAN Number/bnw_image_089_jpg.rf.c6356d2553aab67904180b568f2e5a06_PAN Number.jpg,ARWPJ5760H
output/cropped_outputs/PAN Number/bc_image_072_jpg.rf.3fd141bbccc71b8f716b3df5052c3f83_PAN Number.jpg,IGCPK1019K
output/cropped_outputs/PAN Number/bc_image_111_jpg.rf.da019430078f37a9b108939256fe5170_PAN Number.jpg,DFRPP5173N
output/cropped_outputs/PAN Number/bc_image_161_jpg.rf.38e3538873ddb16f7442d53ce89564e4_PAN Number.jpg,BFJPA4941P
output/cropped_outputs/PAN Number/PAN_Card_20240702_145310923_jpg.rf.212ec641ead0769e642739ff295c1838_PAN Number.jpg,HEUPS4130C
output/cropped_outputs/PAN Number/bc_image_050_jpg.rf.b2cfb32de3f1e5d119907a582204035d_PAN Number.jpg,AHHPD8696B
output/cropped_outputs/PAN Number/bnw_image_072_jpg.rf.cd838522b123eaad17f4d4929a9c2e6d_PAN Number.jpg,IGCPK1019K
output/cropped_outputs/PAN Number/bnw_image_063_jpg.rf.faacba2bddcb007180232499cb3c1876_PAN Number.jpg,HJHPSO889C
output/cropped_outputs/PAN Number/01215463130017_jpg.rf.1c523b45470a0b3de8fe845546a37f62_PAN Number.jpg,CPPPM6920M
output/cropped_outputs/PAN Number/bc_image_224_jpg.rf.dcd1a67b913f1580a89a1bce066d3da0_PAN Number.jpg,BXVPN6513Q
output/cropped_outputs/PAN Number/bnw_image_266_jpg.rf.ff2e75357c33b57a9010c00506ce9052_PAN Number.jpg,HVFPP0653D
output/cropped_outputs/PAN Number/bnw_image_068_jpg.rf.e8d225fac8aee23206207c8435fa2225_PAN Number.jpg,FNCPB3148E
output/cropped_outputs/PAN Number/Antu-Kanwar-Pan-Card_page-0001_jpg.rf.25bb4272afdb453e42ee0dc7620a30a0_PAN Number.jpg,NWHPK1776H
output/cropped_outputs/PAN Number/bnw_image_201_jpg.rf.e3894e92fb346be09b2ea4b5167381be_PAN Number.jpg,CURPA2637L
output/cropped_outputs/PAN Number/29_jpg.rf.6f7bd3348ac5d7a5234708e06a6a3e8f_PAN Number.jpg,BEWPK6075G
output/cropped_outputs/PAN Number/bc_image_049_jpg.rf.8e6f984dcd580798bb6647e14e64071d_PAN Number.jpg,CETPG2787M
output/cropped_outputs/PAN Number/bnw_image_057_jpg.rf.5c36b08a54e992f2697a100e7c2fc243_PAN Number.jpg,AKOPR6741H
output/cropped_outputs/PAN Number/bnw_image_226_jpg.rf.63def882d5820bac338953f27fa4c585_PAN Number.jpg,CYVPA3397P
output/cropped_outputs/PAN Number/bc_image_085_jpg.rf.99c2d6110778b26e79dc2311c013a33a_PAN Number.jpg,BCSPL1731J
output/cropped_outputs/PAN Number/01215317330013_jpg.rf.7e447e803d4d2a89694188e5f23e2c40_PAN Number.jpg,EGGPK3116M
output/cropped_outputs/PAN Number/bc_image_167_jpg.rf.90d4d26c3e18c4bc8c0216872fa0dacd_PAN Number.jpg,EUGPB4005L
output/cropped_outputs/PAN Number/pan-card-parma-ram_page-0001_jpg.rf.0e4eb691aa0dc24d0cb2a93e2f4daea2_PAN Number.jpg,FCYPP2033K
output/cropped_outputs/PAN Number/bc_image_068_jpg.rf.f67f54dff70b3e73ea96dbe88aceadf5_PAN Number.jpg,FNCPB3148E
output/cropped_outputs/PAN Number/bnw_image_189_jpg.rf.42a8748d1d0f72be08879fe1b12f719c_PAN Number.jpg,BGYPJ0129A
output/cropped_outputs/PAN Number/bnw_image_111_jpg.rf.59ef571959d997238e36583fb3565d09_PAN Number.jpg,DFRPP5173N
output/cropped_outputs/PAN Number/PAN_Card_20240701_192656584_jpg.rf.76e1b5c1b6ddd8e823a367c0619df1b0_PAN Number.jpg,BUSPH6210C
output/cropped_outputs/PAN Number/PAN_Card_20240702_121814233_jpg.rf.65e110beb5bb34f005e927535d3092c7_PAN Number.jpg,BJQPD4660P
output/cropped_outputs/PAN Number/bc_image_066_jpg.rf.33125ec68f6baf48e2bdc1d0bc5c8c85_PAN Number.jpg,BEKPA3775H
output/cropped_outputs/PAN Number/bnw_image_084_jpg.rf.5e460a0d9e40583a842c4728734be67b_PAN Number.jpg,BIXPJ9765M
output/cropped_outputs/PAN Number/bnw_image_105_jpg.rf.da03f581ce09cff13d3489c69421d7ee_PAN Number.jpg,EAUPG4776G
output/cropped_outputs/PAN Number/SEETA-PAN-CARD_page-0001_jpg.rf.0d4dc6c7e73b13b9a2471be4a8dfb940_PAN Number.jpg,BOZPC4678E
output/cropped_outputs/PAN Number/bc_image_104_jpg.rf.b7f519ff197d3b3b8a4c75946b103766_PAN Number.jpg,EPYPR1303J
output/cropped_outputs/PAN Number/bnw_image_005_jpg.rf.8c95a31ddc99e9649591ef568de1ee43_PAN Number.jpg,BNKPK1960M
output/cropped_outputs/PAN Number/7_PAN_jpg.rf.c838c2557fc909f27096fb33851b5573_PAN Number.jpg,BMZPB2728N
output/cropped_outputs/PAN Number/bnw_image_095_jpg.rf.11a30051d60fa5cb3871a7fbd411c9b4_PAN Number.jpg,EOCPB7804B
output/cropped_outputs/PAN Number/bnw_image_020_jpg.rf.d453a867f7b06f83da1b1f7028950139_PAN Number.jpg,HRZPK1446K
output/cropped_outputs/PAN Number/01776262270018_jpg.rf.698d987845f73debdbce1214c4ea115b_PAN Number.jpg,AMEPH1097C
output/cropped_outputs/PAN Number/1aea9462babd9fb2fd84f7a2f81f5ccf_jpg.rf.2a30d289e50c56d49395753ffe4a0c6c_PAN Number.jpg,OMRPS9699G
output/cropped_outputs/PAN Number/21_PAN_jpg.rf.a3ec8f2f2873ec6472707e4dbd45eddc_PAN Number.jpg,HCZPS2025H
output/cropped_outputs/PAN Number/bnw_image_252_jpg.rf.0aaceaff017117eccc2f3bb1b35b82dd_PAN Number.jpg,MHQPS5615A
output/cropped_outputs/PAN Number/bc_image_005_jpg.rf.6c154634192eadc21f287836c3a9ffd5_PAN Number.jpg,BNKPK1960M
output/cropped_outputs/PAN Number/bnw_image_121_jpg.rf.a605886cb5e439a72724c50a202d6f3f_PAN Number.jpg,NDQPS7908H
output/cropped_outputs/PAN Number/Pancard-Kusum_page-0001_jpg.rf.26ff10a2fac81eff9b15cfb5fcf810fc_PAN Number.jpg,PNEPK5421D
output/cropped_outputs/PAN Number/7_PAN_jpg.rf.630016e7ebbb05d09330214edba420f1_PAN Number.jpg,BMZPB2728N
output/cropped_outputs/PAN Number/PAN_Card_20240702_122454538_jpg.rf.409766680922b6adb2421bfa5d9003c6_PAN Number.jpg,ENSPS3259E
output/cropped_outputs/PAN Number/PAN_Card_20240701_205006547_jpg.rf.168a78b140733ba100adfd94f3c45760_PAN Number.jpg,ASTPA3193M
output/cropped_outputs/PAN Number/bc_image_121_jpg.rf.2b14248c4d9cdc7a12704e98d1e5ed53_PAN Number.jpg,NDQPS7908H
output/cropped_outputs/PAN Number/bc_image_225_jpg.rf.b92658fd8e4034320047a3d10d851b9e_PAN Number.jpg,FVVPM5591M
output/cropped_outputs/PAN Number/bnw_image_069_jpg.rf.b53a708d1535a7b1e74165abc97a2dd9_PAN Number.jpg,HUDPS8347N
output/cropped_outputs/PAN Number/bc_image_099_jpg.rf.cd28127c051112a39adf7677d6f6479e_PAN Number.jpg,BPLPY4522C
output/cropped_outputs/PAN Number/01243431710010_pan_png.rf.fac45786b3e64800675df5e4d7c71460_PAN Number.jpg,ACOPI0413M
output/cropped_outputs/PAN Number/1aea9462babd9fb2fd84f7a2f81f5ccf_jpg.rf.fd58674dca2de053c07e8f47174bdb27_PAN Number.jpg,OMRPS9699G
output/cropped_outputs/PAN Number/01264265370011_jpg.rf.3541056c82e732677e9acebe5a47cc7e_PAN Number.jpg,BQCPM6556Q
output/cropped_outputs/PAN Number/01335435330017_jpg.rf.b012de1c8d73de6dfcf923a68ed215cf_PAN Number.jpg,BMHPV9832P
output/cropped_outputs/PAN Number/bnw_image_233_jpg.rf.3348012e8976a29a59e182a19b25b9ef_PAN Number.jpg,FGEPR4322D
output/cropped_outputs/PAN Number/bnw_image_122_jpg.rf.ee13fd1ea46dc044bc8ce2b86a58adf5_PAN Number.jpg,TCKPS7265E
output/cropped_outputs/PAN Number/bnw_image_232_jpg.rf.cafc6dc9ac3a8518ac09ad00e785b0a6_PAN Number.jpg,QQPPS6380Q
output/cropped_outputs/PAN Number/bnw_image_215_jpg.rf.d15668096a18c1d84146a1238b29d1dd_PAN Number.jpg,LSXPS8701A
output/cropped_outputs/PAN Number/bnw_image_129_jpg.rf.ac58855bf45ea0882567dea6982d96d7_PAN Number.jpg,BBLPB2028J
output/cropped_outputs/PAN Number/bnw_image_077_jpg.rf.ea4f0b1a5f2e274d64b91e7657dc5a12_PAN Number.jpg,HTOPD7743B
output/cropped_outputs/PAN Number/01125761720016_jpg.rf.a9ada35e69ee83d3a2c959862125de6e_PAN Number.jpg,ARWPA3875C
output/cropped_outputs/PAN Number/bnw_image_028_jpg.rf.7fb47b97def5b547bd1fcde14271dc93_PAN Number.jpg,EEKPB8381D
output/cropped_outputs/PAN Number/PAN_Card_20240702_154034177_jpg.rf.4e2bfca97d14f0d746cd6aaa73ec483d_PAN Number.jpg,FHSPS4118D
output/cropped_outputs/PAN Number/bc_image_268_jpg.rf.a4981c071f751ea0274d0c0a51484c4d_PAN Number.jpg,FJPPB1563N
output/cropped_outputs/PAN Number/bc_image_037_jpg.rf.06c63724f17b02a5d4776ce899da89ac_PAN Number.jpg,ALAPJ9440L
output/cropped_outputs/PAN Number/6-Virendra-PAN_jpeg.rf.5eb0476dd53c0bd8be604114f918e182_PAN Number.jpg,ANAPJ5978R
output/cropped_outputs/PAN Number/bnw_image_225_jpg.rf.1250c200a24e28659ebc214ad24315ad_PAN Number.jpg,FVVPM5591M
output/cropped_outputs/PAN Number/80db6ff7-imgtopdf_generated_2208201757059_page-76_jpg.rf.dca8338f00dd60e3930a08b0f1c43348_PAN Number.jpg,DFOPM5176M
output/cropped_outputs/PAN Number/bnw_image_093_jpg.rf.772e2e9a81df2dde37cdabd8b7748624_PAN Number.jpg,IPUPD0494C
output/cropped_outputs/PAN Number/Ashif-PAN_jpeg.rf.58255f85c3e78baab573221047d2a2ae_PAN Number.jpg,ABAPQ1666K
output/cropped_outputs/PAN Number/bc_image_115_jpg.rf.56e31cfca87f6a665026f3732c635070_PAN Number.jpg,BUPPS5866L
output/cropped_outputs/PAN Number/01125713540016_jpg.rf.bcdc3ebe187640823f1887ae2016945c_PAN Number.jpg,FZSPK3122B
output/cropped_outputs/PAN Number/Rafik-PAN_jpeg.rf.58ea171ff72f6cb5c5db44504ebae65c_PAN Number.jpg,AEVPR4703A
output/cropped_outputs/PAN Number/Magha-Ram-PAN-card_jpeg.rf.edd19460fb0ec540e6f333baeda8a470_PAN Number.jpg,HDMPR8222M
output/cropped_outputs/PAN Number/bnw_image_154_jpg.rf.75e445e2addaca2aa8dd98e249e2e6c7_PAN Number.jpg,KRGPS2506L
output/cropped_outputs/PAN Number/bc_image_098_jpg.rf.dfeb28bb03a73ee93461c96be51653a6_PAN Number.jpg,DJDPG6364Q
output/cropped_outputs/PAN Number/bc_image_008_jpg.rf.379310ec6981d74471aee8ac571ba809_PAN Number.jpg,CTQPA1388G
output/cropped_outputs/PAN Number/10_PAN_jpg.rf.79178a13bf1391da4fc60ccd486a13f1_PAN Number.jpg,EDRPR6212M
output/cropped_outputs/PAN Number/bc_image_109_jpg.rf.5b595e6322a5895149eb0edf086e89e5_PAN Number.jpg,FTZPP4687P
output/cropped_outputs/PAN Number/bc_image_212_jpg.rf.c9b17919b64850b1e252609d5ffdb433_PAN Number.jpg,MRAPS9888K
output/cropped_outputs/PAN Number/1000093608-UNITED-PAN-1_jpg.rf.53e95960a959c105a64e1d3fd59bc3c2_PAN Number.jpg,GPIPD5863P
output/cropped_outputs/PAN Number/bnw_image_035_jpg.rf.b3f6144281a435ba2ef252508b3bc1cc_PAN Number.jpg,BEWPK6075G
output/cropped_outputs/PAN Number/bnw_image_250_jpg.rf.d76da3d45ad7bbbd1d2dc1d61ef983db_PAN Number.jpg,HNLPP5113E
output/cropped_outputs/PAN Number/Nand-PAN_jpeg.rf.a99fcc91d4cc1b1772167453137d04c1_PAN Number.jpg,AKCPR7239J
output/cropped_outputs/PAN Number/ram-nivas-pan-card_jpg.rf.e7f769e9aff91f9d3fb92fae177f556d_PAN Number.jpg,EJTPG5687K
output/cropped_outputs/PAN Number/bc_image_019_jpg.rf.290904dc66e4e3f18c35b5e758e3adb3_PAN Number.jpg,CUHPK4890B
output/cropped_outputs/PAN Number/bc_image_120_jpg.rf.d34727e5b279b3d7b7ec58c36663fc36_PAN Number.jpg,BXSPR7512L
output/cropped_outputs/PAN Number/Prakash-Pan_jpeg.rf.fb5fd16b97d2e5ae14e0faa000aa71c6_PAN Number.jpg,AZCPC9668B
output/cropped_outputs/PAN Number/bnw_image_034_jpg.rf.50f6ea0daeb7f6e87c2494f56056c22c_PAN Number.jpg,BIQPL1856A
output/cropped_outputs/PAN Number/CoApp-Pan-Card_jpeg.rf.7dc798eda0538533504a0eeae462bf39_PAN Number.jpg,OKOPK4445P
output/cropped_outputs/PAN Number/bnw_image_134_jpg.rf.7c9103119906d17d6fda48efae324ece_PAN Number.jpg,EEZPK1076M
output/cropped_outputs/PAN Number/bnw_image_167_jpg.rf.7eb101ab9acc38151b017746a0220adc_PAN Number.jpg,EUGPB4005L
output/cropped_outputs/PAN Number/01577523110010_jpg.rf.a72df353869cc0ae75476501dadb0382_PAN Number.jpg,GIYPS9557L
output/cropped_outputs/PAN Number/bnw_image_180_jpg.rf.1efe6a5a1a4b8b935807735783a9acf4_PAN Number.jpg,AWWPR1515P
output/cropped_outputs/PAN Number/bnw_image_052_jpg.rf.c018646721fe08b8a4e8cd6e60a9b3d0_PAN Number.jpg,DEWPM4236K
output/cropped_outputs/PAN Number/30_jpg.rf.65d043ea1598e70701c58db037b7fec9_PAN Number.jpg,BNFPS7312J
output/cropped_outputs/PAN Number/Ratan-PAN_jpg.rf.7a547cef7ff385b4c68ab79bb4049961_PAN Number.jpg,AOWPL6384A
output/cropped_outputs/PAN Number/bnw_image_007_jpg.rf.2d16ef5e07da8bbe009696018fc81e6c_PAN Number.jpg,AVJPH2161H
output/cropped_outputs/PAN Number/Ganesh-PAN_jpeg.rf.d69be418ae46b42fa2af85261d70dc84_PAN Number.jpg,AUOPM3955A
output/cropped_outputs/PAN Number/PAN-OF-IRFAN_jpg.rf.ecacf42fcf61cbce5c270883da344f5c_PAN Number.jpg,AKAPI4266L
output/cropped_outputs/PAN Number/bnw_image_205_jpg.rf.1cc243f38e385a2d92a8cca8a9e85192_PAN Number.jpg,ABIPU5757D
output/cropped_outputs/PAN Number/bc_image_028_jpg.rf.4615e45f798c3ad710b1b26b9cfe7a81_PAN Number.jpg,EEKPB8381D
output/cropped_outputs/PAN Number/bnw_image_251_jpg.rf.300514208a484e7b887e7ba3c3ca271a_PAN Number.jpg,GYVPP8712H
output/cropped_outputs/PAN Number/63_PAN_jpg.rf.1a96a1a1ee666e8b7cce185b04b4ea17_PAN Number.jpg,CHLPG7477F
output/cropped_outputs/PAN Number/bc_image_074_jpg.rf.0aeb5b7b5d9da5d69650e5eeb2491222_PAN Number.jpg,BMMPL5024Q
output/cropped_outputs/PAN Number/bnw_image_248_jpg.rf.1091d3a436d9aa472bde63e9617742a2_PAN Number.jpg,BOZPC4678E
output/cropped_outputs/PAN Number/67_jpg.rf.a02e938c4727e7c524d50444854da598_PAN Number.jpg,AKVPY9040M
output/cropped_outputs/PAN Number/PAN_Card_20240701_184004436_jpg.rf.e60b1d12b46f8682473cc7ed9e71945f_PAN Number.jpg,CHRPN7043J
output/cropped_outputs/PAN Number/bc_image_209_jpg.rf.b34912427a0c4d0036ab09c14a8ddd90_PAN Number.jpg,DRMPB0361P
output/cropped_outputs/PAN Number/PAN-Karan_jpeg.rf.8a7ffedfbd561dffe773676d86f4efd9_PAN Number.jpg,AWWPR1515P
output/cropped_outputs/PAN Number/01213346260037_jpg.rf.57dd6f567cb00ae43905b7402863503a_PAN Number.jpg,CGPPN7383G
output/cropped_outputs/PAN Number/01214635550018_jpg.rf.7fde5094fc9cb72d2e2cf994acb3592a_PAN Number.jpg,BNKPK1960M
output/cropped_outputs/PAN Number/bc_image_130_jpg.rf.bd658072e9ad693e5efc423734658147_PAN Number.jpg,CJLPN8794C
output/cropped_outputs/PAN Number/Neetu-PAN_jpeg.rf.2b1543065e2e911080bbb8ae225b5d04_PAN Number.jpg,GEJPM0786N
output/cropped_outputs/PAN Number/27_PAN_jpg.rf.b2017e872cf61f8f9160071efe0b8cec_PAN Number.jpg,DZNOO7962M
output/cropped_outputs/PAN Number/PAN-CARD-SUNIL_page-0001_jpg.rf.828f16b2ac4f5aa436fcf4f48902763a_PAN Number.jpg,BNCPH0974C
output/cropped_outputs/PAN Number/Gogaram-pan_page-0001_jpg.rf.45ded7172d36a2f015345df8e0f0742f_PAN Number.jpg,EPYPR1303J
output/cropped_outputs/PAN Number/10_PAN_jpg.rf.6d70307c8a969390b1315ac273b675a6_PAN Number.jpg,EDRPR6212M
output/cropped_outputs/PAN Number/bnw_image_052_jpg.rf.acef800d996b24b001fa1c1a6876f431_PAN Number.jpg,DEWPM4236K
output/cropped_outputs/PAN Number/bnw_image_113_jpg.rf.952b4cc5db433b03d2582465c9463dec_PAN Number.jpg,HLLPR3235P
output/cropped_outputs/PAN Number/bnw_image_099_jpg.rf.f680bb8210a92ab920629a623febbad2_PAN Number.jpg,BPLPY4522C
output/cropped_outputs/PAN Number/bnw_image_155_jpg.rf.de171c1f433f09254f93ad8d77fa5f65_PAN Number.jpg,KTBPK2138D
output/cropped_outputs/PAN Number/bc_image_125_jpg.rf.f5a81863af9288139196f38677b5b0a0_PAN Number.jpg,BBPPY2735P
output/cropped_outputs/PAN Number/bnw_image_179_jpg.rf.6c10de712d8f69b7486831876997a650_PAN Number.jpg,DNTPG2473J
output/cropped_outputs/PAN Number/bnw_image_263_jpg.rf.8d2546acd013f2f924c0542d5876a947_PAN Number.jpg,ATBPN2360A
output/cropped_outputs/PAN Number/RINKU-PAN_page-0001_jpg.rf.3f271965b3f1c729c42ef127d018d86d_PAN Number.jpg,CGYPN8493A
output/cropped_outputs/PAN Number/bnw_image_010_jpg.rf.bdbf08d4e7b1994d7a9b9823a1e06cab_PAN Number.jpg,BOHPS7476G
output/cropped_outputs/PAN Number/bc_image_262_jpg.rf.d92f0ff1b29adb5c8141989c839dd661_PAN Number.jpg,CGPPS3618R
output/cropped_outputs/PAN Number/PAN_Card_20240702_161137495_jpg.rf.59689fe6c535bea4d62276830327b3d0_PAN Number.jpg,BOFPC4241F
output/cropped_outputs/PAN Number/bc_image_266_jpg.rf.99a62bb68febae9db6b70e0abfb0b396_PAN Number.jpg,HVFPP0653D
output/cropped_outputs/PAN Number/CoAPP-Deepa-Pan-Card_page-0001_jpg.rf.4c80a3b9643197f640042981d700204d_PAN Number.jpg,HJCPD2413L
output/cropped_outputs/PAN Number/bc_image_255_jpg.rf.72149dfa544278732a90576ff8466683_PAN Number.jpg,KKRPS1305D
output/cropped_outputs/PAN Number/bc_image_038_jpg.rf.8509450a505e38881215b04679f43ef4_PAN Number.jpg,BYEPJ1811K
output/cropped_outputs/PAN Number/bnw_image_178_jpg.rf.452975be7f8090a7970befee7ca73a73_PAN Number.jpg,FEYPS6910E
output/cropped_outputs/PAN Number/bnw_image_204_jpg.rf.8e1a13bd2d9c3b817e280cf1ebb9d3d0_PAN Number.jpg,AAYPZ7843E
output/cropped_outputs/PAN Number/images95_jpg.rf.de08ac52f8c38ed79de1fa6f83e43bff_PAN Number.jpg,AIGPG5114K
output/cropped_outputs/PAN Number/bnw_image_128_jpg.rf.7a066ba2df1e66994f1a770fcd092b74_PAN Number.jpg,ETMPK7546C
output/cropped_outputs/PAN Number/46_PAN_jpg.rf.2dc4fbedf92bba67d8b4914e16c62418_PAN Number.jpg,LLSPS8447P
output/cropped_outputs/PAN Number/bnw_image_245_jpg.rf.a6fe59c408ebb9084e42185540054e40_PAN Number.jpg,FIXPR2705F
output/cropped_outputs/PAN Number/bnw_image_104_jpg.rf.cee81e2a5d726a241f14cd52779efc76_PAN Number.jpg,EPYPR1303J
output/cropped_outputs/PAN Number/Manish-Pan_jpg.rf.ad2d40530f4720541a546a4393aa12b3_PAN Number.jpg,NVGPS3818Q
output/cropped_outputs/PAN Number/63_jpg.rf.6abfd4212a929970c7c84233a846d969_PAN Number.jpg,CHLPG7477F
output/cropped_outputs/PAN Number/01261443750015_jpg.rf.00f57fd4825a6824a60c2b12dc4534c0_PAN Number.jpg,AYCPD2619J
output/cropped_outputs/PAN Number/PAN_Card_20240702_170651139_jpg.rf.95a3cc4ed797775fdfd948f55d146fe5_PAN Number.jpg,DRMPB0371P
output/cropped_outputs/PAN Number/bnw_image_144_jpg.rf.bff5cc1b81d098a9398c07d726ead337_PAN Number.jpg,BGFPL1234F
output/cropped_outputs/PAN Number/01251136330013_jpg.rf.d11619de0c84a5c6944b2f81bd7b006b_PAN Number.jpg,BPIPR4140C
output/cropped_outputs/PAN Number/bnw_image_229_jpg.rf.9e87f8b4117990617696ed6f6426c565_PAN Number.jpg,ADUPO7982L
output/cropped_outputs/PAN Number/45_PAN_jpg.rf.0be244b5db658a07c5000d7295529ed1_PAN Number.jpg,BFAPL9762A
output/cropped_outputs/PAN Number/bc_image_180_jpg.rf.fb30ca2c82554905a79acd0a407e588b_PAN Number.jpg,AWWPR1515P
output/cropped_outputs/PAN Number/bc_image_110_jpg.rf.0049200071f6716ae3b67aaf914727a3_PAN Number.jpg,CNIPG99S5M
output/cropped_outputs/PAN Number/01244621130012_jpg.rf.3a20a339712c0068d5b95526e089c687_PAN Number.jpg,EJXPS7917A
output/cropped_outputs/PAN Number/bc_image_086_jpg.rf.747046ffe51a291ce8d487eeb76de500_PAN Number.jpg,BCSPL1731J
output/cropped_outputs/PAN Number/bnw_image_114_jpg.rf.5bbd2b9c6d52f3fba68a4e18fda7c71e_PAN Number.jpg,AALPR1365C
output/cropped_outputs/PAN Number/RADHA-PAN-CARD_page-0001_jpg.rf.d975dd8f3d5c7a38694887d6454d19de_PAN Number.jpg,ADUPO7982L
output/cropped_outputs/PAN Number/Pan-Card_page-0001_jpg.rf.17dd3a2da4e2855d175552c7c030f3f3_PAN Number.jpg,ATOPY5115F
output/cropped_outputs/PAN Number/bc_image_045_jpg.rf.a9c1886af9f3ab34bebe51896459a39e_PAN Number.jpg,BMZPB2728N
output/cropped_outputs/PAN Number/PAN-Deepak-Swami_page-0001_jpg.rf.f523caa5ce1dd9fb8abc072f80929be2_PAN Number.jpg,FEYPS6910E
output/cropped_outputs/PAN Number/bnw_image_242_jpg.rf.7ee57634e6a74c16bf24b608df98498a_PAN Number.jpg,OEWPS1801D
output/cropped_outputs/PAN Number/bc_image_013_jpg.rf.e20c68fc6f92b0d22067a87c95651120_PAN Number.jpg,HLKPK0860C
output/cropped_outputs/PAN Number/01599646500012_jpg.rf.7ee602c2d9eda3fdacdd67973f60e5a2_PAN Number.jpg,CJPPB6692B
output/cropped_outputs/PAN Number/bnw_image_261_jpg.rf.aba8abb6af9ba05c16aeed16a32b6cb1_PAN Number.jpg,CNLPN2682P
output/cropped_outputs/PAN Number/bnw_image_230_jpg.rf.c0f69535444443011f30a6884400daa6_PAN Number.jpg,HDPPR8413F
output/cropped_outputs/PAN Number/bc_image_175_jpg.rf.81e051b94a68da5e6c59cfeac234b91f_PAN Number.jpg,CUHPK4890B
output/cropped_outputs/PAN Number/29_jpg.rf.00c08977af51f47282af3d57cefbbf65_PAN Number.jpg,BEWPK6075G
output/cropped_outputs/PAN Number/01725443260010_jpg.rf.8d438accd55eb67b7b29f279615b66dc_PAN Number.jpg,BCMPK5242B
output/cropped_outputs/PAN Number/pinki-pan_jpeg.rf.f3e9140b5287773ef66a3d0b61a4b245_PAN Number.jpg,HYWPD2511Q
output/cropped_outputs/PAN Number/PAN_Card_20240702_170651139_jpg.rf.1849e3a8d42cb1b8b5200f9d65905f4b_PAN Number.jpg,DRMPB0371P
output/cropped_outputs/PAN Number/bc_image_071_jpg.rf.cbd1f5795276dd07dff28f2e4c3e89ad_PAN Number.jpg,OXIPS2573F
output/cropped_outputs/PAN Number/bnw_image_253_jpg.rf.523117b442ca92faa586b1fa5e974742_PAN Number.jpg,GTMPP0058N
output/cropped_outputs/PAN Number/bnw_image_012_jpg.rf.41bdca8fc7f2637eec722f98e67b3362_PAN Number.jpg,EGZPM9810H
output/cropped_outputs/PAN Number/16_PAN_jpg.rf.75c9b7048d2db7d0dac367f8b43f098d_PAN Number.jpg,DCOPK8010K
output/cropped_outputs/PAN Number/Santosh-PAN_jpg.rf.91347e7750b082431f29a3b48232954d_PAN Number.jpg,ATKPS0156N
output/cropped_outputs/PAN Number/bnw_image_154_jpg.rf.c77b3a8ad8800678334017c56b948333_PAN Number.jpg,KRGPS2506L
output/cropped_outputs/PAN Number/bc_image_138_jpg.rf.7a753d9d5b382cdec0f58c4a30da4039_PAN Number.jpg,HDMPR8222M
output/cropped_outputs/PAN Number/35_jpg.rf.1c51fea7119994c9f9c7220b11054afc_PAN Number.jpg,JLJPS6562Q
output/cropped_outputs/PAN Number/bc_image_234_jpg.rf.79cf1452e5afb0c667b36dd2195c0ad6_PAN Number.jpg,EJTPG5687K
output/cropped_outputs/PAN Number/1710411256675_jpeg.rf.c01107ae6ce58a05277feb583ebc9236_PAN Number.jpg,CAIPN6908E
output/cropped_outputs/PAN Number/Pan-Gopal_jpeg.rf.e3b466098905b3c3c855e74485c04cb9_PAN Number.jpg,DNTPG2473J
output/cropped_outputs/PAN Number/bc_image_108_jpg.rf.f6a341b0890033239a6227386b261037_PAN Number.jpg,EWUPS2460C
output/cropped_outputs/PAN Number/bc_image_181_jpg.rf.205a03b52826e0503315c59172227d6d_PAN Number.jpg,AKAPI4266L
output/cropped_outputs/PAN Number/surendra-pan-card_jpg.rf.1dba5f6279cdcc98696e4a56072b8976_PAN Number.jpg,CGPPS3618R
output/cropped_outputs/PAN Number/bc_image_217_jpg.rf.e54acc42aebe8a8cb85c514c46236b93_PAN Number.jpg,HYWPD2511Q
output/cropped_outputs/PAN Number/bnw_image_112_jpg.rf.a3d73f89ed625b353c31a0ae7d778ba7_PAN Number.jpg,EDGPG7855G
output/cropped_outputs/PAN Number/bnw_image_152_jpg.rf.32c7472a3f98a18afeb52d878081c710_PAN Number.jpg,HPKPM5518F
output/cropped_outputs/PAN Number/bnw_image_024_jpg.rf.7bd18d925a91a8018501625e70ea97b3_PAN Number.jpg,BDDPT7762H
output/cropped_outputs/PAN Number/vithal-pan_jpeg.rf.efd01808a38b3075f68a7d093840a85a_PAN Number.jpg,LIHPS7180K
output/cropped_outputs/PAN Number/bc_image_142_jpg.rf.499e9f1463ad17bab4f2bd0ef355373a_PAN Number.jpg,BTBPY6965M
output/cropped_outputs/PAN Number/bc_image_011_jpg.rf.56115893c9353ca967cef1443199137c_PAN Number.jpg,BMAPK3430P
output/cropped_outputs/PAN Number/bc_image_251_jpg.rf.0b01d673ddacc6b02f008c49bb1ddd0e_PAN Number.jpg,GYVPP8712H
output/cropped_outputs/PAN Number/Co-App-Guddi-Pan-Card_page-0001_jpg.rf.ba812b285d9e5e949e733802f73ea287_PAN Number.jpg,DMVPG9009P
output/cropped_outputs/PAN Number/PAN_Card_20240702_180812051_jpg.rf.180618471e4ca775c2c141607e587632_PAN Number.jpg,FFPPA5664M
output/cropped_outputs/PAN Number/01215473510013_jpg.rf.81f1005f8ed4d641f99e328d0854831a_PAN Number.jpg,HDFPS4149B
output/cropped_outputs/PAN Number/01367165370017_jpg.rf.d5936d31ed3fe0b2bbb3333d153aec6e_PAN Number.jpg,BCTPD3356C
output/cropped_outputs/PAN Number/GatuLal_Pan-Copy_jpg.rf.61d744734c8cc6076983d7b2b7f1354d_PAN Number.jpg,BPLPY4522C
output/cropped_outputs/PAN Number/bc_image_067_jpg.rf.6ed860cf7c8db512b4ac65aaba73b1bb_PAN Number.jpg,CIWPA2897M
output/cropped_outputs/PAN Number/bc_image_187_jpg.rf.508d1d1b7a6212d4e11892cdca331183_PAN Number.jpg,ANWPT1935C
output/cropped_outputs/PAN Number/PAN-BALRAM_jpg.rf.4d868c1ed015cb6366c4d0c6a501b828_PAN Number.jpg,EAJPA1700E
output/cropped_outputs/PAN Number/bc_image_187_jpg.rf.c5c35a417b9421884154dee20f44117b_PAN Number.jpg,ANWPT1935C
output/cropped_outputs/PAN Number/pan-card-parma-ram_page-0001_jpg.rf.cee5995608fa2511dd56a343bca5ac96_PAN Number.jpg,FCYPP2033K
output/cropped_outputs/PAN Number/PAN-card-bhiwa_page-0001_jpg.rf.787e133814420aeb3111ae02c1d524ca_PAN Number.jpg,FEFPB1697E
output/cropped_outputs/PAN Number/01215473510013_jpg.rf.67be7162f1daad52fd214ddb6203541c_PAN Number.jpg,HDFPS4149B
output/cropped_outputs/PAN Number/bnw_image_053_jpg.rf.da31eba102f4f4b008b5a0e5787bd5f2_PAN Number.jpg,GHYPM2672B
output/cropped_outputs/PAN Number/bc_image_181_jpg.rf.c56de40e3085e235ee69098df6db47b1_PAN Number.jpg,AKAPI4266L
output/cropped_outputs/PAN Number/bnw_image_167_jpg.rf.e6c0735fbe41b43c8ba837070c196e0b_PAN Number.jpg,EUGPB4005L
output/cropped_outputs/PAN Number/Baby-Kanwar-Pan-Card_page-0001_jpg.rf.00cf1a39fe5627a56171d76af600692c_PAN Number.jpg,IGCPK1019K
output/cropped_outputs/PAN Number/IMG_20240314_160358_jpg.rf.72c1e346c4b5ce3f03cc71ef880a5768_PAN Number.jpg,EGNPA7751K
output/cropped_outputs/PAN Number/bnw_image_032_jpg.rf.3133d1e9fa7680620dc41d648dc902b0_PAN Number.jpg,HCZPS2025H
output/cropped_outputs/PAN Number/bc_image_063_jpg.rf.013c26c3e242a8e66899e1bd330c1565_PAN Number.jpg,HJHPS0889C
output/cropped_outputs/PAN Number/bc_image_036_jpg.rf.4fc54ac324895b6f30957380a7bbab6c_PAN Number.jpg,JLJPS6562Q
output/cropped_outputs/PAN Number/e007179a-58196aadc14229072fe70390_pan_jpg.rf.433194e76be515aaed359f531aae0a3c_PAN Number.jpg,CGYPS9726D
output/cropped_outputs/PAN Number/bc_image_202_jpg.rf.47f8a96762352370f524062a0da292c0_PAN Number.jpg,CHRPN7043J
output/cropped_outputs/PAN Number/bc_image_035_jpg.rf.6641c2041818e3ba243df84118b3239a_PAN Number.jpg,BEWPK6075G
output/cropped_outputs/PAN Number/Manjula-Devi-Pancard_jpeg.rf.02a1e9b5cb82ba11a8c0743fb7b2ac82_PAN Number.jpg,DDZPP1427B
output/cropped_outputs/PAN Number/bnw_image_226_jpg.rf.55f0a44f6d5f961497baf39ec4fb813d_PAN Number.jpg,CYVPA3397P
output/cropped_outputs/PAN Number/PAN_Card_20240702_150444965_jpg.rf.2a38db66d096d9675663fd49aff91f13_PAN Number.jpg,AZRPG9119L
output/cropped_outputs/PAN Number/bnw_image_214_jpg.rf.cdf6c24c0e472c8906fcee58b679c7e3_PAN Number.jpg,ARWPJ5760H
output/cropped_outputs/PAN Number/01264265370011_jpg.rf.d1906fb09dd48493ec0a62d57a6a22b7_PAN Number.jpg,BQCPM6556Q
output/cropped_outputs/PAN Number/bnw_image_246_jpg.rf.e51c0f403834fe13064e7326fccfbfb3_PAN Number.jpg,MNQPS6378J
output/cropped_outputs/PAN Number/bnw_image_220_jpg.rf.0c9dfd1f7657798f1d4169f96499caee_PAN Number.jpg,FJMPR4125R
output/cropped_outputs/PAN Number/PAN_Card_20240701_193138329_jpg.rf.3fadd6112ac039c623dfffc8aa7c83e4_PAN Number.jpg,BQBPV2156E
output/cropped_outputs/PAN Number/bnw_image_063_jpg.rf.683ffed0b905495db9538004e08738e8_PAN Number.jpg,HJHPS0889C
output/cropped_outputs/PAN Number/Ratan-PAN-1-_page-0001_jpg.rf.3ddb5e0ccdfda4d5092433189390d461_PAN Number.jpg,DKIPM1532E
output/cropped_outputs/PAN Number/PAN_Card_20240702_154034177_jpg.rf.0e87503a2eb936d982cab2c5b65c9ba3_PAN Number.jpg,FHSPS4118D
output/cropped_outputs/PAN Number/Jetha-Ram-Pan-Card_jpeg.rf.e15750a69790baf1615eb59a4b0b206a_PAN Number.jpg,BXHPR2610E
output/cropped_outputs/PAN Number/01247667630015_jpg.rf.2f199e199e2e1e944c766cbe51d4e7df_PAN Number.jpg,GKCPS1933L
output/cropped_outputs/PAN Number/surendra-pan-card_jpg.rf.1939e79c157111f9f0934a63c78eb0d1_PAN Number.jpg,CGPPS3618R
output/cropped_outputs/PAN Number/bnw_image_206_jpg.rf.db64538d57a6cf38c97e9d15983ada8a_PAN Number.jpg,CMRPN7142P
output/cropped_outputs/PAN Number/bc_image_055_jpg.rf.87d110a36cec0b07d9b4ca5d84790b42_PAN Number.jpg,FKAPA3141M
output/cropped_outputs/PAN Number/Radhika-PAN-card_page-0001_jpg.rf.d7121b9f4ceea209290635e0fd498ebe_PAN Number.jpg,HDPPR8213F
output/cropped_outputs/PAN Number/bnw_image_067_jpg.rf.938b387d5c46f805bf1c351a17b9246d_PAN Number.jpg,CIWPA2897M
output/cropped_outputs/PAN Number/bnw_image_088_jpg.rf.b93aabc20d235e1df935efc98297dc0d_PAN Number.jpg,BEWPL9112F
output/cropped_outputs/PAN Number/PAN_Card_20240702_112851192_jpg.rf.2d2e52226c1edac23e175a28df8788f5_PAN Number.jpg,CCKPR8113D
output/cropped_outputs/PAN Number/27_PAN_jpg.rf.cb2079b1a0beaa27ee753d2ff64227df_PAN Number.jpg,DZNPP7962M
output/cropped_outputs/PAN Number/bnw_image_094_jpg.rf.0f46a1e879f7024cb96c330e963779d6_PAN Number.jpg,FYVPS5447H
output/cropped_outputs/PAN Number/bc_image_065_jpg.rf.a2625d84c0930544a5585977364bfb58_PAN Number.jpg,GNWPR9055P
output/cropped_outputs/PAN Number/Leru-Puri-PAN_page-0001_jpg.rf.dd483659b690dd36d240a94940410aac_PAN Number.jpg,EJKPP7110K
output/cropped_outputs/PAN Number/Sadrudeen-Pan-Card_page-0001_jpg.rf.6b3995a20c79ffccb7b9f378587102f5_PAN Number.jpg,OEWPS1801D
output/cropped_outputs/PAN Number/bnw_image_146_jpg.rf.d343a99bea248d95ebac516c816ca72c_PAN Number.jpg,NVGPS3818Q
output/cropped_outputs/PAN Number/bnw_image_263_jpg.rf.dae0030464e24c5500ced3be3c020ad1_PAN Number.jpg,ATBPN2360A
output/cropped_outputs/PAN Number/01225511530017_jpg.rf.19952318b0334cea38d3ccc6456db473_PAN Number.jpg,AVJPH2161H
output/cropped_outputs/PAN Number/9162825938_jpg.rf.ff61f9aeec3f9170e6fef385e9474f00_PAN Number.jpg,CETPG2787M
output/cropped_outputs/PAN Number/bnw_image_094_jpg.rf.e71eea1245a7cb0eefa98560a2eba307_PAN Number.jpg,FYVPS5447H
output/cropped_outputs/PAN Number/9162825938_jpg.rf.b6d9acc0909eb9b9a8d835d53f6b74b6_PAN Number.jpg,CETPG2787M
output/cropped_outputs/PAN Number/Panna_Pan_jpg.rf.9a113edfda9f332130426175754cc9ed_PAN Number.jpg,BJGPG8439P
output/cropped_outputs/PAN Number/bc_image_040_jpg.rf.56fd5907b1c9a053099919902fea0c90_PAN Number.jpg,ANAPJ5978R
output/cropped_outputs/PAN Number/bnw_image_185_jpg.rf.72bfacd9606c71a420eb39208cd88784_PAN Number.jpg,NQUPK3634P
output/cropped_outputs/PAN Number/bc_image_258_jpg.rf.22babf50dd35924a04bc6391c382b9d4_PAN Number.jpg,ADIPH2319E
output/cropped_outputs/PAN Number/bnw_image_009_jpg.rf.64fa6aa9f5c70c953641aa73708bd36c_PAN Number.jpg,ADPPI0527A
output/cropped_outputs/PAN Number/PAN_Card_20240701_191623713_jpg.rf.26d809bfd83f9bf17556725647c176ba_PAN Number.jpg,CPFPC0179C
output/cropped_outputs/PAN Number/bc_image_243_jpg.rf.41ce0fcc553c47678987a803ddc78491_PAN Number.jpg,FPWPS5036A
output/cropped_outputs/PAN Number/80db6ff7-imgtopdf_generated_2208201757059_page-76_jpg.rf.90cfe76724ec62cb7e9d04a8dc515bcc_PAN Number.jpg,DFOPM5176M
output/cropped_outputs/PAN Number/Kalu-Lal-Salvi-PAN_page-0001-1-_jpg.rf.7d44009a9f28d6813cd4d80c19919e25_PAN Number.jpg,TCKPS7265E
output/cropped_outputs/PAN Number/bnw_image_174_jpg.rf.bdf4305c4ee7005dec1f1a34a772c8a1_PAN Number.jpg,BNCPH0974C
output/cropped_outputs/PAN Number/01231576410019_jpg.rf.4525d820c2381b402794ebcc4dcec355_PAN Number.jpg,CTQPA1388G
output/cropped_outputs/PAN Number/bnw_image_224_jpg.rf.1dd92149ef0544f32e027f98f6b0a950_PAN Number.jpg,BXVPN6513Q
output/cropped_outputs/PAN Number/14_PAN_jpg.rf.579ceb110545d3edf370260f7581c8ad_PAN Number.jpg,AAAAA1234A
output/cropped_outputs/PAN Number/bc_image_153_jpg.rf.98431ed67c09f40e05bb9ad8ef4eb690_PAN Number.jpg,APEPS2676F
output/cropped_outputs/PAN Number/Chirag-Pan_jpeg.rf.b841d9f66e38adf735772c203f58b6de_PAN Number.jpg,BIXPJ9765M
output/cropped_outputs/PAN Number/bnw_image_049_jpg.rf.2ad3c4e4b356e3b98ab7042cc0b310c0_PAN Number.jpg,CETPG2787M
output/cropped_outputs/PAN Number/bnw_image_235_jpg.rf.3b03b615551f22c9f81e31a105f42af5_PAN Number.jpg,AAQOJ1090G
output/cropped_outputs/PAN Number/Jitendra-GTR-PAN-2-_jpg.rf.6755816199b167c8178fde68b0789ffb_PAN Number.jpg,AYJPK8520C
output/cropped_outputs/PAN Number/bc_image_096_jpg.rf.24f808fc9bb04f98e60b805400be592c_PAN Number.jpg,CGYPS9726D
output/cropped_outputs/PAN Number/79_PAN_jpg.rf.d2b2a4b2101e29caadec0bf2f3b553bd_PAN Number.jpg,ABCDE1234F
output/cropped_outputs/PAN Number/bc_image_214_jpg.rf.61d878f6d5fe048761085fda7e28ba96_PAN Number.jpg,ARWPJ5760H
output/cropped_outputs/PAN Number/bc_image_075_jpg.rf.02a57190d4fd80483c70abf4fc7ba0fe_PAN Number.jpg,ANEPG8139K
output/cropped_outputs/PAN Number/01725443260010_jpg.rf.e3118f041f4695aa2169496bafaba1a0_PAN Number.jpg,BCMPK5242B
output/cropped_outputs/PAN Number/bnw_image_075_jpg.rf.db187fc0040db7c2d9acc82cfdce2120_PAN Number.jpg,ANEPG8139K
output/cropped_outputs/PAN Number/bc_image_012_jpg.rf.c59b68a622faac3868813ec5f9300929_PAN Number.jpg,EGZPM9810H
output/cropped_outputs/PAN Number/PAN-BALRAM_jpg.rf.e2dd4040530ef083becb940bbfb99ef4_PAN Number.jpg,EAJPA1700E
output/cropped_outputs/PAN Number/bc_image_091_jpg.rf.d75aa7b723c8c789797fb3bb70311990_PAN Number.jpg,HJCPD2413L
output/cropped_outputs/PAN Number/bnw_image_265_jpg.rf.ebf7772b9fa3a382a08b8945991e7849_PAN Number.jpg,AACTM8510B
output/cropped_outputs/PAN Number/bc_image_169_jpg.rf.c2137decb97f0180563a3a9e6dab04de_PAN Number.jpg,BBUPG1202Q
output/cropped_outputs/PAN Number/01261732310018_jpg.rf.aae5a16900ee87a51056e5359697c370_PAN Number.jpg,NEKPS6177B
output/cropped_outputs/PAN Number/bnw_image_150_jpg.rf.bb40d182c99cf0ec7e078fcf4330b591_PAN Number.jpg,HLJPS9387D
output/cropped_outputs/PAN Number/Anop-Pan_jpg.rf.994ee38721392d1266386bd5b0aae075_PAN Number.jpg,HJHPS0889C
output/cropped_outputs/PAN Number/01367165370017_jpg.rf.5f53dd4dcafff4a8b333df176d774352_PAN Number.jpg,BCTPD3356C
output/cropped_outputs/PAN Number/Jitendra-Singh-Pan-Card_jpg.rf.62cdb916acff1883d1cc370180d7be15_PAN Number.jpg,NDQPS7908H
output/cropped_outputs/PAN Number/Pan-Sarsi_jpeg.rf.dafa2e590e7a63e0412b4fdc7d26e889_PAN Number.jpg,NQUPK3634P
output/cropped_outputs/PAN Number/bnw_image_147_jpg.rf.44cf61be81e6a27666585ad4b5969cbf_PAN Number.jpg,DDZPP1427B
output/cropped_outputs/PAN Number/01563141730011_jpg.rf.c198d1cf3e7e0e40221319d22805e6b1_PAN Number.jpg,AMJPH3999J
output/cropped_outputs/PAN Number/bc_image_011_jpg.rf.db24302199e639aec50ab16b750a550d_PAN Number.jpg,BMAPK3430P
output/cropped_outputs/PAN Number/Prakash-Pan-Card_jpg.rf.e6e98360d7e213ff4e036710b2cb34de_PAN Number.jpg,FJMPR4125R
output/cropped_outputs/PAN Number/Mamta-PAn_jpeg.rf.dff79cecdfd9f72e0f12799fa4189d15_PAN Number.jpg,CBNPP1115M
output/cropped_outputs/PAN Number/bc_image_265_jpg.rf.efd34436cfd66b2425d66837bc35fb01_PAN Number.jpg,AACTM8510B
output/cropped_outputs/PAN Number/Co-App_-Laxmi-Pan-Card-1-_page-0001_jpg.rf.5ab6aa1a57b90648345db0be2b9682cb_PAN Number.jpg,BEWPL9112F
output/cropped_outputs/PAN Number/Shyamlal-Pan-Card_page-0001_jpg.rf.da47bb016a080ed4b42e0a8669e954f2_PAN Number.jpg,KKRPS1385D
output/cropped_outputs/PAN Number/bc_image_199_jpg.rf.0bd0dfeb979bfb031292c7a240b93f10_PAN Number.jpg,BJGPGB439P
output/cropped_outputs/PAN Number/bc_image_134_jpg.rf.9296b469686f31f463955a118fc5444c_PAN Number.jpg,EEZPK1076M
output/cropped_outputs/PAN Number/01599646500012_jpg.rf.b128dbbcd19b6a68531bce5eaa6569fb_PAN Number.jpg,CJPPB6692B
output/cropped_outputs/PAN Number/bc_image_132_jpg.rf.0d2926b530b75f2eadbc29f5c3146b87_PAN Number.jpg,AKUPP6779K
output/cropped_outputs/PAN Number/bc_image_184_jpg.rf.62a9e6d5793178a5ac2ae40868e04c01_PAN Number.jpg,HCQPS3119R
output/cropped_outputs/PAN Number/18_PAN_jpg.rf.3851a81d5bbdc56b338fa84ba6ce8a9e_PAN Number.jpg,ABSPE2059A
output/cropped_outputs/PAN Number/Pan-Sarsi_jpeg.rf.99a298c2712ff1fe97f4b3a2fb416d9b_PAN Number.jpg,NQUPK3634P
output/cropped_outputs/PAN Number/bnw_image_122_jpg.rf.14bad7208daa53f1aecaa190be07f967_PAN Number.jpg,TCKPS7265E
output/cropped_outputs/PAN Number/Screenshot-2024-09-11-at-5-31-43-PM_png.rf.31dbc0833b246665072e4487fc160881_PAN Number.jpg,BNZPM2501F
output/cropped_outputs/PAN Number/bnw_image_146_jpg.rf.f402df9a605f50f0b0979ef2157cec9b_PAN Number.jpg,NVGPS3818Q
output/cropped_outputs/PAN Number/91_PAN_jpg.rf.3abe87ade4c0c7d9d46ea38ea9b2e769_PAN Number.jpg,BJQPP5524G
output/cropped_outputs/PAN Number/bnw_image_207_jpg.rf.17baab421c6857920142a47f592cab93_PAN Number.jpg,DTEPR1858D
output/cropped_outputs/PAN Number/bc_image_161_jpg.rf.95480dba02575127cfed7d03be1319c6_PAN Number.jpg,BFJPA4941P
output/cropped_outputs/PAN Number/Mahaveer-Pancard_jpeg.rf.88fddc85a45cb84d9172810cc56492b2_PAN Number.jpg,ABQPO1511M
output/cropped_outputs/PAN Number/bc_image_045_jpg.rf.9db773dbd0d0d599c343f11eb288e6db_PAN Number.jpg,BMZPB2728N
output/cropped_outputs/PAN Number/bc_image_170_jpg.rf.b5ca525603898af961f98131f4fec333_PAN Number.jpg,OHPPK3801K
output/cropped_outputs/PAN Number/Kan-Pan_jpg.rf.421b223f426603caeb3cc60d6dc383e8_PAN Number.jpg,OONPS1714C
output/cropped_outputs/PAN Number/bc_image_186_jpg.rf.278e1b52ef7941353dcb05a10eb38d70_PAN Number.jpg,AQFPN1242E
output/cropped_outputs/PAN Number/01341463450015_jpg.rf.e06d486329327c831328ef8d29484d02_PAN Number.jpg,DCXPP5180E
output/cropped_outputs/PAN Number/bnw_image_141_jpg.rf.edeafaa9d5f6c3ebb444d7cd49f891f9_PAN Number.jpg,CBNPP1115M
output/cropped_outputs/PAN Number/bc_image_076_jpg.rf.5ce69010d709ae1b7fe1596745dc46c2_PAN Number.jpg,QLZPS9331C
output/cropped_outputs/PAN Number/bnw_image_129_jpg.rf.0d7cd0db684e0a659ebb6ef67cc2fa32_PAN Number.jpg,BBLPB2028J
output/cropped_outputs/PAN Number/Babulal-PAN_page-0001_jpg.rf.4687799fa3d2ab0e445fffe7bda2508a_PAN Number.jpg,OXIPS2573F
output/cropped_outputs/PAN Number/App-Arjun-Ram-Pan-Card_page-0001_jpg.rf.d82385ba1151ac74056dee16d1d0c928_PAN Number.jpg,GNWPR9055P
output/cropped_outputs/PAN Number/bnw_image_097_jpg.rf.a6e30c2bde333dcf43703a765266c54a_PAN Number.jpg,AUOPM3955A
output/cropped_outputs/PAN Number/bc_image_001_jpg.rf.e7f8d253258bade0a70b2bf0864c096d_PAN Number.jpg,FQYPS0660H
output/cropped_outputs/PAN Number/bc_image_082_jpg.rf.6450c5e0a4cd31a1e42ce454f7ecd90f_PAN Number.jpg,BGNPL2760A
output/cropped_outputs/PAN Number/bnw_image_141_jpg.rf.e486a063697452185accdd1c48938998_PAN Number.jpg,CBNPP1115M
output/cropped_outputs/PAN Number/01611712340012_jpg.rf.9e28b6205a41e6ba24c318e47a3ad2e4_PAN Number.jpg,DRWPK5842N
output/cropped_outputs/PAN Number/bc_image_228_jpg.rf.668470f3f48a9e2774ae8f89dfab13e7_PAN Number.jpg,CTKPP7011D
output/cropped_outputs/PAN Number/bc_image_093_jpg.rf.3812523d31c2c188613f0f35e2b14335_PAN Number.jpg,IPUPD0494C
output/cropped_outputs/PAN Number/97_PAN_jpg.rf.fe4373d2556b7f26d3684af9669de105_PAN Number.jpg,ATOPB0750H
output/cropped_outputs/PAN Number/92_jpg.rf.88c9024864420f2039ed39ef71cb72c4_PAN Number.jpg,AHHPD8696B
output/cropped_outputs/PAN Number/bc_image_131_jpg.rf.af58dbab195954fc6b333dafe1435919_PAN Number.jpg,GMBPB8448E
output/cropped_outputs/PAN Number/PAN_Card_20240702_191406532_jpg.rf.64032b031fd02033f7648cf8c6a76763_PAN Number.jpg,MRAPS9888K
output/cropped_outputs/PAN Number/Amra-PAN_jpeg.rf.e6564e6e4eb3a7d5e4fec14cb54c171f_PAN Number.jpg,AELPR4676J
output/cropped_outputs/PAN Number/bnw_image_058_jpg.rf.86482b75719fe4881c68f0ecb28c7f2b_PAN Number.jpg,EYAPP2921M
output/cropped_outputs/PAN Number/bc_image_165_jpg.rf.f77e98e04ba27eed4cec18a2e4048890_PAN Number.jpg,FEFPB1697E
output/cropped_outputs/PAN Number/Baby-Kanwar-Pan-Card_page-0001_jpg.rf.96b9fb51493dd88fdb0e3d6596c03ea6_PAN Number.jpg,AGCPK1019K
output/cropped_outputs/PAN Number/Amra-PAN_jpeg.rf.9fce14c86319bb0f8c3a79acd34c4a09_PAN Number.jpg,AELPR4676J
output/cropped_outputs/PAN Number/bc_image_247_jpg.rf.77e18bd5598a78746b70d3ca3a002d9a_PAN Number.jpg,ATKPS0156N
output/cropped_outputs/PAN Number/01217236730015_jpg.rf.0587fc2919ad2d122876f4d5d6bb6a41_PAN Number.jpg,CFVPP3501D
output/cropped_outputs/PAN Number/bc_image_265_jpg.rf.bcfa7587fdd5c764fdc212283204b02c_PAN Number.jpg,AACTM8510B
output/cropped_outputs/PAN Number/bnw_image_210_jpg.rf.9ca5e34e2892ade40735d8727fd59755_PAN Number.jpg,AEVPU1108C
output/cropped_outputs/PAN Number/bnw_image_087_jpg.rf.ea2bc5d308da61e1126b83ab7f1756ea_PAN Number.jpg,DMVPG9009P
output/cropped_outputs/PAN Number/bnw_image_184_jpg.rf.3b44a7b1f421f8087c03c1b39a8dbdd6_PAN Number.jpg,HCQGPS3119R
output/cropped_outputs/PAN Number/PAN_Card_20240701_183248314_jpg.rf.13194177ff24ed0429d09de9f26e4f69_PAN Number.jpg,AQHPV1375Q
output/cropped_outputs/PAN Number/01215352310017_jpg.rf.2cd063e78cfd7735c886809dd9f78813_PAN Number.jpg,HFRPK3616F
output/cropped_outputs/PAN Number/01215463130017_jpg.rf.15772d7e507aa0f3d112a9e9588273be_PAN Number.jpg,CPPPM6920M
output/cropped_outputs/PAN Number/bc_image_218_jpg.rf.3303385b4eb565e7877e2a6646c57e17_PAN Number.jpg,BOYPL4830A
output/cropped_outputs/PAN Number/bc_image_095_jpg.rf.6cbd69be31e60d5b8fa20b64037ce987_PAN Number.jpg,EOCPB7804B
output/cropped_outputs/PAN Number/bc_image_233_jpg.rf.aabe141b0f130439c94766eb18c089b7_PAN Number.jpg,FGEPR4322D
output/cropped_outputs/PAN Number/bnw_image_098_jpg.rf.829c0ef595078b64bfa2539c58d0a35a_PAN Number.jpg,DJDPG6364Q
output/cropped_outputs/PAN Number/Trust-PAN_jpeg.rf.aeca2fb4dab303d49d2e8fe75a14b793_PAN Number.jpg,AACTM8510B
output/cropped_outputs/PAN Number/sohan-lal-pan-card_page-0001_jpg.rf.d4de77a51f34d79517dd4f28de22c84c_PAN Number.jpg,ADIPH2319E
output/cropped_outputs/PAN Number/Dilip-PAN_jpeg.rf.13657b86646027a981ebd19dae599f91_PAN Number.jpg,FYVPS5447H
output/cropped_outputs/PAN Number/bc_image_206_jpg.rf.9aac2084c5d629fac1c8733450feb202_PAN Number.jpg,CMRPN7142P
output/cropped_outputs/PAN Number/bnw_image_085_jpg.rf.15f9758a21b310679bf878be05b996ac_PAN Number.jpg,BCSPL1731J
output/cropped_outputs/PAN Number/01125761720016_jpg.rf.4d19ae88975945e5a4f11ce18085bb77_PAN Number.jpg,ARWPA3875C
output/cropped_outputs/PAN Number/bnw_image_081_jpg.rf.f2d8ce1a0ff843290b5b5c8aae36e348_PAN Number.jpg,BAXPL3112Q
output/cropped_outputs/PAN Number/Sonia-PAN_jpeg.rf.90b660c2ba01f98c1b10609aea8b647b_PAN Number.jpg,ABIPQ2991F
output/cropped_outputs/PAN Number/PAN_Card_20240702_151953847_jpg.rf.a217bce79cc2b3191a2906036d609911_PAN Number.jpg,BNMPG0977Q
output/cropped_outputs/PAN Number/PAN_Card_20240702_173020584_jpg.rf.6e2104a4b636cb326dc0d481bae212b5_PAN Number.jpg,CKRPS6902C
output/cropped_outputs/PAN Number/bnw_image_265_jpg.rf.1a8feab14c153a7eec33dbfc7a6ce2c0_PAN Number.jpg,AACTM8510B
output/cropped_outputs/PAN Number/bc_image_068_jpg.rf.2e4f23e229e2becaf46010284db635dd_PAN Number.jpg,FNCPB3148E
output/cropped_outputs/PAN Number/Shabbir-Pan_jpeg.rf.c492808101ccf9b1ad25d4199427f5e0_PAN Number.jpg,FLMPK0068Q
output/cropped_outputs/PAN Number/bc_image_084_jpg.rf.3040b0358eb630bd8fa58adf502932ed_PAN Number.jpg,BIXPJ9765M
output/cropped_outputs/PAN Number/Pan-Arti_jpeg.rf.bd291204b46838bd31c07e98e37c5693_PAN Number.jpg,BFJPA4941P
output/cropped_outputs/PAN Number/bc_image_110_jpg.rf.d39d41892213e1b7736ff3eacf143e0b_PAN Number.jpg,CNIPG9955M
output/cropped_outputs/PAN Number/bc_image_037_jpg.rf.cb973cc0fe78fa164cf5f71067b114d6_PAN Number.jpg,ALAPJ9440L
output/cropped_outputs/PAN Number/bnw_image_036_jpg.rf.28ef8c066206dd5ee7b1198580af4944_PAN Number.jpg,JLJPS6562Q
output/cropped_outputs/PAN Number/bnw_image_157_jpg.rf.8ada07595aad4344de3b770ed37c1d23_PAN Number.jpg,CXCPP4176M
output/cropped_outputs/PAN Number/20_PAN_jpg.rf.55d8414f834d0e847b9b4ccdf7f8949a_PAN Number.jpg,BIQPL1856A
output/cropped_outputs/PAN Number/Anil_Pan_jpg.rf.0383bcf190b250df491417e7dd2e4a73_PAN Number.jpg,AKOPR6741H
output/cropped_outputs/PAN Number/bc_image_252_jpg.rf.10714d945d7b97d6b81d42397ce3d4c5_PAN Number.jpg,MHQPS5615A
output/cropped_outputs/PAN Number/bc_image_104_jpg.rf.0ef07b8e5ef6557c49ed988b22dbbab0_PAN Number.jpg,EPYPR1303J
output/cropped_outputs/PAN Number/bnw_image_119_jpg.rf.f32eef9544ca4bf0105db137635410df_PAN Number.jpg,AYJPK8520C
output/cropped_outputs/PAN Number/bnw_image_051_jpg.rf.c11b29491343ce7cbbfed38bd87936d8_PAN Number.jpg,ATOPB0750H
output/cropped_outputs/PAN Number/bnw_image_218_jpg.rf.66453a01fe83bd425c35f2cf5b4cd34e_PAN Number.jpg,BOYPL4830A
output/cropped_outputs/PAN Number/GTR-2-Rajendra-PAN_jpg.rf.cdd2339c0d5ca244c89e372b984153b2_PAN Number.jpg,IFTPP6695Q
output/cropped_outputs/PAN Number/01353526370014_jpg.rf.9d2912901aade87c2d58e13cec44421e_PAN Number.jpg,BEHPY8113C
output/cropped_outputs/PAN Number/bc_image_141_jpg.rf.cbf1e6902da15c0782b31c4d45ff92d2_PAN Number.jpg,CBNPP1115M
output/cropped_outputs/PAN Number/bnw_image_157_jpg.rf.bbb2d02ef78006e3c11afcfa215c58e7_PAN Number.jpg,CXCPP4176M
output/cropped_outputs/PAN Number/bnw_image_222_jpg.rf.067274211e0c94415e51683c55c933f6_PAN Number.jpg,FGWPP9883B
output/cropped_outputs/PAN Number/bnw_image_090_jpg.rf.c1b947b3c9ade91170816edb156dbab9_PAN Number.jpg,BVRPJ2331N
output/cropped_outputs/PAN Number/bnw_image_202_jpg.rf.6b4785ab2444743cac4f09edda6a0374_PAN Number.jpg,CHRPN7043J
output/cropped_outputs/PAN Number/PAN_Card_20240701_184004436_jpg.rf.935a3af44d991e3d186c5a9adb0397a7_PAN Number.jpg,CHRPN7043J
output/cropped_outputs/PAN Number/PAN_Card_20240702_143115599_jpg.rf.7f079f86968a96a348f0e5cf7f5f6101_PAN Number.jpg,RWRPS3703N
output/cropped_outputs/PAN Number/bnw_image_053_jpg.rf.14fc162ae011cd130594aca456c45a0d_PAN Number.jpg,GHYPM2672B
output/cropped_outputs/PAN Number/Pramila-PAN_jpeg.rf.d03ec21181cb0058ec9690b8b5a699be_PAN Number.jpg,FGWPP9883B
output/cropped_outputs/PAN Number/Sangita-Pan_page-0001_jpg.rf.dd0efd40c3838d962d3ddff097194c39_PAN Number.jpg,MNQPS6378J
output/cropped_outputs/PAN Number/bc_image_235_jpg.rf.760ae494d897c9e4218857869bef3b2e_PAN Number.jpg,AAQPJ1090G
output/cropped_outputs/PAN Number/bc_image_150_jpg.rf.051e55410fe32a9fdef5a18f541f00ec_PAN Number.jpg,HLJPS93387D
output/cropped_outputs/PAN Number/20_PAN_jpg.rf.6861ba919eeeb03978099763979d82a4_PAN Number.jpg,BIQPL1856A
output/cropped_outputs/PAN Number/01338208270013_jpg.rf.4f66dc0942149328b234cfe54b1d75bf_PAN Number.jpg,BGXPP2119R
output/cropped_outputs/PAN Number/bnw_image_266_jpg.rf.a97b466b08343cbebfcb81ff632e0e7a_PAN Number.jpg,HVFPP0653D
output/cropped_outputs/PAN Number/bc_image_160_jpg.rf.705865ce9b5604964bd073381733e21c_PAN Number.jpg,BYEBPJ1811K
output/cropped_outputs/PAN Number/Lad-pan_jpg.rf.21fcd1b768851ac8db41d729d87362ef_PAN Number.jpg,GMBPB8448E
output/cropped_outputs/PAN Number/bnw_image_057_jpg.rf.98a2583e209b439f6c1a407136e1c7b1_PAN Number.jpg,AKOPR6741H
output/cropped_outputs/PAN Number/Prakash-Pan-Card_jpg.rf.b849212a8882bea5899db262d80bd20d_PAN Number.jpg,FJMPR4125R
output/cropped_outputs/PAN Number/Panna_Pan_jpg.rf.1cacbd400e9d170e4f465388dad104cb_PAN Number.jpg,BJGPG8439P
output/cropped_outputs/PAN Number/bc_image_206_jpg.rf.32a97447608ce6b71670a6d1597fdd85_PAN Number.jpg,CMRPN7142P
output/cropped_outputs/PAN Number/bc_image_189_jpg.rf.38d1c6a8e5c34ff21b8cc67d6f77ad7b_PAN Number.jpg,BGYPJ0129A
output/cropped_outputs/PAN Number/01244621130012_jpg.rf.35082fdd8c9a92e63e72612cb11bfcba_PAN Number.jpg,EJXPS7917A
output/cropped_outputs/PAN Number/1000093608-UNITED-PAN-1_jpg.rf.2e91cb918490e6af4c5075515226e23a_PAN Number.jpg,GPIPD5863P
output/cropped_outputs/PAN Number/01537155560015_jpg.rf.288196cbb1caef2f97e73989f59c2107_PAN Number.jpg,BZKPG2401D
output/cropped_outputs/PAN Number/bnw_image_071_jpg.rf.db773accc3816601f7a12053da9f16b7_PAN Number.jpg,OXIPS2573F
output/cropped_outputs/PAN Number/PAN_Card_20240702_191406532_jpg.rf.1ca23bfd4f77446f18196642c3b5b284_PAN Number.jpg,MRAPS9888K
output/cropped_outputs/PAN Number/bnw_image_103_jpg.rf.9d8bec57e3351b410618c40f26080593_PAN Number.jpg,AXYPG9636K
output/cropped_outputs/PAN Number/PAN_Card_20240702_102138482_jpg.rf.0667e9cf46fb21931aab165c01e41d98_PAN Number.jpg,ACPPH0643F
output/cropped_outputs/PAN Number/PAN_Card_20240702_125404493_jpg.rf.930068037ae64849e08927a47c9075c2_PAN Number.jpg,DTEPR1856D
output/cropped_outputs/PAN Number/bnw_image_173_jpg.rf.89cc042cb5790f7fc77e17fb4ae9ffd6_PAN Number.jpg,CYFPJ8198F
output/cropped_outputs/PAN Number/bnw_image_072_jpg.rf.8703c66060851e5d0c5a0eb028dd6b4d_PAN Number.jpg,ICGCPK1019K
output/cropped_outputs/PAN Number/bnw_image_186_jpg.rf.40f1987aa6781546a6fe34cb05dc4d9b_PAN Number.jpg,AQFPN1242E
output/cropped_outputs/PAN Number/PAN_Card_20240702_112851192_jpg.rf.e197e2869e1ddff590d1dec5e3cf757a_PAN Number.jpg,CCKPR8113D
output/cropped_outputs/PAN Number/1_jpg.rf.117576c2927f2133a11bc20c8c9b89c9_PAN Number.jpg,GQBPK8700C
output/cropped_outputs/PAN Number/49_jpg.rf.fbdf375f8b29e7b89b2ea3b68bb7a853_PAN Number.jpg,AAAAA12344
output/cropped_outputs/PAN Number/bhaguram-gtr-pan_jpeg.rf.c99defbd3add1c3be7fd7f17916bf528_PAN Number.jpg,QLZPS9331C
output/cropped_outputs/PAN Number/01214635550018_jpg.rf.36b71de4e254810124f15aef96ed3b09_PAN Number.jpg,BNKPK1960M
output/cropped_outputs/PAN Number/01217236730015_jpg.rf.ca90f4ae202f2d845524ee6d7a1658f0_PAN Number.jpg,CFVPP3501D
output/cropped_outputs/PAN Number/bnw_image_216_jpg.rf.61cc81f95764ce80e89b000bc359c2de_PAN Number.jpg,OIQPS1710D
output/cropped_outputs/PAN Number/bc_image_101_jpg.rf.8a617ac2683911e593f299f2a3b943c8_PAN Number.jpg,JOZPS9930F
output/cropped_outputs/PAN Number/image19_jpeg.rf.f091e96383f4a7f84fcbf54594ac47bc_PAN Number.jpg,CKCPA4252N
output/cropped_outputs/PAN Number/bc_image_166_jpg.rf.9f61593e69920636c18f69fa9544b62d_PAN Number.jpg,PPKPK0979E
output/cropped_outputs/PAN Number/bc_image_047_jpg.rf.022c38ca8675b53ef178d6a26f937621_PAN Number.jpg,DFOPM5176M
output/cropped_outputs/PAN Number/bc_image_178_jpg.rf.a0bdaeb316589e83803f6ba90a807515_PAN Number.jpg,FEYPS6910E
output/cropped_outputs/PAN Number/bnw_image_107_jpg.rf.6e20ed63b6dca46ff700311f1c5606f7_PAN Number.jpg,IFTPP6695Q
output/cropped_outputs/PAN Number/bnw_image_230_jpg.rf.fa37fe59d657d4f0e53d8e3c4a96e717_PAN Number.jpg,HDPPR8413F
output/cropped_outputs/PAN Number/bc_image_135_jpg.rf.5ce5befcad0eaca9eb623b9a0b06db52_PAN Number.jpg,EJKPP7110K
output/cropped_outputs/PAN Number/bnw_image_058_jpg.rf.c5c93b08a803a246425aeb40407a25e8_PAN Number.jpg,EYAPP2921M
output/cropped_outputs/PAN Number/PAN-Narvik-Buildhomes-PDF_page-0001_jpg.rf.1219ed4f6df1b6cedeea4a6c640b6927_PAN Number.jpg,ABFFEM3164K
output/cropped_outputs/PAN Number/bnw_image_173_jpg.rf.c4ea44165562848e7c75c8cdc24f185a_PAN Number.jpg,CYFPJ8198F
output/cropped_outputs/PAN Number/bnw_image_238_jpg.rf.04dba6f890dd0229bf42bf750867af03_PAN Number.jpg,AUBPA7793D
output/cropped_outputs/PAN Number/10_jpg.rf.b45db23b707167cb6312dc864c00160a_PAN Number.jpg,EDRPR6212M
output/cropped_outputs/PAN Number/Chirag-Pan_jpeg.rf.83d6b09ff96426e013244ce471a16c19_PAN Number.jpg,BIXPJ9765M
output/cropped_outputs/PAN Number/Laxman-PAN_page-0001_jpg.rf.9e84ea75d8b1ef4827d0a55e218911e5_PAN Number.jpg,EEZPK1076M
output/cropped_outputs/PAN Number/35_PAN_jpg.rf.b1ab408c67123c571a4f9737887c8418_PAN Number.jpg,JLJPS6562Q
output/cropped_outputs/PAN Number/bc_image_215_jpg.rf.0c074640be1cae3d60f9d51129e2e538_PAN Number.jpg,LSXPS8701A
output/cropped_outputs/PAN Number/bc_image_122_jpg.rf.69d1e4be41471a0886784e544e679913_PAN Number.jpg,TCKPS7265E
output/cropped_outputs/PAN Number/01274722210012_jpg.rf.5574ada6b97bded626d92fedc806a02a_PAN Number.jpg,HLKPK0860C
output/cropped_outputs/PAN Number/bc_image_222_jpg.rf.7724bbe444f0773ffb50f96b796eeaaf_PAN Number.jpg,FGWPP9883B
output/cropped_outputs/PAN Number/GatuLal_Pan-Copy_jpg.rf.e6a772b6572c3fe29b322d150c9c3970_PAN Number.jpg,BPLPY4522C
output/cropped_outputs/PAN Number/bc_image_116_jpg.rf.4d471adf92446000e503bddac8119f2f_PAN Number.jpg,EKIPP9041L
output/cropped_outputs/PAN Number/Shabnam-pan_jpeg.rf.d9f31db613509d4e100b266a7b706bff_PAN Number.jpg,HNLPP5113E
output/cropped_outputs/PAN Number/bc_image_234_jpg.rf.c65e3e3352d6258d4f19835a3c843c9d_PAN Number.jpg,EJTPG5687K
output/cropped_outputs/PAN Number/7780308718_jpg.rf.bbdf2b647ee42e5cc4967342a28823f3_PAN Number.jpg,NJEPS1359Q
output/cropped_outputs/PAN Number/bnw_image_096_jpg.rf.ccfa7c311350cae7f05126f60a8c50c4_PAN Number.jpg,CGYPS9726D
output/cropped_outputs/PAN Number/PAN_Card_20240702_122454538_jpg.rf.a18e60eb4de8bb1d28ff37305ee0f6f4_PAN Number.jpg,ENSPS3259E
output/cropped_outputs/PAN Number/bc_image_070_jpg.rf.41aaf927fdd4137ce45226c0fc455e6b_PAN Number.jpg,ABAPQ1666K
output/cropped_outputs/PAN Number/bc_image_202_jpg.rf.fcb5f2e8979fcf6acb5f1653c0b08aae_PAN Number.jpg,CHRPN7043J
output/cropped_outputs/PAN Number/bc_image_126_jpg.rf.37392b3d69d0f471fc1e89ada15243ec_PAN Number.jpg,BBPPY2735P
output/cropped_outputs/PAN Number/khemraj-pan_jpeg.rf.44cedcc7b768c6ad9ff83b22820b6189_PAN Number.jpg,BBLPB2028J
output/cropped_outputs/PAN Number/bnw_image_125_jpg.rf.969ea8e9f4e5d36e42087dd8140b8f36_PAN Number.jpg,BBPPY2735P
output/cropped_outputs/PAN Number/Kamlesh-Gtr-PAN-Copy_jpg.rf.aa60ec9c325dc1cf6f30adb842f3d711_PAN Number.jpg,BBPPY2735P
output/cropped_outputs/PAN Number/01725443260010_jpg.rf.1a57f7b9694e8b1e2caa29ed9089e016_PAN Number.jpg,BCMPK5242B
output/cropped_outputs/PAN Number/bnw_image_208_jpg.rf.370bbeb89a3a5af7d784e1fca3f6cdc9_PAN Number.jpg,FHSPS4118D
output/cropped_outputs/PAN Number/PAN_Card_20240702_170651139_jpg.rf.7f0c405f2d947576f0f48c4911e28842_PAN Number.jpg,DRMPB0371P
output/cropped_outputs/PAN Number/bc_image_207_jpg.rf.269f739e8cbfcbd818fa3494115ea2c7_PAN Number.jpg,DTEPR1856D
output/cropped_outputs/PAN Number/01187739310014_jpg.rf.160213e29ba96d2b32bd8447eb4ef124_PAN Number.jpg,BCWPD7747Q
output/cropped_outputs/PAN Number/bc_image_108_jpg.rf.9309536003ba910e79902116fcbf62e8_PAN Number.jpg,EWUPS2460C
output/cropped_outputs/PAN Number/bnw_image_071_jpg.rf.36fef01dc6dbc33d86ca462bf6030eff_PAN Number.jpg,OXIPS2573F
output/cropped_outputs/PAN Number/01452511510013_jpg.rf.8bb59932dddf0f1816c3f3a977ffc438_PAN Number.jpg,BQHPA8532P
output/cropped_outputs/PAN Number/bnw_image_142_jpg.rf.201399c8d63e97919ea335e15b3a5df9_PAN Number.jpg,BTBPY6965M
output/cropped_outputs/PAN Number/PAN_Card_20240701_114422759_jpg.rf.8c5f5871a19851569012a0ad5fd89ae1_PAN Number.jpg,GZKPK5294R
output/cropped_outputs/PAN Number/bc_image_124_jpg.rf.2193386ad58429b237b3ef639cee8302_PAN Number.jpg,DGKPR0983Q
output/cropped_outputs/PAN Number/App-Arjun-Ram-Pan-Card_page-0001_jpg.rf.c382749938634f6e16cbf2f415fc6598_PAN Number.jpg,GNWPR9055P
output/cropped_outputs/PAN Number/Ganesh-PAN_jpeg.rf.6af8e2dab91df5bba668cca2011f1dbc_PAN Number.jpg,AUOPM3955A
output/cropped_outputs/PAN Number/Sudhir-pan_jpeg.rf.c38056be3fcc22e3f5d38546d0620daf_PAN Number.jpg,AFKPJ5034J
output/cropped_outputs/PAN Number/01212725670019_jpg.rf.5afd7bd8bd80f6bdd98137987838dbf7_PAN Number.jpg,FJSPK3235B
output/cropped_outputs/PAN Number/My-new-pan-card-1-_page-0001_jpg.rf.6f308c48179ad932470eafb32b4269cc_PAN Number.jpg,KTBPK2138D
output/cropped_outputs/PAN Number/App_-Anandaraj-Pan-Card-1-_page-0001_jpg.rf.8351b36387113997aef481209ce03a4d_PAN Number.jpg,CIWPA2897M
output/cropped_outputs/PAN Number/IMG-20240224-WA0011_jpg.rf.a23a947935841e40b03fc015f8905b4a_PAN Number.jpg,FXLPP1976H
output/cropped_outputs/PAN Number/bitthu-pan-card_jpeg.rf.f9f54efec541109e65f1c54f61a4b869_PAN Number.jpg,BGNPL2760A
output/cropped_outputs/PAN Number/1710411256675_jpeg.rf.431afcb1294a845a345849fe3eb5067e_PAN Number.jpg,CAIPN6908E
output/cropped_outputs/PAN Number/pushpa-pAn-card_page-0001_jpg.rf.82ec2dd3a59f54ab3c9af8bec34c5302_PAN Number.jpg,CTKPP7011D
output/cropped_outputs/PAN Number/Rewant-Ram-Pan-Card_jpg.rf.ed68a608f57f5eee4b78c67cadca7c06_PAN Number.jpg,AUBPA7793D
output/cropped_outputs/PAN Number/bc_image_205_jpg.rf.1d525fc664f257268862afae02952f7d_PAN Number.jpg,ABIPU5757D
output/cropped_outputs/PAN Number/bnw_image_096_jpg.rf.2cb63db7837cc4de84eb2749beadf786_PAN Number.jpg,CGYPS9726D
output/cropped_outputs/PAN Number/SURESH-PAN-CARD_page-0001_jpg.rf.5582694883963f6e65584394a296601d_PAN Number.jpg,ATBPN2360A
output/cropped_outputs/PAN Number/bc_image_216_jpg.rf.2e00a7998221c85a53fa5aa0d3a71b3f_PAN Number.jpg,OIQPS1710D
output/cropped_outputs/PAN Number/bc_image_176_jpg.rf.5e41d0675c9a5bc35fdeaa64d19e1656_PAN Number.jpg,EYNPB3812G
output/cropped_outputs/PAN Number/bc_image_169_jpg.rf.bdbf92780ad98138af20be18c0ee9dfb_PAN Number.jpg,BBUPG1202Q
output/cropped_outputs/PAN Number/bnw_image_087_jpg.rf.85bdb02228b1cf9eed6dd22a8bc3d31a_PAN Number.jpg,DMVPG9009P
output/cropped_outputs/PAN Number/01214635550018_jpg.rf.9d703cbe98b4be0612e6cf356926b782_PAN Number.jpg,BNKPK1960M
output/cropped_outputs/PAN Number/bc_image_051_jpg.rf.5a69db8f4768aba9e06ee565432752d7_PAN Number.jpg,ATOPB0750H
output/cropped_outputs/PAN Number/bc_image_024_jpg.rf.5013b792c1a8558a3209df8465bf8f37_PAN Number.jpg,BDDPT7762H
output/cropped_outputs/PAN Number/bnw_image_131_jpg.rf.9e44b744b9005bd730b31bda93b49d02_PAN Number.jpg,GMBPB8448E
output/cropped_outputs/PAN Number/1710411256572_jpg.rf.d47a497386ce4f27ec8e20de8cc3812e_PAN Number.jpg,IQRPD4473F
output/cropped_outputs/PAN Number/bc_image_101_jpg.rf.9b7434dc3fb290ea60ad45ba9ed69a2f_PAN Number.jpg,JOZPS9930F
output/cropped_outputs/PAN Number/bnw_image_184_jpg.rf.da109c4db06137b59b6355dde16a4d9b_PAN Number.jpg,HCGQPS3119R
output/cropped_outputs/PAN Number/bc_image_219_jpg.rf.5a9405e9be21ea64f3ae300574d3a82b_PAN Number.jpg,EYNPB3812G
output/cropped_outputs/PAN Number/bc_image_155_jpg.rf.8f32703fcff7bc73d99b6e6f9dfd44b1_PAN Number.jpg,KTBPK2138D
output/cropped_outputs/PAN Number/bc_image_087_jpg.rf.3749a8d81c61e350f0db7a84bb1f9652_PAN Number.jpg,DMVPG9009P
output/cropped_outputs/PAN Number/bc_image_132_jpg.rf.26265f0be91c13a80e9ab0acabce18c7_PAN Number.jpg,AKUPP6779K
output/cropped_outputs/PAN Number/Anil_Pan_jpg.rf.ababd72103b42a4e924cfc22b1a67d02_PAN Number.jpg,AKOPR6741H
output/cropped_outputs/PAN Number/70_PAN_jpg.rf.153b191cd63d2ff54a9a896273d6b8f7_PAN Number.jpg,BVIPM0918F
output/cropped_outputs/PAN Number/01236464640010_jpg.rf.9526cd5532561d8fe666f1429918b671_PAN Number.jpg,FCBPK2992D
output/cropped_outputs/PAN Number/bnw_image_149_jpg.rf.4e0cfc45f72dccd74ccfbeadf70ac57e_PAN Number.jpg,ADXPL9511D
output/cropped_outputs/PAN Number/01261732310018_jpg.rf.b30a96a58c1c9403142f1d2bfebdfc61_PAN Number.jpg,NEKPS6177B
output/cropped_outputs/PAN Number/Dilip-PAN_jpeg.rf.e369f16be287e863f7e7692c09f8e858_PAN Number.jpg,FYVPS5447H
output/cropped_outputs/PAN Number/bc_image_087_jpg.rf.f78748790279a8f670302b8f74aea676_PAN Number.jpg,DMVPG9009P
output/cropped_outputs/PAN Number/SHANKAR-PAN-KYC_page-0001_jpg.rf.7c6ef1074b8fb1c379a2a6ef49f6a7a7_PAN Number.jpg,MHQPS5615A
output/cropped_outputs/PAN Number/bnw_image_090_jpg.rf.557f2c00d2aba5484fb4281603a8d5ef_PAN Number.jpg,BVRPJ2331N
output/cropped_outputs/PAN Number/bc_image_031_jpg.rf.30cd03f18f7bda4f3ecf0e5503ab3f5b_PAN Number.jpg,BIQPL1856A
output/cropped_outputs/PAN Number/MAYA-PAN_page-0001_jpg.rf.bd4842f1642cfaf6e23e673144229fca_PAN Number.jpg,DKKPB3194R
output/cropped_outputs/PAN Number/KHERU-NISA-PAN-CARD_page-0001_jpg.rf.929e49fe7e82b63647526824bb0671a8_PAN Number.jpg,CJLPN8794C
output/cropped_outputs/PAN Number/bnw_image_011_jpg.rf.3f8b6757cd18a7da10b14f3b61012329_PAN Number.jpg,BMAPK3430P
output/cropped_outputs/PAN Number/bc_image_127_jpg.rf.9d1c65b28d1eaa624d7372dd24c06e88_PAN Number.jpg,OONPS1714C
output/cropped_outputs/PAN Number/PAN-Safia_jpeg.rf.993f7e0c3791094bcedb8bc0c6047551_PAN Number.jpg,CLBPK8872Q
output/cropped_outputs/PAN Number/25_png.rf.553975245448c38d8c15390b0f9e716d_PAN Number.jpg,BIQPL1856A
output/cropped_outputs/PAN Number/bnw_image_012_jpg.rf.1b137898818a09f254a1c9b4b3035709_PAN Number.jpg,EGZPM9810H
output/cropped_outputs/PAN Number/bnw_image_109_jpg.rf.c1562fafc22c0f53565e2aa05dac97ff_PAN Number.jpg,FTZPP4687P
output/cropped_outputs/PAN Number/bnw_image_206_jpg.rf.cdb2f99aad7b5b0e33eabc61d91150ce_PAN Number.jpg,CMRPN7142P
output/cropped_outputs/PAN Number/20_PAN_jpg.rf.768e3d690f1cfb615acb5fdd6403e484_PAN Number.jpg,BIQPL1856A
output/cropped_outputs/PAN Number/16_PAN_jpg.rf.c75e2840a0877213208763eadd4c1e36_PAN Number.jpg,DCQPK8010K
output/cropped_outputs/PAN Number/bc_image_211_jpg.rf.38925b8fe3b3053a93ab4b2c078a2d0e_PAN Number.jpg,FFPPA5664M
output/cropped_outputs/PAN Number/bnw_image_041_jpg.rf.b41c575b84e4ade2269bae6415a2f412_PAN Number.jpg,CHLPG7477F
output/cropped_outputs/PAN Number/Samuti-PAN_jpeg.rf.fccba7f3180941c3796d689d46ee4065_PAN Number.jpg,FIXPR2705F
output/cropped_outputs/PAN Number/bc_image_226_jpg.rf.d9ff1671a446aa5f7be6b8bbe910c8d3_PAN Number.jpg,CYVPA3397P
output/cropped_outputs/PAN Number/bc_image_086_jpg.rf.e1c722d585a0514219956e14b038f55b_PAN Number.jpg,BCSPL1731J
output/cropped_outputs/PAN Number/PAN-Deepak-Swami_page-0001_jpg.rf.e26481057b4bee0fbb2d02961e16d566_PAN Number.jpg,FEYPS6910E
output/cropped_outputs/PAN Number/bnw_image_249_jpg.rf.88fd4a6baeb30ba1770958dd2389a485_PAN Number.jpg,FLMPK0068Q
output/cropped_outputs/PAN Number/bc_image_212_jpg.rf.f3d32af4a30fdeb7aa50eceb005ba376_PAN Number.jpg,MRAPS9888K
output/cropped_outputs/PAN Number/01236464640010_jpg.rf.acfeb25982f8a5e7ba22fc07d47a9663_PAN Number.jpg,FCBPK2992D
output/cropped_outputs/PAN Number/Vimla-Pan_jpeg.rf.bb7fa5028a6765b631f24771d98b66cd_PAN Number.jpg,HVFPP0653D
output/cropped_outputs/PAN Number/bnw_image_001_jpg.rf.31f94d60c7539e9dae261253ce753384_PAN Number.jpg,FQYPS0660H
output/cropped_outputs/PAN Number/bnw_image_056_jpg.rf.58b77e66dbbc665123ea4e634ab11431_PAN Number.jpg,AELPR4676J
output/cropped_outputs/PAN Number/01133224110011_jpg.rf.dcbd66b5710038b17a87f1f28b79f8d0_PAN Number.jpg,BJIPC1861P
output/cropped_outputs/PAN Number/5-Neha-PAN_jpeg.rf.48083d935dabdeb19b83fbe6831c1dce_PAN Number.jpg,BYEBPJ1811K
output/cropped_outputs/PAN Number/bc_image_103_jpg.rf.4cf3ebd96838ff316c57e8ae4fdcb3f6_PAN Number.jpg,AXYPG9636K
output/cropped_outputs/PAN Number/bc_image_162_jpg.rf.86a26ca14dc78dfca6ba0b67828b6a3a_PAN Number.jpg,ABFFM3164K
output/cropped_outputs/PAN Number/bc_image_139_jpg.rf.44794ce820cafe072ba6efb0d9ba1d55_PAN Number.jpg,ABQPO1511M
output/cropped_outputs/PAN Number/2_jpg.rf.2a0d1a13854570732bb93f1ca72ce6ae_PAN Number.jpg,COIPS6575Q
output/cropped_outputs/PAN Number/01251152230017_jpg.rf.4ef682f2d78cba7dfc4c398365f3b008_PAN Number.jpg,BOHPS7476G
output/cropped_outputs/PAN Number/32_PAN_jpg.rf.b09172366fcb1097b1cd4da2cfabc5cc_PAN Number.jpg,AQSPL9772C
output/cropped_outputs/PAN Number/8402957537_jpg.rf.86ab933a34b7305cbba96412da842a03_PAN Number.jpg,AOMPH3268M
output/cropped_outputs/PAN Number/35_jpg.rf.b6d7e42c586aa6e1b8a96abad80819af_PAN Number.jpg,JLJPS6562Q
output/cropped_outputs/PAN Number/punus-ali-aadhar-pan-_page-0003_jpg.rf.aba99f78ca90ed8f69f2c772a9478cb0_PAN Number.jpg,CYVPA3397P
output/cropped_outputs/PAN Number/GTR_Pan_jpg.rf.991c58162ca99c3132ae5547dcf1d05c_PAN Number.jpg,DFRPP5173N
output/cropped_outputs/PAN Number/9162825938_jpg.rf.315393c46b01abdd9c89f5e66e411b27_PAN Number.jpg,CETPG2787M
output/cropped_outputs/PAN Number/pushpa-devi-pan-card_page-0001_jpg.rf.a0a8027089e3b08e6203ed2689fb834d_PAN Number.jpg,HZGPD3501M
output/cropped_outputs/PAN Number/79_PAN_jpg.rf.bffd31a7cbc18f56013ef8e7e8d77ddc_PAN Number.jpg,ABCDE1234F
output/cropped_outputs/PAN Number/bnw_image_244_jpg.rf.7736bc84d03093d2c5d29162dee191fa_PAN Number.jpg,GQZPR9805K
output/cropped_outputs/PAN Number/bc_image_091_jpg.rf.bc77cf06157dfef82a723784f69e773c_PAN Number.jpg,HJCPD2413L
output/cropped_outputs/PAN Number/bc_image_112_jpg.rf.d46b68f0f7005b39cc84d0a168105807_PAN Number.jpg,EDGPG7855G
output/cropped_outputs/PAN Number/bc_image_119_jpg.rf.ce35f0b28c0c7127e43e495605330e79_PAN Number.jpg,AYJPK8520C
output/cropped_outputs/PAN Number/Neetu-PAN_jpeg.rf.54d72aff6b31eaef5ff753a837b960e2_PAN Number.jpg,GEJPM0786N
output/cropped_outputs/PAN Number/01577335720011_jpg.rf.ce883f88ce6043d63d2bc4ae4ff7095c_PAN Number.jpg,DXPPA7549D
output/cropped_outputs/PAN Number/aadar-pan-jaswant-1_page-0007_jpg.rf.4300f5590f7208895fd64d74367d04a0_PAN Number.jpg,DEWPM4236K
output/cropped_outputs/PAN Number/bc_image_208_jpg.rf.f94fb0c86be2c0eaceefad8b435bec9c_PAN Number.jpg,FHSPS4118D
output/cropped_outputs/PAN Number/Screenshot-2024-09-11-at-5-31-14-PM_png.rf.b35f55c621aa9d69475d6474a6b6aca6_PAN Number.jpg,BLAPT0864M
output/cropped_outputs/PAN Number/bnw_image_003_jpg.rf.77c9b234b627b27705f3f824ebcc2a91_PAN Number.jpg,CFPPR1407G
output/cropped_outputs/PAN Number/bc_image_020_jpg.rf.6f228dfc118398b8b7e79f78047b5e94_PAN Number.jpg,HRZPK1446K
output/cropped_outputs/PAN Number/bc_image_106_jpg.rf.c504eccb99c2244275f5a4e06b1081dd_PAN Number.jpg,LPRPS5238H
output/cropped_outputs/PAN Number/bc_image_019_jpg.rf.f3eccf531499a232c6aec7672fe817a6_PAN Number.jpg,CUHPK4890B
output/cropped_outputs/PAN Number/YURAJ-PAN-CARD_page-0001_jpg.rf.92e171db6abc85e640aad844302bb147_PAN Number.jpg,HQJPM9356M
output/cropped_outputs/PAN Number/bc_image_203_jpg.rf.1b7bc898f34ee948f4fc6ce54d356c93_PAN Number.jpg,CPFPC0179C
output/cropped_outputs/PAN Number/1710411256572_jpg.rf.86039ebb4cb10ebb12ed5c41d8d5a466_PAN Number.jpg,IQRPD4475F
output/cropped_outputs/PAN Number/bc_image_076_jpg.rf.565cb99ff250e0d005f821beb98bcff7_PAN Number.jpg,QLZPS9331C
output/cropped_outputs/PAN Number/Mansingh-Pan-Card_page-0001_jpg.rf.0405d20e4d9c812eeb6de9a535ad6cd4_PAN Number.jpg,HLJPS9387D
output/cropped_outputs/PAN Number/PAN-CARD-SUNIL_page-0001_jpg.rf.dd0f6f4833691dc1b50b2446eb84285f_PAN Number.jpg,BNCPH0974C
output/cropped_outputs/PAN Number/bnw_image_065_jpg.rf.6392954d4069d0d59261abf2ae9aa4c3_PAN Number.jpg,GNWPR9055P
output/cropped_outputs/PAN Number/Kamla_Pan_jpg.rf.cb0b895a8303f1c88c2846d343065fe2_PAN Number.jpg,DGKPR0983Q
output/cropped_outputs/PAN Number/bc_image_189_jpg.rf.048af5098496c0f1eacd243e71ed1d67_PAN Number.jpg,BGYPJ0129A
output/cropped_outputs/PAN Number/97_PAN_jpg.rf.9f81d32de264bcf383389b9c82d8dee1_PAN Number.jpg,ATOPB0750H
output/cropped_outputs/PAN Number/Anop-Pan_jpg.rf.aaab6a925ed28361927fd8484424f663_PAN Number.jpg,HJHPS0889C
output/cropped_outputs/PAN Number/6-Virendra-PAN_jpeg.rf.859df881d2efdabef21116f7d4898284_PAN Number.jpg,ANAPJ5978R
output/cropped_outputs/PAN Number/bc_image_167_jpg.rf.48c6381cb0329d9eadc35f40a420315b_PAN Number.jpg,EUGPB4005L
output/cropped_outputs/PAN Number/bnw_image_159_jpg.rf.bf6b0f019a9652ac51272f7cf3c2fb5a_PAN Number.jpg,GEJPM0786N
output/cropped_outputs/PAN Number/bnw_image_107_jpg.rf.3e2e0d6655dfe01b65b3da51e1361763_PAN Number.jpg,IFTPP6695Q
output/cropped_outputs/PAN Number/12_PAN_jpg.rf.08708e9e9276e2265bc3fa71edd0c163_PAN Number.jpg,BJQPP5524G
output/cropped_outputs/PAN Number/bc_image_062_jpg.rf.5995dfb93204e05ac4e2df68f19292ce_PAN Number.jpg,HBJPP5621R
output/cropped_outputs/PAN Number/bnw_image_038_jpg.rf.f076b76f4a306ebc143314ee788a62e0_PAN Number.jpg,BYEPJ1811K
output/cropped_outputs/PAN Number/chotu-lal-PAN_page-0001-1-_jpg.rf.ff6b4ba04f20f65bee60d99f78516cf5_PAN Number.jpg,BCSPL1731J
output/cropped_outputs/PAN Number/papu-singh-pan-card-tambariya_page-0001_jpg.rf.e2c3b78b3a8f8fbd35c654f52aa30aa4_PAN Number.jpg,LSXPS8701A
output/cropped_outputs/PAN Number/bc_image_150_jpg.rf.af6fe2327007d853261c08940a031785_PAN Number.jpg,HLJPS9387D
output/cropped_outputs/PAN Number/Rafik-PAN_jpeg.rf.955eafda2ed5fa6d68427d92d21e1a13_PAN Number.jpg,AEVPR4703A
output/cropped_outputs/PAN Number/PAN_Card_20240702_125404493_jpg.rf.05498663e27ac7dde0cf8830cf34d7b8_PAN Number.jpg,DTEPR1858D
output/cropped_outputs/PAN Number/1710411256572_jpg.rf.91216dc0cb4618e273d063edf29ea666_PAN Number.jpg,IQRPD4473F
output/cropped_outputs/PAN Number/bc_image_063_jpg.rf.c8ad26cb47b93cfd43c0ed278b916587_PAN Number.jpg,HJHPS0889C
output/cropped_outputs/PAN Number/1000071717-BAJAJ-PAN_png.rf.87be57cd59e20c351646f94eea5d3fd4_PAN Number.jpg,HRZPK1446K
output/cropped_outputs/PAN Number/bc_image_049_jpg.rf.161e6d0d74bd9ac8952e33ebe5aa341c_PAN Number.jpg,CETPG2787M
output/cropped_outputs/PAN Number/70_PAN_jpg.rf.76447ebaf8eac0a4d8e111872d5ad70b_PAN Number.jpg,BVIPM0918F
output/cropped_outputs/PAN Number/chotu-lal-PAN_page-0001-1-_jpg.rf.ef1a1a8898b12d04ab23f81b41b7a99e_PAN Number.jpg,BCSPL1731J
output/cropped_outputs/PAN Number/PAN_Card_20240701_190503704_jpg.rf.8e1542dec3a6c05b150107fb9de23b31_PAN Number.jpg,IASPS6459B
output/cropped_outputs/PAN Number/01452511510013_jpg.rf.e65a39ffdffde3f783211749ed812c77_PAN Number.jpg,BQHPA8532P
output/cropped_outputs/PAN Number/30_jpg.rf.54cb9835b1fbcb453cbe168798440f62_PAN Number.jpg,BNFPS7312J
output/cropped_outputs/PAN Number/bc_image_041_jpg.rf.e7073942280a25cd0edc718574256c73_PAN Number.jpg,CHLPG7477F
output/cropped_outputs/PAN Number/bc_image_233_jpg.rf.9b1140e633ff01a81d30fd33d5e7b6e1_PAN Number.jpg,FGEPR4322D
output/cropped_outputs/PAN Number/01651626160011_jpg.rf.1adfca3c813061f0432f039a61a11fd2_PAN Number.jpg,CNUPR5539J
output/cropped_outputs/PAN Number/01263124150013_jpg.rf.77199293d54a32a528ec4d0e3a06dd6d_PAN Number.jpg,EGZPM9810H
output/cropped_outputs/PAN Number/35_PAN_jpg.rf.ec57a7da1beacad135ad84bf3c1c8212_PAN Number.jpg,JLJPS6562Q
output/cropped_outputs/PAN Number/bc_image_165_jpg.rf.aab5427b823fa27aa7f32768de0de07c_PAN Number.jpg,FEFPB1697E
output/cropped_outputs/PAN Number/bnw_image_073_jpg.rf.ae26226600396d5dc1669e5e8312152f_PAN Number.jpg,BMMPL5024Q
output/cropped_outputs/PAN Number/bc_image_199_jpg.rf.03645b612e3c1f80162e33da272daf48_PAN Number.jpg,BJGPGB439P
output/cropped_outputs/PAN Number/RINKU-PAN_page-0001_jpg.rf.6fe70ff03495ee8660ce893153d94e67_PAN Number.jpg,CGYPN8493A
output/cropped_outputs/PAN Number/01353526370014_jpg.rf.4c76cb690467ea6a5f29d91830917c40_PAN Number.jpg,BEHPY8113C
output/cropped_outputs/PAN Number/bnw_image_171_jpg.rf.1818df37009a5ea5e85709d1a3abc8a1_PAN Number.jpg,FCYPP2033K
output/cropped_outputs/PAN Number/bnw_image_097_jpg.rf.13a7105174977e7cb077cc3219b3954f_PAN Number.jpg,AUOPM3955A
output/cropped_outputs/PAN Number/25_png.rf.332333190fef8d8964a8d3e585710bea_PAN Number.jpg,BIQPL1856A
output/cropped_outputs/PAN Number/89_PAN_jpg.rf.1ae5f7dec6810caaca4486b1a193baf9_PAN Number.jpg,JKLP9999AA
output/cropped_outputs/PAN Number/PAN_Card_20240701_184004436_jpg.rf.cf15450a1e88dca870fc14839320e315_PAN Number.jpg,CHRPN7043J
output/cropped_outputs/PAN Number/pan2_png.rf.946f2d38711504ed142c7ed6370842ae_PAN Number.jpg,BXAPC1000L
output/cropped_outputs/PAN Number/bnw_image_011_jpg.rf.7a348bd2ec1b248f16801bff6f3f3d3e_PAN Number.jpg,BMAPK3430P
output/cropped_outputs/PAN Number/bc_image_201_jpg.rf.0c64d6c24f076dbf08a441506b7e6f1f_PAN Number.jpg,CURPA2637L
output/cropped_outputs/PAN Number/100_PAN_jpg.rf.ebcf0de1f63534ca3b37f741f835f424_PAN Number.jpg,ATOPB0750H
output/cropped_outputs/PAN Number/97_jpg.rf.988b1bfc3f9b57cac5455dd9f2c89ff2_PAN Number.jpg,ATOPB0750H
output/cropped_outputs/PAN Number/bnw_image_165_jpg.rf.c70abe23e1ea39f69fde381f331654ee_PAN Number.jpg,FEFPB1697E
output/cropped_outputs/PAN Number/bnw_image_132_jpg.rf.f07aa62e1db39c0ee851a253b2698fa6_PAN Number.jpg,AKUPP6779K
output/cropped_outputs/PAN Number/GTR-Heera-Lal-PAN-CARD_page-0001_jpg.rf.3005a13dd5f0089ea296eea5a68b4c43_PAN Number.jpg,EWUPS2480C
output/cropped_outputs/PAN Number/bc_image_176_jpg.rf.02b90c96f8907824a0d412d33d33e390_PAN Number.jpg,EYNPB3812G
output/cropped_outputs/PAN Number/bnw_image_059_jpg.rf.f943c86002edcfa982914857058e5833_PAN Number.jpg,HBJPP5621R
output/cropped_outputs/PAN Number/bc_image_085_jpg.rf.4f3c7c641e88cba7060dba3d1c9c3a22_PAN Number.jpg,BCSPL1731J
output/cropped_outputs/PAN Number/bnw_image_013_jpg.rf.58eb36ecca6fc9f203ccf15d0a550538_PAN Number.jpg,HLKPK0860C
output/cropped_outputs/PAN Number/bc_image_178_jpg.rf.1ea5184c0a4aa2db8000c24558014402_PAN Number.jpg,FEYPS6910E
output/cropped_outputs/PAN Number/bc_image_066_jpg.rf.cb1f3032ae4edb3a1795a64f24ec3611_PAN Number.jpg,BEKPA3775H
output/cropped_outputs/PAN Number/bnw_image_212_jpg.rf.8e2502d9d55a57b3cd5a4d53948d827d_PAN Number.jpg,MRAPS9888K
output/cropped_outputs/PAN Number/bc_image_057_jpg.rf.a30b544e4de182e4bf8031aaa6063ce0_PAN Number.jpg,AKOPR6741H
output/cropped_outputs/PAN Number/bnw_image_227_jpg.rf.bca8613fede96424fa2c9d4fbceb0d8a_PAN Number.jpg,HZGPD3501M
output/cropped_outputs/PAN Number/bnw_image_124_jpg.rf.17acf6a4a00eb200515af662a2ba514d_PAN Number.jpg,DGKPR0983Q
output/cropped_outputs/PAN Number/bc_image_156_jpg.rf.ee1e3750f0a9c8ff02f50b0112325e7d_PAN Number.jpg,AKCPR7239J
output/cropped_outputs/PAN Number/e007179a-58196aadc14229072fe70390_pan_jpg.rf.c32d70244998575ffd5f360af9ddf40e_PAN Number.jpg,CGYPS9726D
output/cropped_outputs/PAN Number/bc_image_205_jpg.rf.0290a6ff9515cc0dd157733f1ba1b694_PAN Number.jpg,ABIPU5757D
output/cropped_outputs/PAN Number/24_PAN_jpg.rf.11ee7536870e3254d3997d0112f93e61_PAN Number.jpg,EFEPP1377A
output/cropped_outputs/PAN Number/bnw_image_108_jpg.rf.7f6899d7a0d7036b0172ff2f25022ad8_PAN Number.jpg,EWUPS2460C
output/cropped_outputs/PAN Number/bnw_image_187_jpg.rf.41e2313c88bc434a9400d62c96ba40ac_PAN Number.jpg,ANWPT1935C
output/cropped_outputs/PAN Number/bc_image_010_jpg.rf.0b2db614e617a7f8dd9e68b52e48b73e_PAN Number.jpg,BOHPS7476G
output/cropped_outputs/PAN Number/63_jpg.rf.dce74d5d5a78f81fa39fb5c3f35ec50a_PAN Number.jpg,CHLPG7477F
output/cropped_outputs/PAN Number/01173574530010_pan_png.rf.a3f621c39fd133ea9ff59e91722a7ecf_PAN Number.jpg,CMXPS9758J
output/cropped_outputs/PAN Number/PAN_Card_20240702_154034177_jpg.rf.7991f72e738cbcb8f69eaba5c4cd4324_PAN Number.jpg,FHSPS4118D
output/cropped_outputs/PAN Number/Mangi-Lal-Pan-Card_jpg.rf.331db6c7f988ec990dafa6872a96557d_PAN Number.jpg,BGFPL1234F
output/cropped_outputs/PAN Number/Dhapu-Pan_page-0001_jpg.rf.27b749c5d0c729d3b672cab2a9fa7686_PAN Number.jpg,IPUPD0494C
output/cropped_outputs/PAN Number/Sadrudeen-Pan-Card_page-0001_jpg.rf.2f00aa61b9b593e2a57c4595cad8bbcd_PAN Number.jpg,OEWPS1801D
output/cropped_outputs/PAN Number/01215317330013_jpg.rf.81b4ab50306d1fa6bf6fe29232e53c1f_PAN Number.jpg,EGGPK3116M
output/cropped_outputs/PAN Number/14_PAN_jpg.rf.d3adef9a7d28606bb4e3e7da5e1040ea_PAN Number.jpg,AAAAA1234A
output/cropped_outputs/PAN Number/bnw_image_117_jpg.rf.771de46ce02d44bb903056ae36b70bdd_PAN Number.jpg,BXHPR2610E
output/cropped_outputs/PAN Number/bc_image_093_jpg.rf.b78e1db607ff9b6ee640145cb668da1b_PAN Number.jpg,IPUPD0494C
output/cropped_outputs/PAN Number/bnw_image_208_jpg.rf.5c7b1cf4e90b6a921b6dcd521653fc7a_PAN Number.jpg,FHSPS4118D
output/cropped_outputs/PAN Number/bc_image_266_jpg.rf.9096b9eb3d1b34b441296ac8c277c4ff_PAN Number.jpg,HVFPP0652D
output/cropped_outputs/PAN Number/bnw_image_004_jpg.rf.3b34326364988fa21b187e32688a5ec6_PAN Number.jpg,CGPPN7383G
output/cropped_outputs/PAN Number/01213254430016_jpg.rf.606528134f26a19fdf886fb5c8b47311_PAN Number.jpg,GZPPK7084E
output/cropped_outputs/PAN Number/SUKUMAR-PAN_page-0001_jpg.rf.7854c433e0714879dfe57e70675db993_PAN Number.jpg,CNLPN2682P
output/cropped_outputs/PAN Number/01447616370011_jpg.rf.99e204600129d583d539dad72b1f4fcb_PAN Number.jpg,CJFPK8093P
output/cropped_outputs/PAN Number/bc_image_154_jpg.rf.157b1c97f9d5b2d747a6dddf8dd55508_PAN Number.jpg,KRGPS2506L
output/cropped_outputs/PAN Number/PAN_Card_20240701_200154056_jpg.rf.7550c63d4c7977549656b7078825725b_PAN Number.jpg,FSNPB6340G
output/cropped_outputs/PAN Number/Pan-Card_page-0001_jpg.rf.50a8d56549e902479ef425d9ed0d0a07_PAN Number.jpg,ATOPY5115F
output/cropped_outputs/PAN Number/PAN_Card_20240701_181008420_jpg.rf.299e2febc073ea619bc862d0207d1092_PAN Number.jpg,ADBPZ4428P
output/cropped_outputs/PAN Number/01111534630016_jpg.rf.0d36e1bc00ab1a8a898c81f7326222e4_PAN Number.jpg,CUDPP5407R
output/cropped_outputs/PAN Number/Mansingh-Pan-Card_page-0001_jpg.rf.ddf974f426e7c735f4040430f2f8a662_PAN Number.jpg,HLJPS9387D
output/cropped_outputs/PAN Number/bnw_image_255_jpg.rf.53ab7af304430df091a59df05bbf8e32_PAN Number.jpg,KKRPS1385D
output/cropped_outputs/PAN Number/Sushila-Pan_jpg.rf.a53ef5c6f810c8854f5cd6036e594f1e_PAN Number.jpg,OOKPS5079K
output/cropped_outputs/PAN Number/bc_image_143_jpg.rf.85ee9cf326a85a6d57adc5c9fb951e61_PAN Number.jpg,CHPPR5749R
output/cropped_outputs/PAN Number/bc_image_263_jpg.rf.ef083cecf8060b5f7b89292d7e15dcfe_PAN Number.jpg,ATBPN2360A
output/cropped_outputs/PAN Number/bnw_image_006_jpg.rf.c17ebfd979821fc5ff3b484dbe3066ea_PAN Number.jpg,EGGPK3116M
output/cropped_outputs/PAN Number/bnw_image_106_jpg.rf.63c8e3cd97501593df74b452cb5ade71_PAN Number.jpg,LPRPS5238H
output/cropped_outputs/PAN Number/bnw_image_181_jpg.rf.285d5e98ce86556dcbf70694a8788bc1_PAN Number.jpg,AKAPI4266L
output/cropped_outputs/PAN Number/101_PAN_jpg.rf.30cd4485d92adf1850eefbf82a352785_PAN Number.jpg,BNZPM2501F
output/cropped_outputs/PAN Number/63_PAN_jpg.rf.972a97e0ee3a020c1cc996de3450c2ae_PAN Number.jpg,CHLPG7477F
output/cropped_outputs/PAN Number/bnw_image_121_jpg.rf.6a1e6a97b74148e417a77944730f2e9e_PAN Number.jpg,NDQPS7908H
output/cropped_outputs/PAN Number/bc_image_244_jpg.rf.b0966f2d374af6053125820d5967eac4_PAN Number.jpg,GQZPR9805K
output/cropped_outputs/PAN Number/bnw_image_200_jpg.rf.15f45350a09ea74fe1076c51a3958f97_PAN Number.jpg,BCIPN8046A
output/cropped_outputs/PAN Number/bnw_image_135_jpg.rf.0831f7f874320450b140194929d18feb_PAN Number.jpg,EJKPP7110K
output/cropped_outputs/PAN Number/bnw_image_250_jpg.rf.546c9f4569a103c7bc4ae015cb8a0d2b_PAN Number.jpg,HNLPP5113E
output/cropped_outputs/PAN Number/PAN_Card_20240701_184004436_jpg.rf.0168bdee4a60c5d257ebada414f27765_PAN Number.jpg,CHRPN7043J
output/cropped_outputs/PAN Number/PAN_Card_20240702_161137495_jpg.rf.8b6bbdf2b37a94179304c56529a8b79b_PAN Number.jpg,BOFPC4241F
output/cropped_outputs/PAN Number/bc_image_166_jpg.rf.efa6dcaaff38df1e68ee29cc4431791d_PAN Number.jpg,PPKPK0979E
output/cropped_outputs/PAN Number/bc_image_214_jpg.rf.84e417ec9259b7fead1b49d086946fed_PAN Number.jpg,ARWPJ5760H
output/cropped_outputs/PAN Number/laluram-kir-pan-card-_page-0001_jpg.rf.6df6a7e38fb378c05bb36ff1bd571786_PAN Number.jpg,MMIPK3234Q
output/cropped_outputs/PAN Number/bnw_image_139_jpg.rf.e45e87c37fc176c3c8aab3de5751d5de_PAN Number.jpg,ABQPO1511M
output/cropped_outputs/PAN Number/01231576410019_jpg.rf.29beb73c7b4d97d2739c1230e68c8aa5_PAN Number.jpg,CTQPA1388G
output/cropped_outputs/PAN Number/_pan_png.rf.22e108fc7636ae9328d38bdb3770fe53_PAN Number.jpg,AJMPN8928M
output/cropped_outputs/PAN Number/bc_image_119_jpg.rf.41968c9ef488210316e9655567c5b532_PAN Number.jpg,AYJPK8520C
output/cropped_outputs/PAN Number/PAN_raju-Joshi_page-0001_jpg.rf.b694bf3cb4e5f9363738dbdc55d6c87d_PAN Number.jpg,ARWPJ5760H
output/cropped_outputs/PAN Number/bc_image_036_jpg.rf.a6240eb6d27a1d736a2789c327ff631c_PAN Number.jpg,JLJPS6562Q
output/cropped_outputs/PAN Number/bc_image_200_jpg.rf.138339307577c2eda12cb70c942cdb32_PAN Number.jpg,BCIPN8046A
output/cropped_outputs/PAN Number/bc_image_133_jpg.rf.0ea3c82e6a3e3e0b0a2418d9c8741974_PAN Number.jpg,MMIPK3234Q
output/cropped_outputs/PAN Number/bc_image_078_jpg.rf.92490755dc24f7b8182be3eb4dc44ca5_PAN Number.jpg,HTOPD7743B
output/cropped_outputs/PAN Number/Ghanshyam-PAN-ADHAR_page-0003_jpg.rf.219eb2d6ff74a7ae45933c7db6f3da42_PAN Number.jpg,AXYPG9636K
output/cropped_outputs/PAN Number/Pan-Gopal_jpeg.rf.1e85d9517c82ca0cd50e9b2340d46b7b_PAN Number.jpg,DNTPG2473J
output/cropped_outputs/PAN Number/pinki-pan_jpeg.rf.af3385fbe5361557574d6b97d5b3ca93_PAN Number.jpg,HYWPD2511Q
output/cropped_outputs/PAN Number/47_jpg.rf.41566b27c4a8133e63fb3ff2fcf77142_PAN Number.jpg,ALAPJ9440L
output/cropped_outputs/PAN Number/bnw_image_020_jpg.rf.8a443d41cd3ebb13a84606c03a4fc65e_PAN Number.jpg,HRZPK1446K
output/cropped_outputs/PAN Number/bnw_image_076_jpg.rf.3035555db29cf51fb30496c401fe749c_PAN Number.jpg,QLZPS9331C
output/cropped_outputs/PAN Number/01187739310014_jpg.rf.e2fb5e52cba8919b8ffec6b3fda24d98_PAN Number.jpg,BCWPD7747Q
output/cropped_outputs/PAN Number/bnw_image_127_jpg.rf.112c1d0d5a07bb0dd41816871af1a448_PAN Number.jpg,OONPS1714C
output/cropped_outputs/PAN Number/bc_image_222_jpg.rf.5d4b51009fb93311ec2e07970f60a616_PAN Number.jpg,FGWPP9883B
output/cropped_outputs/PAN Number/92_jpg.rf.c10bd33d1e13745e5bb38f89561d4e6c_PAN Number.jpg,AHHPD8696B
output/cropped_outputs/PAN Number/1699514054_jpg.rf.bafa146c25e337ca7beb9a46d3c6fc46_PAN Number.jpg,AAAAA1234A
output/cropped_outputs/PAN Number/Kamlesh-Gtr-PAN-Copy_jpg.rf.99ab3e5ecaffcb071059c1c1f3154619_PAN Number.jpg,BBPPY2735P
output/cropped_outputs/PAN Number/PAN_Card_20240702_191406532_jpg.rf.1ecd6414e586f4fcd62f9c9728cb95d8_PAN Number.jpg,MRAPS9888K
output/cropped_outputs/PAN Number/bnw_image_133_jpg.rf.d028ed96728993c20efa430f8eea670e_PAN Number.jpg,MMIPK3234Q
output/cropped_outputs/PAN Number/Dhapu-Pan_page-0001_jpg.rf.1b41df8b90d501ea848cc4829ddfb342_PAN Number.jpg,IPUPD0494C
output/cropped_outputs/PAN Number/Trust-PAN_jpeg.rf.122f317ec0c60f11488d0ffafb1fb02f_PAN Number.jpg,AACTM8510B
output/cropped_outputs/PAN Number/bc_image_239_jpg.rf.7cf5ecc30d7042477c8bae0dc172a66a_PAN Number.jpg,CGYPN8493A
output/cropped_outputs/PAN Number/bnw_image_008_jpg.rf.8560f45cf7d921dcea54406611c3fb6c_PAN Number.jpg,CTQPA1388G
output/cropped_outputs/PAN Number/PAN_Card_20240702_125404493_jpg.rf.ed2c26a4d48856d417204bab42a7c706_PAN Number.jpg,DTEPR1858D
output/cropped_outputs/PAN Number/bc_image_113_jpg.rf.58deb24bfaa93e0a897be42c1af78dc2_PAN Number.jpg,HLLPR3235P
output/cropped_outputs/PAN Number/11_PAN_jpg.rf.6039005b03450f15691c2275d34f9948_PAN Number.jpg,AAAAA1234A
output/cropped_outputs/PAN Number/ram-nivas-pan-card_jpg.rf.ea1ae4b22474c24212ed21f15517d6aa_PAN Number.jpg,EJTPG5687K
output/cropped_outputs/PAN Number/image14_jpeg.rf.901d6aa754e87a1f7cf648d4e7af1a0a_PAN Number.jpg,KQZPK5723F
output/cropped_outputs/PAN Number/01214635550018_jpg.rf.49965c028227d0e38c3a66e557fe9360_PAN Number.jpg,BNKPK1960M
output/cropped_outputs/PAN Number/bc_image_231_jpg.rf.21fb3c8b5a86c8c02f92a77e0cf01f4f_PAN Number.jpg,AEVPR4703A
output/cropped_outputs/PAN Number/bc_image_043_jpg.rf.eb86f609beeb5f90676ba69d03b78722_PAN Number.jpg,BVIPM0918F
output/cropped_outputs/PAN Number/bc_image_190_jpg.rf.71a864ae2bb6474b18eeabf13c47854c_PAN Number.jpg,PNEPK5421D
output/cropped_outputs/PAN Number/bnw_image_212_jpg.rf.d753f7c40e3f02bf70a03c09b2d042a9_PAN Number.jpg,MRAPS9888K
output/cropped_outputs/PAN Number/01274722210012_jpg.rf.d17c322609aaeaa8b8bfdaa32d3a8403_PAN Number.jpg,HLKPK0860C
output/cropped_outputs/PAN Number/bnw_image_095_jpg.rf.3c03c4433d59e29a1e63d3976b08a3ed_PAN Number.jpg,EOCPB7804B
output/cropped_outputs/PAN Number/bnw_image_239_jpg.rf.8c2874151355606cca1e1dbf1976011b_PAN Number.jpg,CGYPN8493A
output/cropped_outputs/PAN Number/bnw_image_005_jpg.rf.f23e1477eb8e7074bcff9f4caf581763_PAN Number.jpg,BNKPK1960M
output/cropped_outputs/PAN Number/17_jpg.rf.3b021c55ea642b6cc8280f5fc94ca55e_PAN Number.jpg,DFDPS5174C
output/cropped_outputs/PAN Number/bnw_image_066_jpg.rf.b345db564b9fa038783653b18226bd15_PAN Number.jpg,BEKPA3775H
output/cropped_outputs/PAN Number/bc_image_015_jpg.rf.00765554437b51047853e2371e604b77_PAN Number.jpg,BQHPA8532P
output/cropped_outputs/PAN Number/manohar-pan_jpeg.rf.def478583a8d43cb994d2f0b754c731b_PAN Number.jpg,ADXPL9511D
output/cropped_outputs/PAN Number/bnw_image_040_jpg.rf.70c5be52249e6e0781d6e30a2fccb632_PAN Number.jpg,ANAPJ5978R
output/cropped_outputs/PAN Number/bnw_image_030_jpg.rf.b83a6b055b0856707a53830578d4b31e_PAN Number.jpg,BIQPL1856A
output/cropped_outputs/PAN Number/01262414660017_jpg.rf.ed9812c2d2e44d9326346193b7566eb6_PAN Number.jpg,BMAPK3430P
output/cropped_outputs/PAN Number/4abfeb59-imgtopdf_generated_2208201757059_page-43_jpg.rf.7d022996eb73cd021046667f06d1246a_PAN Number.jpg,BQBPT6559D
output/cropped_outputs/PAN Number/bc_image_090_jpg.rf.6a00404492b275fe835217360f9d2c9e_PAN Number.jpg,BVRPJ2331N
output/cropped_outputs/PAN Number/PAN-CARD-SANNU-BAI_page-0001_jpg.rf.1ac27032a18436d644e8ef7cc9b42220_PAN Number.jpg,CYFPJ8198F
output/cropped_outputs/PAN Number/bc_image_095_jpg.rf.c5f7641c1cc49389aed98a154bcec0af_PAN Number.jpg,EOCPB7804B
output/cropped_outputs/PAN Number/PAN-Card_jpg.rf.34b85b071828627dd9cf0d0705f386b7_PAN Number.jpg,AAAAA1234A
output/cropped_outputs/PAN Number/25_png.rf.9c2e7fa4b45c20e3429df3b2f2640665_PAN Number.jpg,BIQPL1856A
output/cropped_outputs/PAN Number/bnw_image_104_jpg.rf.4f0e891af02197b2d96cdf1ea28a76c8_PAN Number.jpg,EPYPR1303J
output/cropped_outputs/PAN Number/Guarantor-Mayank_Pan_jpg.rf.28ec8d41995916f04870165bcf1083b5_PAN Number.jpg,EDGPG7855G
output/cropped_outputs/PAN Number/bc_image_238_jpg.rf.aa7f4349c09bc6e16ee1b968f3284916_PAN Number.jpg,AUBPA7793D
output/cropped_outputs/PAN Number/bc_image_141_jpg.rf.7a382546bb3367acc2eccf9a7d2b350f_PAN Number.jpg,CBNPP1115M
output/cropped_outputs/PAN Number/SAFARUDIN-PAN-CARD_page-0001_jpg.rf.30be82f37d31aec76e7204bce02fd463_PAN Number.jpg,FPWPS5036A
output/cropped_outputs/PAN Number/Prem-PAN_jpg.rf.57d91751aeed2f82797e664debccf86e_PAN Number.jpg,BXVPN6513Q
output/cropped_outputs/PAN Number/PAN_Card_20240701_190503704_jpg.rf.0b5cb95d9296206b819eeed49184b9c6_PAN Number.jpg,IASPS6459B
output/cropped_outputs/PAN Number/1-PAN-Card-_-Nikhil-Jain_page-0001_jpg.rf.7d0aaa74036592319ee28072fbd475f3_PAN Number.jpg,CUHPK4890B
output/cropped_outputs/PAN Number/Gopal-ji-pan-card_page-0001_jpg.rf.ccee84a52ced3ddf24c87b2046582615_PAN Number.jpg,LPRPS5238H
output/cropped_outputs/PAN Number/pan1_png.rf.ab890a626dd203608ea3418bb833318b_PAN Number.jpg,ELWPM8089J
output/cropped_outputs/PAN Number/bc_image_055_jpg.rf.55ac3d0f02fdaf518c218079cdca348b_PAN Number.jpg,FKAPA3141M
output/cropped_outputs/PAN Number/bnw_image_102_jpg.rf.ccb54e06b2419b9d6a11472a4752f783_PAN Number.jpg,BCQPG3485E
output/cropped_outputs/PAN Number/01112319790012_jpg.rf.a583b55990b899455483678f7c236c13_PAN Number.jpg,HVBPS9660H
output/cropped_outputs/PAN Number/bc_image_041_jpg.rf.418aed02231da65f87626417e9a31f01_PAN Number.jpg,CHLPG7477F
output/cropped_outputs/PAN Number/durga-bai-pancard_page-0001_jpg.rf.9c85cb408e54026a52b8e9747ce0415a_PAN Number.jpg,EOCPB7804B
output/cropped_outputs/PAN Number/bc_image_116_jpg.rf.c67cf136e2a875b347f546f0245ea8ff_PAN Number.jpg,EKIPP9041L
output/cropped_outputs/PAN Number/bc_image_135_jpg.rf.90f2e39baa44cc1b42b283f666bed3fe_PAN Number.jpg,EJKPP7110K
output/cropped_outputs/PAN Number/bc_image_188_jpg.rf.a39d27ce72dcf400a1362aa17acddeaf_PAN Number.jpg,BXAPC1000L
output/cropped_outputs/PAN Number/bnw_image_001_jpg.rf.70fde3b5e9266c5fdadf35a7db5442a2_PAN Number.jpg,FQYPS0660H
output/cropped_outputs/PAN Number/bnw_image_224_jpg.rf.d1f50cf525f2db3a605d5fc91af00f05_PAN Number.jpg,BXVPN6513Q
output/cropped_outputs/PAN Number/01611485750018_jpg.rf.d78c5d828f3e6fcc90d5e7b647cd8884_PAN Number.jpg,BALPR2524L
output/cropped_outputs/PAN Number/01274722210012_jpg.rf.023e6affcdac1f1f22772b5efc118b71_PAN Number.jpg,HLKPK0860C
output/cropped_outputs/PAN Number/17_jpg.rf.1d82fa04d9f2e5a5ebd98f67bf2c4b0f_PAN Number.jpg,DFDPS5174C
output/cropped_outputs/PAN Number/hamji-rawat-pAn-card_page-0001_jpg.rf.08d283c69a657a373877ce43dd44f8f6_PAN Number.jpg,AALPR1365C
output/cropped_outputs/PAN Number/IMG-20240224-WA0011_jpg.rf.279b064fbe15c50bca5cd825c6e2a60e_PAN Number.jpg,FXLPP1976H
output/cropped_outputs/PAN Number/bc_image_236_jpg.rf.440c4885563c346f13f8ce628e58f844_PAN Number.jpg,DKIPM1532E
output/cropped_outputs/PAN Number/Pan-card-of-Brajmohan_jpeg.rf.49d9134ef5693eb24a9acbdf63b428b3_PAN Number.jpg,EUGPB4005L
output/cropped_outputs/PAN Number/bc_image_144_jpg.rf.e76195d40d33b399f1c4d8cbad4dcf15_PAN Number.jpg,BGFPL1234F
output/cropped_outputs/PAN Number/Kanta-Pan-Card_jpg.rf.6d42d4372e437ee0ed3d896790275e9c_PAN Number.jpg,ETMPK7546C
output/cropped_outputs/PAN Number/bc_image_267_jpg.rf.66419a80b03f4a1ba6185e60003e0b22_PAN Number.jpg,LIHPS7180K
output/cropped_outputs/PAN Number/pan3_png.rf.285870f10fdd9194b21f41069ec70483_PAN Number.jpg,BGYPJ0129A
output/cropped_outputs/PAN Number/bnw_image_093_jpg.rf.22538ada2cbd3f774277b2f1d1776e72_PAN Number.jpg,IPUPD0494C
output/cropped_outputs/PAN Number/Radhika-PAN-card_page-0001_jpg.rf.d5c4ad30751cba257439632fab897b4b_PAN Number.jpg,HDPP58413F
output/cropped_outputs/PAN Number/bc_image_229_jpg.rf.b39f6408610a81fb6ccefc01f25ee5b6_PAN Number.jpg,ADUPO7982L
output/cropped_outputs/PAN Number/bc_image_034_jpg.rf.e87868da4ae3709c9fcef60cfcf7b518_PAN Number.jpg,BIQPL1856A
output/cropped_outputs/PAN Number/man-singh-pan_jpeg.rf.cbbddd8be0cb133b1e94cf586239b2bd_PAN Number.jpg,CHPPR5749R
output/cropped_outputs/PAN Number/97_jpg.rf.dfccf5461f3f534561e04d4367bfd2b7_PAN Number.jpg,ATOPB0750H
output/cropped_outputs/PAN Number/bc_image_097_jpg.rf.8a076e72feb09827349665664d72bc19_PAN Number.jpg,AUOPM3955A
output/cropped_outputs/PAN Number/bnw_image_019_jpg.rf.740aa081dace0caf9c3afe73edecd91f_PAN Number.jpg,CUHPK4890B
output/cropped_outputs/PAN Number/bnw_image_236_jpg.rf.881c435a8772c3bb71457c1a73adce35_PAN Number.jpg,DKIPM1532E
output/cropped_outputs/PAN Number/bheru-pan-card_page-0001_jpg.rf.709a4294fe4f1c4379d9a5fb5863a2b7_PAN Number.jpg,BAXPL3112Q
output/cropped_outputs/PAN Number/67_jpg.rf.0f36ffaa2bd304b2366bd30b59575832_PAN Number.jpg,AKVPY9040M
output/cropped_outputs/PAN Number/01611712340012_jpg.rf.b4f0de42a95127adc610215104007c4a_PAN Number.jpg,DRWPK5842N
output/cropped_outputs/PAN Number/Ankush-Pancard_jpeg.rf.d3871f33d060d77cb940e1f13f3675b0_PAN Number.jpg,HBJPP5621R
output/cropped_outputs/PAN Number/bnw_image_246_jpg.rf.8ba979b17a6bcc88da450735502dfbc6_PAN Number.jpg,MNQPS6378J
output/cropped_outputs/PAN Number/PAN_Card_20240701_205006547_jpg.rf.2187f9a46025361634f5bb53d1d8b7ab_PAN Number.jpg,ASTPA3193M
output/cropped_outputs/PAN Number/bc_image_057_jpg.rf.61423e7c081717d7638fdeff30e8e7e7_PAN Number.jpg,AKOPR6741H
output/cropped_outputs/PAN Number/Nand-PAN_jpeg.rf.3b1e6b1ead5eada1b440e9bdcdb290e4_PAN Number.jpg,AKCPR7239J
output/cropped_outputs/PAN Number/bnw_image_069_jpg.rf.a5606bd62c30721315da6d4531fce165_PAN Number.jpg,HUDPS8347N
output/cropped_outputs/PAN Number/IMG_20240314_160358_jpg.rf.38d2891c98a5e08c64aa198fef3d0b7c_PAN Number.jpg,EGNPA7751K
output/cropped_outputs/PAN Number/bc_image_173_jpg.rf.a450a639b58442cdc1896e7a4473cdb8_PAN Number.jpg,CYFPJ8198F
output/cropped_outputs/PAN Number/bnw_image_166_jpg.rf.ec0d27e8b9461ee024c28a251391a2c8_PAN Number.jpg,PPKPK0979E
output/cropped_outputs/PAN Number/papu-singh-pan-card-tambariya_page-0001_jpg.rf.319968a5f97f0af0fedf509cb2b1d392_PAN Number.jpg,LSXPS8701A
output/cropped_outputs/PAN Number/bnw_image_026_jpg.rf.3f3e78d29e6734ade3ecdbced886ebe1_PAN Number.jpg,IQRPD4473F
output/cropped_outputs/PAN Number/bc_image_090_jpg.rf.7f849aecb4e07c765dc984679cb1d561_PAN Number.jpg,BVRPJ2331N
output/cropped_outputs/PAN Number/bc_image_013_jpg.rf.9968e3f5ddfc74da59707350223053ac_PAN Number.jpg,HLKPK0860C
output/cropped_outputs/PAN Number/bnw_image_017_jpg.rf.29f922158134ad2d91448bb7fa33a473_PAN Number.jpg,DXPPA7549D
output/cropped_outputs/PAN Number/bnw_image_189_jpg.rf.11696221c627be83e1c148915ea969bd_PAN Number.jpg,BGYPJ0129A
output/cropped_outputs/PAN Number/App_-Ajij-Pan-Card-1-_page-0001_jpg.rf.a3ab2299c0a299c0d0648bfc12f3a327_PAN Number.jpg,BEKPAS3775H
output/cropped_outputs/PAN Number/bc_image_014_jpg.rf.7ca8519bbeb0be81ae8cac9236411664_PAN Number.jpg,BCTPD3356C
output/cropped_outputs/PAN Number/image19_jpeg.rf.2b8accd940998c213f6ffacc8bab1733_PAN Number.jpg,CKCPA4252N
output/cropped_outputs/PAN Number/61_PAN_jpg.rf.abb47a17026d04042c8753b2f83f7eb5_PAN Number.jpg,AEOPS1305Q
output/cropped_outputs/PAN Number/bc_image_149_jpg.rf.94b645192c1de89323c566088fae26c3_PAN Number.jpg,ADXPL9511D
output/cropped_outputs/PAN Number/bnw_image_084_jpg.rf.35773c47d6a3e997698fdffdc3c91bec_PAN Number.jpg,BIXPJ9765M
output/cropped_outputs/PAN Number/bnw_image_028_jpg.rf.97be3db924d4f937c4f8392ae0c53fc7_PAN Number.jpg,EEKPB8381D
output/cropped_outputs/PAN Number/01512636240017_jpg.rf.eaf9a685921d93cea064cb893c37e7e8_PAN Number.jpg,GUJPK6652P
output/cropped_outputs/PAN Number/SUKUMAR-PAN_page-0001_jpg.rf.775b9e897941fa17836189e546357099_PAN Number.jpg,CNLPN2682P
output/cropped_outputs/PAN Number/Mahaveer-Pancard_jpeg.rf.2669e3627311b74524108c95258a49dd_PAN Number.jpg,ABQPO1511M
output/cropped_outputs/PAN Number/Mukesh-Pan_page-0001_jpg.rf.fe9b1f272950df819f727be911bd3039_PAN Number.jpg,KRGPS2506L
output/cropped_outputs/PAN Number/Sudhir-pan_jpeg.rf.42a21f12d7c75999360b4b6004ca75a4_PAN Number.jpg,AFKPJ5034J
output/cropped_outputs/PAN Number/bc_image_159_jpg.rf.1693382523ad5521079388566817b5bd_PAN Number.jpg,GEJPM0786N
output/cropped_outputs/PAN Number/durga-bai-pancard_page-0001_jpg.rf.16b98656409190965c865ad60d9590b2_PAN Number.jpg,EOCPB7804B
output/cropped_outputs/PAN Number/bc_image_155_jpg.rf.8c18a142354a62cca4749c085a28420b_PAN Number.jpg,KTBPK2138D
output/cropped_outputs/PAN Number/bc_image_003_jpg.rf.5e76546ab97b78d5e51f19c2c5fa4421_PAN Number.jpg,CFPPR1407G
output/cropped_outputs/PAN Number/PAN_Card_20240702_201425223_jpg.rf.fcb506f0cc903d6566f76cc741b2fb44_PAN Number.jpg,BZEPT6021L 
output/cropped_outputs/PAN Number/bc_image_260_jpg.rf.6fcfdb45b5e9b3c3ef571b30e7116c16_PAN Number.jpg,AFKPJ5034J
output/cropped_outputs/PAN Number/PAN_Card_20240702_111040007_jpg.rf.312e8c8235836d155933d34b07841139_PAN Number.jpg,ABIPU5757D
output/cropped_outputs/PAN Number/bc_image_007_jpg.rf.9887ed1e7e5372ef7cccd83c3a3af162_PAN Number.jpg,AVJPH2161H
output/cropped_outputs/PAN Number/PAN_Card_20240701_191623713_jpg.rf.56f805f396b833a8025311998d387f25_PAN Number.jpg,CPFPC0179C
output/cropped_outputs/PAN Number/bnw_image_068_jpg.rf.c05235b5bf23d2394b3409b900292eaf_PAN Number.jpg,FNCPB3148E
output/cropped_outputs/PAN Number/91_PAN_jpg.rf.1876f9ef9efcbf6983dae9d7de3bb8bc_PAN Number.jpg,BJQPP5524G
output/cropped_outputs/PAN Number/bnw_image_010_jpg.rf.29d5fa1872ec91ccd3c90ae66f31aed2_PAN Number.jpg,BOHPS7476G
output/cropped_outputs/PAN Number/bc_image_236_jpg.rf.e0b25637b88e66450ff50fd16a3a4bd1_PAN Number.jpg,DKIPM1532E
output/cropped_outputs/PAN Number/7_PAN_jpg.rf.ded6497fc5eec84a000e97b679448d98_PAN Number.jpg,BMZPB2728N
output/cropped_outputs/PAN Number/PAN_Card_20240703_104029804_jpg.rf.01d6bd2c7fb5c3860c7355766a6cd677_PAN Number.jpg,BOXPS7756H
output/cropped_outputs/PAN Number/bnw_image_070_jpg.rf.a868c1223604166c24a962219ce19fce_PAN Number.jpg,ABAPQ1666K
output/cropped_outputs/PAN Number/47_jpg.rf.a19d11635b2244da0f293cdb609209d4_PAN Number.jpg,ALAPJ9440L
output/cropped_outputs/PAN Number/bnw_image_016_jpg.rf.28fa62d213d9dbe4abf41087444b0bf1_PAN Number.jpg,BZKPG2401D
output/cropped_outputs/PAN Number/bc_image_032_jpg.rf.dcb49aebb0ab32f271cf79ab86adfd95_PAN Number.jpg,HCZPS2025H
output/cropped_outputs/PAN Number/PAN_Card_20240702_111912125_jpg.rf.c20bd2430d15149fdacc288feaaf41f2_PAN Number.jpg,CMRPN7142P
output/cropped_outputs/PAN Number/bnw_image_259_jpg.rf.ffd3907dda484b5253765c8f752388ff_PAN Number.jpg,ABIPQ2991F
output/cropped_outputs/PAN Number/20_PAN_jpg.rf.7eab9987efacc4de584d2ba72c8cf7f9_PAN Number.jpg,BIQPL1856A
output/cropped_outputs/PAN Number/Mamta-PAn_jpeg.rf.76357d20a8f9e836e9c79640e2993b03_PAN Number.jpg,CBNPP1115M
output/cropped_outputs/PAN Number/prabhu-lal-pan_jpeg.rf.08dba5e297c67f0e58d398a278b41c96_PAN Number.jpg,BOYPL4830A
output/cropped_outputs/PAN Number/bc_image_053_jpg.rf.35cd29eedcd4bcfaa52925b70fb3b236_PAN Number.jpg,GHYPM2672B
output/cropped_outputs/PAN Number/bc_image_051_jpg.rf.977e108bcc14e96f87ba0feff50a0a82_PAN Number.jpg,ATOPB0750H
output/cropped_outputs/PAN Number/1-PAN-Card-_-Nikhil-Jain_page-0001_jpg.rf.c753baa574a1270bd2193d744b65eba2_PAN Number.jpg,CUHPK4890B
output/cropped_outputs/PAN Number/bnw_image_237_jpg.rf.71e870c3774d0b2fd393dd7397145dd9_PAN Number.jpg,AOWPL6384A
output/cropped_outputs/PAN Number/bnw_image_101_jpg.rf.a3fb56f41db706693704421b5d79b75e_PAN Number.jpg,JOZPS9930F
output/cropped_outputs/PAN Number/bnw_image_116_jpg.rf.cab3beeaea67ba5855fe1805587bfc9f_PAN Number.jpg,EKIPP9041L
output/cropped_outputs/PAN Number/pan-card-of-jamuna_page-0001_jpg.rf.4a6a9a5293895e078f18197c19f5d5cf_PAN Number.jpg,BBUPG1202Q
output/cropped_outputs/PAN Number/pan-card-of_jpg.rf.86b126a4be008be3ea07b532a6fa3def_PAN Number.jpg,OHPPK3801K
output/cropped_outputs/PAN Number/bc_image_117_jpg.rf.e0a56a0fa925ec9256e3f47fa4734396_PAN Number.jpg,BXHPR2610E
output/cropped_outputs/PAN Number/bnw_image_262_jpg.rf.1ed62eba88bc9af8b171baab7cedfe8d_PAN Number.jpg,CGPPS3618R
output/cropped_outputs/PAN Number/prem-singh-aadar-pan-_page-0007_jpg.rf.5d2e1b7fbaeef97cd6c4887c426258d5_PAN Number.jpg,FVVPM5591M
output/cropped_outputs/PAN Number/Antu-Kanwar-Pan-Card_page-0001_jpg.rf.59f34b05f1c83a1ba6388eb81ff365df_PAN Number.jpg,NWHPK1776H
output/cropped_outputs/PAN Number/PAN_Card_20240702_173020584_jpg.rf.cc9816ea8ac2fa2b42175497ee2aa0bf_PAN Number.jpg,CKRPS6902C
output/cropped_outputs/PAN Number/bnw_image_269_jpg.rf.d06552c40be897d1da8fd99f87a13e1c_PAN Number.jpg,HQJPM9356M
output/cropped_outputs/PAN Number/bc_image_111_jpg.rf.99b542cc7c494a30b8936110879a360d_PAN Number.jpg,DFRPP5173N
output/cropped_outputs/PAN Number/bc_image_001_jpg.rf.82c2e41c5fda319f857367ac2c46cbf9_PAN Number.jpg,FQYPS0660H
output/cropped_outputs/PAN Number/bc_image_162_jpg.rf.b4563c849e494c88096467be733cc996_PAN Number.jpg,ABFFM3164K
output/cropped_outputs/PAN Number/bnw_image_064_jpg.rf.702ffc846f0f0b49a4c84a2187708768_PAN Number.jpg,NWHPK1776H
output/cropped_outputs/PAN Number/bc_image_010_jpg.rf.30e62f87746ec75af7acd7d6e03bc9b7_PAN Number.jpg,BOHPS7476G
output/cropped_outputs/PAN Number/bnw_image_075_jpg.rf.b06c51cd71ade6bb6b3d396415d8c8dd_PAN Number.jpg,ANEPG8139K
output/cropped_outputs/PAN Number/9304191128_jpg.rf.9c9b13dc0af61759006ffb336cfb2ba4_PAN Number.jpg,DHAPM9769L
output/cropped_outputs/PAN Number/bnw_image_108_jpg.rf.260dfe5491a384db81252f810ad7ef2f_PAN Number.jpg,EQUPS2460C
output/cropped_outputs/PAN Number/bnw_image_165_jpg.rf.23d00a316c1ef3152f118af3484daf40_PAN Number.jpg,FEFPB1697E
output/cropped_outputs/PAN Number/bnw_image_103_jpg.rf.04a574f5178ea1a0dc0cdc9fda8ee140_PAN Number.jpg,AXYPG9636K
output/cropped_outputs/PAN Number/My-new-pan-card-1-_page-0001_jpg.rf.c604f7cdbf4578f1b8b3bd5226b050c1_PAN Number.jpg,KTBPK2138D
output/cropped_outputs/PAN Number/PAN_Card_20240702_180812051_jpg.rf.4c2e2dbce7a66283bffd89f1d20e0b8a_PAN Number.jpg,FFPPA5664M
output/cropped_outputs/PAN Number/PAN_Card_20240702_111040007_jpg.rf.aad49c3ae19c9a38826a6e6e17152802_PAN Number.jpg,ABIPU5757D
output/cropped_outputs/PAN Number/bnw_image_178_jpg.rf.9cf5179838ea2383ac73c306d4de28f2_PAN Number.jpg,FEYPS6910E
output/cropped_outputs/PAN Number/bc_image_114_jpg.rf.b8bf57331c0c01073b3a2cd60ad14804_PAN Number.jpg,AALPR1365C
output/cropped_outputs/PAN Number/bnw_image_205_jpg.rf.0317bacf321d153b380410020e7ce9e1_PAN Number.jpg,ABIPU5757D
output/cropped_outputs/PAN Number/bc_image_204_jpg.rf.6f0dcb51d308ef808b9ed159a767c144_PAN Number.jpg,AAYPZ7843E
output/cropped_outputs/PAN Number/bnw_image_152_jpg.rf.409c2f4094f4a91a6046a44592d7bd58_PAN Number.jpg,HPKPM5518F
output/cropped_outputs/PAN Number/image14_jpeg.rf.64abda9664e66508f7a7f072147ec000_PAN Number.jpg,KQZPK5723F
output/cropped_outputs/PAN Number/bc_image_129_jpg.rf.fd2fd339fb1be051146eaf7137005201_PAN Number.jpg,BBLPB2028J
output/cropped_outputs/PAN Number/bc_image_067_jpg.rf.45af48cb1345736e375d8a974a9d9c6d_PAN Number.jpg,CIWPA2897M
output/cropped_outputs/PAN Number/bc_image_017_jpg.rf.87ca6fd103a3ab8be5d558ad057b087c_PAN Number.jpg,DXPPA7549D
output/cropped_outputs/PAN Number/bc_image_062_jpg.rf.092130e43be70d56270abfdd439a460a_PAN Number.jpg,HBJPP5621R
output/cropped_outputs/PAN Number/bc_image_242_jpg.rf.93f33f0dded7d8a23a7d0461f583405b_PAN Number.jpg,OEWPS1801D
output/cropped_outputs/PAN Number/bnw_image_088_jpg.rf.36205ae18fea3e40c297a5e64dcc5827_PAN Number.jpg,BEWPL9112F
output/cropped_outputs/PAN Number/pan2_jpg.rf.c892d32cd21de4d50c99aa977dae77be_PAN Number.jpg,BXAPC1000L
output/cropped_outputs/PAN Number/bc_image_237_jpg.rf.a90115ac6984192c11e606b48002a5b4_PAN Number.jpg,AOWPL6384A
output/cropped_outputs/PAN Number/3_jpg.rf.f82e943463d0fdf14a9e38498c3c6266_PAN Number.jpg,FBIPS2651K
output/cropped_outputs/PAN Number/bnw_image_190_jpg.rf.762a0de4bcf4ee0fb197801ccb086bdf_PAN Number.jpg,PNEPK5421D
output/cropped_outputs/PAN Number/bc_image_151_jpg.rf.c092b0e889c6016910872d6994163b68_PAN Number.jpg,DKKPSB3194R
output/cropped_outputs/PAN Number/bc_image_255_jpg.rf.db0a8fa974c554e585ffd54fefa1e21e_PAN Number.jpg,KKRPS1385D
output/cropped_outputs/PAN Number/bc_image_258_jpg.rf.5b5a9c718dee649cd4e93f66672d278e_PAN Number.jpg,ADIPH2319E
output/cropped_outputs/PAN Number/01563141730011_jpg.rf.e1e761fb90b7c6e8f1d6e198344c2194_PAN Number.jpg,AMJPH3999J
output/cropped_outputs/PAN Number/bc_image_088_jpg.rf.58ae144950816e650c7727c0403a90df_PAN Number.jpg,BEWPL9112F
output/cropped_outputs/PAN Number/70_PAN_jpg.rf.ab320e769a58542fb7d3f713daa3cb56_PAN Number.jpg,BVIPM0918F
output/cropped_outputs/PAN Number/bnw_image_091_jpg.rf.72cfdc62524e1d3133d5bba062c4c94d_PAN Number.jpg,HJCPD2413L
output/cropped_outputs/PAN Number/bc_image_224_jpg.rf.b7a13f6187afb9f0e7a952b06d89af5a_PAN Number.jpg,BXVPN6513Q
output/cropped_outputs/PAN Number/21_PAN_jpg.rf.ba21318d4315d3eabcc66a4b4896593c_PAN Number.jpg,HCZPS2025H
output/cropped_outputs/PAN Number/9_PAN_jpg.rf.a1771e983f01fad71817e0bb0815654b_PAN Number.jpg,AAAAA1234A
output/cropped_outputs/PAN Number/1000071717-BAJAJ-PAN_png.rf.ca648cc174b5a99f300d631289085e6d_PAN Number.jpg,HRZPK1446K
output/cropped_outputs/PAN Number/bc_image_229_jpg.rf.9ba36131dffa9df94a3269a6485f59bd_PAN Number.jpg,ADUPO7982L
output/cropped_outputs/PAN Number/bc_image_190_jpg.rf.ed6021450b557deba966a2bf27de5e40_PAN Number.jpg,PNEPK5421
output/cropped_outputs/PAN Number/01263124150013_jpg.rf.7beaf57bad03c3e6761bb1406394998c_PAN Number.jpg,EGZPM9810H
output/cropped_outputs/PAN Number/bc_image_094_jpg.rf.e722a6727ed4a2d5a4894559eabcfb5b_PAN Number.jpg,FYVPS5447H
output/cropped_outputs/PAN Number/bnw_image_201_jpg.rf.afbe3561b7280dee41f8ecccab8b1bb5_PAN Number.jpg,CURPA2637L
output/cropped_outputs/PAN Number/bc_image_134_jpg.rf.fc5eac515096822cd4e574d57648b30b_PAN Number.jpg,EEZPK1076M
output/cropped_outputs/PAN Number/bc_image_259_jpg.rf.3453de3fffd66e6e73cbbfcc772a4e85_PAN Number.jpg,ABIPQ2991F
output/cropped_outputs/PAN Number/bc_image_253_jpg.rf.6d2a727bf0958193f72b29c5214745d6_PAN Number.jpg,GTMPP0658N
output/cropped_outputs/PAN Number/bc_image_113_jpg.rf.e9a051253256fdcf0808b83821c4611e_PAN Number.jpg,HLLPR3235P
output/cropped_outputs/PAN Number/bnw_image_244_jpg.rf.aadc3588a35c34c81cebd32cda88aebb_PAN Number.jpg,GQZPR9805K
output/cropped_outputs/PAN Number/bnw_image_140_jpg.rf.42398c956feb207800bf2d5b01e71f1f_PAN Number.jpg,JBWPM0286F
output/cropped_outputs/PAN Number/bc_image_261_jpg.rf.1d6dc4447277889c6e7959140ff8d3b6_PAN Number.jpg,CNLPN2682P
output/cropped_outputs/PAN Number/bnw_image_047_jpg.rf.1d789d90ce8389ec27ff0fefc0efbc47_PAN Number.jpg,DFOPMS176M
output/cropped_outputs/PAN Number/bc_image_016_jpg.rf.396babc386989f19191c074d59489401_PAN Number.jpg,BZKPG2401D
output/cropped_outputs/PAN Number/Ajit-Kumar-Banjara-Pan-Card_JPG.rf.3613439895eb3af66b5778da65f25a4e_PAN Number.jpg,HSOPB6610L
output/cropped_outputs/PAN Number/App_-Anandaraj-Pan-Card-1-_page-0001_jpg.rf.546cd53bb3078101ed10e04e61ec3849_PAN Number.jpg,CIWPA2897M
output/cropped_outputs/PAN Number/Pan-card-Manoj_page-0001_jpg.rf.5d5a7f9dd75f9aad70041824da2371be_PAN Number.jpg,PPKPK0979E
output/cropped_outputs/PAN Number/bc_image_102_jpg.rf.f619789097c01732f01fe44d73b59cee_PAN Number.jpg,BCQPG3485E
output/cropped_outputs/PAN Number/Sangita-Pan_page-0001_jpg.rf.520ddd98189939db2f7caebacd9adc19_PAN Number.jpg,MNQPS6378J
output/cropped_outputs/PAN Number/01577523110010_jpg.rf.b56fa33ccfbf128941972a50737acd70_PAN Number.jpg,GIYPS9557L
output/cropped_outputs/PAN Number/bnw_image_203_jpg.rf.5418f057b846b88a4d4c468d4f995bed_PAN Number.jpg,CPFPC0179C
output/cropped_outputs/PAN Number/Naresh-PAN_jpg.rf.5695d0e9a5aee63c427e63b14534ce6f_PAN Number.jpg,GHAPK7437N
output/cropped_outputs/PAN Number/bc_image_221_jpg.rf.90fd22a005f2c0f3e490df3f3a3fda90_PAN Number.jpg,AZCPC9668B
output/cropped_outputs/PAN Number/bnw_image_066_jpg.rf.9d349820f2b27ad18ba92fa852dda4c4_PAN Number.jpg,BEKPA3775H
output/cropped_outputs/PAN Number/92_jpg.rf.6fe257e686237267aeb0e5bf82bd3dd8_PAN Number.jpg,AHHPD8696B
output/cropped_outputs/PAN Number/bnw_image_098_jpg.rf.0157103804a72aa6d57338b324168e78_PAN Number.jpg,DJDPG6364Q
output/cropped_outputs/PAN Number/99_PAN_jpg.rf.06e40d1d1bfba48a0ece7292d8c5d0f3_PAN Number.jpg,BJWPN7904G
output/cropped_outputs/PAN Number/01251152230017_jpg.rf.24748f49f2c47bea67f667172b0909aa_PAN Number.jpg,BOHPS7476G
output/cropped_outputs/PAN Number/bc_image_028_jpg.rf.da30ef7f04edee856df001a8f2c38581_PAN Number.jpg,EEKPBS8381D
output/cropped_outputs/PAN Number/bc_image_249_jpg.rf.0a821dfb6f66d595aeb6b8b2454606b6_PAN Number.jpg,FLMPK0068Q
output/cropped_outputs/PAN Number/Balkishan-gahlot-GTR-Pan_jpg.rf.c8acbb6a46badaa0206f812cf607f7e6_PAN Number.jpg,ANEPG8139K
output/cropped_outputs/PAN Number/9a8eeebd-photo_1_2023-07-14_15-45-57_jpg.rf.77bb3aa0e97b21c10af0ff8eb42a8a29_PAN Number.jpg,EBCPP9504H
output/cropped_outputs/PAN Number/bc_image_069_jpg.rf.69c843eb7fd412c966952dd0fba52dd5_PAN Number.jpg,HUDPS8347N
output/cropped_outputs/PAN Number/Kanta-Pan-Card_jpg.rf.ced47211617588efc53914221ed74a5c_PAN Number.jpg,ETMPK7546C
output/cropped_outputs/PAN Number/bc_image_242_jpg.rf.eda6da8c7a040520e4e7febe7715b68d_PAN Number.jpg,OEWPS1801D
output/cropped_outputs/PAN Number/bnw_image_040_jpg.rf.f5db15dc6d44b0bad10a6cb833005d41_PAN Number.jpg,ANAPJ5978R
output/cropped_outputs/PAN Number/01341463450015_jpg.rf.5b9381c7c43e3b0535ca3f42a99d8059_PAN Number.jpg,DCXPP5180E
output/cropped_outputs/PAN Number/bc_image_107_jpg.rf.d49bd6baa5e6ee8cdd70df933e335d74_PAN Number.jpg,IFTPP6695Q
output/cropped_outputs/PAN Number/bnw_image_268_jpg.rf.9924e9328c5e069f2ed3f7b034a646a1_PAN Number.jpg,FJPPB1563N
output/cropped_outputs/PAN Number/bnw_image_064_jpg.rf.d63df17f3f9f7fae9273a1f6d0654454_PAN Number.jpg,NWHPK1776H
output/cropped_outputs/PAN Number/bc_image_145_jpg.rf.ebfe7728860f7bb23f647de17ad9e2c9_PAN Number.jpg,GPJPP6893C
output/cropped_outputs/PAN Number/Ganga_Pan_jpg.rf.112bd1a30648fbfb94750125ba373584_PAN Number.jpg,DJDPG6364Q
output/cropped_outputs/PAN Number/45_PAN_jpg.rf.f980c62f836979303e3cc0dde9578e8c_PAN Number.jpg,BFAPL9762A
output/cropped_outputs/PAN Number/7_PAN_jpg.rf.e9f6f8ef4a32a02b4cf0fd5237715896_PAN Number.jpg,BMZPB2728N
output/cropped_outputs/PAN Number/vithal-pan_jpeg.rf.61a1f0c8535f676715ecde55f9cd8f77_PAN Number.jpg,LIHPS7180K
output/cropped_outputs/PAN Number/bc_image_026_jpg.rf.721e2779d41bee6277071f04c1d44979_PAN Number.jpg,IQRPD4473F
output/cropped_outputs/PAN Number/1699514054_jpg.rf.901a7f6d65811f12e710fd8246fe0827_PAN Number.jpg,AAAAA1234A
output/cropped_outputs/PAN Number/bc_image_174_jpg.rf.3faeecb753be47e6b059221630f04517_PAN Number.jpg,BNCPH0974C
output/cropped_outputs/PAN Number/Badri-PAN-GTR_jpeg.rf.12a2e75b4f98dbb612af513f6bbe3aaa_PAN Number.jpg,BMMPL5024Q
output/cropped_outputs/PAN Number/bc_image_032_jpg.rf.018b2aa355afa781b13d12d06b685b4a_PAN Number.jpg,HCZPS2025H
output/cropped_outputs/PAN Number/01577335720011_jpg.rf.08e553878491d8eeb5fbd2dc70d558d1_PAN Number.jpg,DXPPA7549D
output/cropped_outputs/PAN Number/bc_image_263_jpg.rf.c34787619d660e4afff00cd2c53eef5b_PAN Number.jpg,ATBPN2360A
output/cropped_outputs/PAN Number/01213334750014_jpg.rf.8389dd058af235d93db804596270205a_PAN Number.jpg,CFPPR1407G
output/cropped_outputs/PAN Number/bc_image_050_jpg.rf.501ac4d1651864add13b4954dba22f25_PAN Number.jpg,AHHPD8696B
output/cropped_outputs/PAN Number/bnw_image_047_jpg.rf.9ae613f58b1894139ff75419cab4fa7c_PAN Number.jpg,DFOPM5176M
output/cropped_outputs/PAN Number/01215317330013_jpg.rf.250338ed85229219e18bd981f2049ae4_PAN Number.jpg,EGGPK3116M
output/cropped_outputs/PAN Number/bnw_image_267_jpg.rf.2241aea0fcf322fd49c810e0cf92d45f_PAN Number.jpg,LIHPS7180K
output/cropped_outputs/PAN Number/bnw_image_228_jpg.rf.30a949c60ed05406492c0b21b66084a1_PAN Number.jpg,CTKPP7011D
output/cropped_outputs/PAN Number/bc_image_253_jpg.rf.8ecd878d0ba45722c600941df25a4e50_PAN Number.jpg,GTMPP0058N
output/cropped_outputs/PAN Number/8402957537_jpg.rf.73ebd2471328ef5c6921881fe12b9895_PAN Number.jpg,AOMPH3268M
output/cropped_outputs/PAN Number/bnw_image_026_jpg.rf.7ac2a15deb347d9ba2e5d773cf721723_PAN Number.jpg,IQRPD4473F
output/cropped_outputs/PAN Number/bnw_image_253_jpg.rf.382915cf8275246c82b8062b8323490b_PAN Number.jpg,GTMPP0058N
output/cropped_outputs/PAN Number/bnw_image_038_jpg.rf.0940818eed2d8057eece875c33e47502_PAN Number.jpg,BYEPJ1811K
output/cropped_outputs/PAN Number/bnw_image_089_jpg.rf.71b6e3727679d5c97ab9fe6035fef685_PAN Number.jpg,ARWPJ5760H
output/cropped_outputs/PAN Number/bc_image_112_jpg.rf.27708cfd6ab63c09d0c12fe9a91e0301_PAN Number.jpg,EDGPG7855G
output/cropped_outputs/PAN Number/PAN_Card_20240701_155540542_jpg.rf.6ee98295b74bb853ddc1510e3cce924d_PAN Number.jpg,FENPA9476C
output/cropped_outputs/PAN Number/bc_image_223_jpg.rf.2e2ea4eab57a570ebf8b5635f1d58b72_PAN Number.jpg,BHAPP8406P
output/cropped_outputs/PAN Number/gaurantor-pan-card_jpeg.rf.876cdf475592733b367c14b92554c2ef_PAN Number.jpg,JOZPS9930F
output/cropped_outputs/PAN Number/Shabnam-pan_jpeg.rf.0dd15c7379ed288bfa6b1542fe11c6d3_PAN Number.jpg,HNLPP5113E
output/cropped_outputs/PAN Number/bnw_image_128_jpg.rf.8b85481fbd31da0265904c71829ae3e1_PAN Number.jpg,ETMPK7546C
output/cropped_outputs/PAN Number/bnw_image_083_jpg.rf.3c3c80c3d5dd8428cc598abeb08f64b3_PAN Number.jpg,CEMPJ9522G
output/cropped_outputs/PAN Number/bnw_image_092_jpg.rf.ba71d654cc7ee21844471ccbfb9dbd81_PAN Number.jpg,OKOPK4445P
output/cropped_outputs/PAN Number/PAN_Card_20240702_172120999_jpg.rf.f515945f866bfa19d8d530e01fa6aaf1_PAN Number.jpg,AEVPU1108C
output/cropped_outputs/PAN Number/bc_image_046_jpg.rf.69ddb2fd8a211baddf7ac85b2cdce5dc_PAN Number.jpg,BMZPB2728N
output/cropped_outputs/PAN Number/Mangi-Lal-Pan-Card_jpg.rf.746e4f6d75fe3572a4c41a6cc49235be_PAN Number.jpg,BGFPL1234F
output/cropped_outputs/PAN Number/13_PAN_jpg.rf.25ebdb28f3e31ff9a75907d44afbd0e2_PAN Number.jpg,BDDPT7762H
output/cropped_outputs/PAN Number/bnw_image_106_jpg.rf.2be8019531e37739bad8374615b12529_PAN Number.jpg,LPRPS5238H
output/cropped_outputs/PAN Number/bc_image_149_jpg.rf.2806c5601ec43bdb7bacc117d7798581_PAN Number.jpg,ADXPL9511D
output/cropped_outputs/PAN Number/Laxman-PAN_page-0001_jpg.rf.228dc4e9dfab77f2c9a58b7c29f4b911_PAN Number.jpg,EEZPK1076M
output/cropped_outputs/PAN Number/bnw_image_238_jpg.rf.481afc9f6a5b0aec056969a88eae7796_PAN Number.jpg,AUBPA7793D
output/cropped_outputs/PAN Number/bnw_image_041_jpg.rf.3c7f86272c2954ec8f9d27163f0cf272_PAN Number.jpg,CHLPG7477F
output/cropped_outputs/PAN Number/bc_image_004_jpg.rf.173b57078bb78d756625f1c87b4a1eec_PAN Number.jpg,CGPPN7383G
output/cropped_outputs/PAN Number/01247667630015_jpg.rf.3aee8a41327f47be981163900c9a9dbb_PAN Number.jpg,GKCPS1933L
output/cropped_outputs/PAN Number/CoApp-Pan-Card_jpeg.rf.1f48a14c7943b840f27c78221aac6978_PAN Number.jpg,OKOPK4445P
output/cropped_outputs/PAN Number/bnw_image_109_jpg.rf.6043230c36896c09ada37d8e0840bdf5_PAN Number.jpg,FTZPP4687P
output/cropped_outputs/PAN Number/bnw_image_215_jpg.rf.d3fe0cfe34b3b3cbc84e1f3af682a734_PAN Number.jpg,LSXPS8701A
output/cropped_outputs/PAN Number/bnw_image_134_jpg.rf.c389b8a8f77449702f9fd10bdfa9019a_PAN Number.jpg,EEZKP1076M
output/cropped_outputs/PAN Number/Aichuki-Pan-Card_page-0001_jpg.rf.8dbe34e66ee9b0905bad59df8fe5c44f_PAN Number.jpg,FKAPA3141M
output/cropped_outputs/PAN Number/bnw_image_216_jpg.rf.f0ff9c4deabe1bb8e259cb901be20d1e_PAN Number.jpg,OIQPS1710D
output/cropped_outputs/PAN Number/aadar-pan-jaswant-1_page-0010_jpg.rf.64464c96e4a933930a41d176da1be7d3_PAN Number.jpg,GHYPM2672B
output/cropped_outputs/PAN Number/PAN_Card_20240701_191623713_jpg.rf.4ce4b322cae01d173bfb8b420d4a1c43_PAN Number.jpg,CPFPC0179C
output/cropped_outputs/PAN Number/bc_image_179_jpg.rf.c3d3a62c93e5ffdf6176c0d18c62a931_PAN Number.jpg,DNTPG2473J
output/cropped_outputs/PAN Number/Badri-PAN-GTR_jpeg.rf.0f9b678a054aab697198f05cd32e0dcb_PAN Number.jpg,BMMPL5024Q
output/cropped_outputs/PAN Number/01262414660017_jpg.rf.a983f887f322b5a7f775a73e8e696070_PAN Number.jpg,BMAPK3430P
output/cropped_outputs/PAN Number/Chandrakanta_PanCard_jpg.rf.f0eecbb0fe6acd9e5f46aafc04deeb42_PAN Number.jpg,CEMPJ9522G
output/cropped_outputs/PAN Number/bnw_image_115_jpg.rf.3bed4a19ed31b14824eaf3f1d65aad50_PAN Number.jpg,BUPPS5866L
output/cropped_outputs/PAN Number/bnw_image_002_jpg.rf.2a8d91f8c00f2a60b6eff683e804e1ef_PAN Number.jpg,CMXPS9758J
output/cropped_outputs/PAN Number/Kalu-Lal-Salvi-PAN_page-0001-1-_jpg.rf.a6e61de4c12031e78e655af50a110d34_PAN Number.jpg,TCKPS7265E
output/cropped_outputs/PAN Number/PAN-Card_jpg.rf.ab7bcdeda865c76a628820bf3eceae54_PAN Number.jpg,AAAAA1234A
output/cropped_outputs/PAN Number/01422723140018_jpg.rf.369989a86508223aa76282d6a392bad8_PAN Number.jpg,DNFPS5486D
output/cropped_outputs/PAN Number/PAN_Card_20240702_180812051_jpg.rf.412e5cc254ac636c944c64c3555cfcb0_PAN Number.jpg,FFPPA5664M
output/cropped_outputs/PAN Number/bc_image_021_jpg.rf.9cf1696e018a8d4b993e86bdf8d6c834_PAN Number.jpg,EDRPR6212M
output/cropped_outputs/PAN Number/bc_image_158_jpg.rf.febf4df7897c8878b74378df15ae4741_PAN Number.jpg,GHAPK7437N
output/cropped_outputs/PAN Number/bnw_image_132_jpg.rf.e978bfd5e51dfc5efb6e8c9a5e1787a3_PAN Number.jpg,AKUPP6779K
output/cropped_outputs/PAN Number/bc_image_099_jpg.rf.be493753b5ee2495a460492ef04bd6fa_PAN Number.jpg,BPLPY4522C
output/cropped_outputs/PAN Number/Screenshot-2024-09-11-at-5-31-14-PM_png.rf.cf536272e532f254d07d74575097c60c_PAN Number.jpg,BLAPT0864M
output/cropped_outputs/PAN Number/pan-card_jpeg.rf.dd2f3bd732aa8a5c5904515fccde6573_PAN Number.jpg,EYNPB3812G
output/cropped_outputs/PAN Number/bc_image_156_jpg.rf.04a1b133be201f48cb849f40c291230f_PAN Number.jpg,AKCPR7239J
output/cropped_outputs/PAN Number/bc_image_264_jpg.rf.a66df655012ab1eed1e45df2b7c58bc6_PAN Number.jpg,OOKPS5079K
output/cropped_outputs/PAN Number/Shanta-Puri-PAN_page-0001_jpg.rf.0575d0fbbfbf43f1b649aef4911afd27_PAN Number.jpg,GTMPP0058N
output/cropped_outputs/PAN Number/Ramesh-PAN_jpeg.rf.6db6304db6a14d93d67968ccfdbea833_PAN Number.jpg,AAQPJ1090Q
output/cropped_outputs/PAN Number/bnw_image_170_jpg.rf.9953af856c87c4280cb95316da06d123_PAN Number.jpg,OHPPK3801K
output/cropped_outputs/PAN Number/bc_image_058_jpg.rf.948714746e1b1e1d067a42035bd8dc45_PAN Number.jpg,EYAPP2921M
output/cropped_outputs/PAN Number/01213334750014_jpg.rf.dbfa22b5459a5a0a03557b0e203b752a_PAN Number.jpg,CFPPR1407G
output/cropped_outputs/PAN Number/IMG-20240224-WA0019_jpg.rf.a6e9803a98b1965f576a468dc6d16321_PAN Number.jpg,EGNPA5258R
output/cropped_outputs/PAN Number/bc_image_145_jpg.rf.95f884f8b75764c65fb340a2ca02a5bc_PAN Number.jpg,GPJPP6893C
output/cropped_outputs/PAN Number/gaurnator-pan-card_jpg.rf.252650d6f43582f51e2a4cffb87450f7_PAN Number.jpg,BCQPG3485E
output/cropped_outputs/PAN Number/bnw_image_255_jpg.rf.b1395c2e7f49424dc088cf46d1534d1a_PAN Number.jpg,KKRPS1385D
output/cropped_outputs/PAN Number/ASHA-PAN-CARD_jpg.rf.91e7eaa0a7dcf9c49d80a9a15ad1de31_PAN Number.jpg,HUDPS8347N
output/cropped_outputs/PAN Number/bnw_image_204_jpg.rf.a84c078914cac5ba4ad0a0fe6a38ead0_PAN Number.jpg,AAYPZ7843E
output/cropped_outputs/PAN Number/bhagwati-devi-pan_jpeg.rf.9901f51689be0fd9e3f4a5e98955c72e_PAN Number.jpg,HTOPD7743B
output/cropped_outputs/PAN Number/aadar-pan-jaswant-1_page-0007_jpg.rf.3e6ad3e2b29c0b1d37b2dae39876bbf3_PAN Number.jpg,DEWPM4236K
output/cropped_outputs/PAN Number/01577335720011_jpg.rf.4bf77a0385e0a1ee53d6fe0808d5af77_PAN Number.jpg,DXPPA7549D
output/cropped_outputs/PAN Number/bnw_image_237_jpg.rf.68def84532430cd3f10f243caf1b71c1_PAN Number.jpg,AOWPL6384A
output/cropped_outputs/PAN Number/bnw_image_139_jpg.rf.229b19ebeb311782f21ec0b249ed3aac_PAN Number.jpg,ABQPO1511M
output/cropped_outputs/PAN Number/Shahrukh-Pan_jpeg.rf.a5194976f1748cf692cdb3a9f6344391_PAN Number.jpg,GYVPP8712H
output/cropped_outputs/PAN Number/bnw_image_015_jpg.rf.34d82fd44ee53265da028071aadc8905_PAN Number.jpg,BQHPA8532P
output/cropped_outputs/PAN Number/bc_image_220_jpg.rf.862223a4ffd6104afdf88af2190a07ce_PAN Number.jpg,FJMPR4125R
output/cropped_outputs/PAN Number/01251136330013_jpg.rf.df60e09ac23d8c60545c293c87f02254_PAN Number.jpg,BPIPR4140C
output/cropped_outputs/PAN Number/bnw_image_185_jpg.rf.7356e671f4f3fa8eb4e4de130b1ecb0e_PAN Number.jpg,NQUPK3634P
output/cropped_outputs/PAN Number/bnw_image_228_jpg.rf.6e571f2ac02ab37779e9bc6442a63556_PAN Number.jpg,CTKPP7011D
output/cropped_outputs/PAN Number/PAN_Card_20240701_203515260_jpg.rf.3291a53659cfdbccd76ee5a181353efc_PAN Number.jpg,AAYPZ7843E
output/cropped_outputs/PAN Number/bnw_image_174_jpg.rf.5046df0be9ae14e6e2b28e395a23fb39_PAN Number.jpg,BNCPH0974C
output/cropped_outputs/PAN Number/bc_image_171_jpg.rf.03fc98b6dbc898c7ebb0d74c4bf26a15_PAN Number.jpg,FCYPP2033K
output/cropped_outputs/PAN Number/Jitendra-GTR-PAN-2-_jpg.rf.ca12702fa5ca091358402137e00a9afb_PAN Number.jpg,AYJPK8520C
output/cropped_outputs/PAN Number/Ratan-PAN_jpg.rf.38392fcc618817159a615a4eeaae1aae_PAN Number.jpg,AOWPL6384A
output/cropped_outputs/PAN Number/01262414660017_jpg.rf.f9239034c9d24fb1ca2d9efe58721ccb_PAN Number.jpg,BMAPK3430P
output/cropped_outputs/PAN Number/01338208270013_jpg.rf.1b2a3fbf35faf20e4b91eec55f32bd64_PAN Number.jpg,BGXPP2119R
output/cropped_outputs/PAN Number/bnw_image_024_jpg.rf.e38f38ab55cd03836ccc41f0e464739c_PAN Number.jpg,BDDPT7762H
output/cropped_outputs/PAN Number/bnw_image_133_jpg.rf.d9eec1a4c4704488e04dfdb21206df4f_PAN Number.jpg,MMIPK3234Q
output/cropped_outputs/PAN Number/bc_image_157_jpg.rf.14b1813fb92579f90d8d29b05d39e217_PAN Number.jpg,CXCPP4176M
output/cropped_outputs/PAN Number/PAN_Card_20240702_111040007_jpg.rf.8148b092f5b8bfb3265cbd8481de8a75_PAN Number.jpg,ABIPU5757D
output/cropped_outputs/PAN Number/bc_image_117_jpg.rf.21380e873268571afb41258b6823ee97_PAN Number.jpg,BXHPR2610E
output/cropped_outputs/PAN Number/GTR_Pan_jpg.rf.74260f31d08bde0cfc4924fcc737460f_PAN Number.jpg,DFRPP5173N
output/cropped_outputs/PAN Number/01537155560015_jpg.rf.062802b8e298027b3890579f87af07fc_PAN Number.jpg,BZKPG2401D
output/cropped_outputs/PAN Number/sohan-lal-pan-card_page-0001_jpg.rf.c7da6b31851c4471abfc6f04197dd2c2_PAN Number.jpg,ADIPH2319E
output/cropped_outputs/PAN Number/bc_image_204_jpg.rf.b4a93ac0995815e50c43a6938a5dcd9e_PAN Number.jpg,AAYPZ7843E
output/cropped_outputs/PAN Number/Jitendra-Singh-Pan-Card_jpg.rf.18136ba7eff622ee72c9c03b435641b5_PAN Number.jpg,NDQPS7908H
output/cropped_outputs/PAN Number/PAN_Card_20240701_102658933_jpg.rf.21de6f09d4e4c22f9c493bb22b1ea1a6_PAN Number.jpg,CURPA2637L
output/cropped_outputs/PAN Number/01125713540016_jpg.rf.a636f49463ef723c7e7964ed2568ab12_PAN Number.jpg,FZSPK3122B
output/cropped_outputs/PAN Number/GTR-Phool-Chand-PAN_jpeg.rf.e734a86b0358839f5ad2065c5c4112bf_PAN Number.jpg,FTZPP4687P
output/cropped_outputs/PAN Number/e007179a-58196aadc14229072fe70390_pan_jpg.rf.81d17ee15c0db20319f0cb0bffa1625f_PAN Number.jpg,CGYPS9726D
output/cropped_outputs/PAN Number/bnw_image_176_jpg.rf.c47598dd26bc645d80d91725a8e2ddc4_PAN Number.jpg,EYNPB3812G
output/cropped_outputs/PAN Number/Chandrakanta_PanCard_jpg.rf.b639535fe9aeeb676893da2c8a554c21_PAN Number.jpg,CEMPJ9522G
output/cropped_outputs/PAN Number/0721a014-imgtopdf_generated_2508201310016_page-29_jpg.rf.dd71f53892e144a0114ac951f67ac0f4_PAN Number.jpg,FPIPD5849N
output/cropped_outputs/PAN Number/24_PAN_jpg.rf.8b5132ec9bdc0fb8c3ff92186e0bbb29_PAN Number.jpg,EFEPP1377A
output/cropped_outputs/PAN Number/bc_image_107_jpg.rf.2ce0f04e576f90b23d7278d0225c78b0_PAN Number.jpg,IFTPP6695Q
output/cropped_outputs/PAN Number/bnw_image_019_jpg.rf.fb9e43b4afe004a66bb629ebb68e2ccc_PAN Number.jpg,CUHPK4890B
output/cropped_outputs/PAN Number/bnw_image_007_jpg.rf.48d74d923c22840372cff5a95a969d11_PAN Number.jpg,AVJPH2161H
output/cropped_outputs/PAN Number/bc_image_267_jpg.rf.14f91f88e93ef6af09930aeb113c1238_PAN Number.jpg,LIHPS7180K
output/cropped_outputs/PAN Number/Pawan-PAN_page-0001_jpg.rf.9ede375a269eb453aaf8813f8222dcb6_PAN Number.jpg,OIQPS1710D
output/cropped_outputs/PAN Number/bnw_image_101_jpg.rf.259c9cb59158fd3776a95f5caf171e75_PAN Number.jpg,JOZPS9930F
output/cropped_outputs/PAN Number/PAN_Card_20240701_114422759_jpg.rf.0d37ebf9e6f517413e867655889cbc13_PAN Number.jpg,GZKPK5294R
output/cropped_outputs/PAN Number/bc_image_130_jpg.rf.f2cf9f2b135b836f3180461c92cc9b35_PAN Number.jpg,CJLPN8794C
output/cropped_outputs/PAN Number/Pan-card-of-Brajmohan_jpeg.rf.f1f674eb145b2c58b69f1357b8f9774b_PAN Number.jpg,EUGPB4005L
output/cropped_outputs/PAN Number/SHANKAR-PAN-KYC_page-0001_jpg.rf.725219b8dc287a7d169927857b5c0d17_PAN Number.jpg,MHQPS5615A
output/cropped_outputs/PAN Number/PAN-Narvik-Buildhomes-PDF_page-0001_jpg.rf.5b65a964dcec705c0a3fa57cd7b6a94d_PAN Number.jpg,ABFFM3164K
output/cropped_outputs/PAN Number/01212725670019_jpg.rf.4b19ee49a206b31bbe0dd9e660512dce_PAN Number.jpg,FJSPK3235B
output/cropped_outputs/PAN Number/bnw_image_156_jpg.rf.79d86243ea99c06fe823c8904496e5c1_PAN Number.jpg,AKCPR7239J
output/cropped_outputs/PAN Number/1aea9462babd9fb2fd84f7a2f81f5ccf_jpg.rf.e97ea6ad4aaa9338e9c4b844877afc70_PAN Number.jpg,OMRPS9699G
output/cropped_outputs/PAN Number/101_PAN_jpg.rf.1027f3eff53a5e07d3f500d534143047_PAN Number.jpg,BNZPM2501F
output/cropped_outputs/PAN Number/bc_image_208_jpg.rf.f98e4433dceab0e1ccb4e76c42cb5cce_PAN Number.jpg,FHSPS4118D
output/cropped_outputs/PAN Number/PAN_Card_20240702_155249054_jpg.rf.a5fce132d053b120b79d1a8dc3afb590_PAN Number.jpg,ADUPN3666Q
output/cropped_outputs/PAN Number/bnw_image_217_jpg.rf.92c9ae7d1088514ae5aec63c3b51311e_PAN Number.jpg,HYWPD2511Q
output/cropped_outputs/PAN Number/Kamla_Pan_jpg.rf.6ccead183a464e0f2f2ece50bcf33108_PAN Number.jpg,DGKPR0983Q
output/cropped_outputs/PAN Number/bnw_image_261_jpg.rf.233a711cb478599bba9179dc150cc750_PAN Number.jpg,CNLPN2682P
output/cropped_outputs/PAN Number/25_png.rf.26205bed4d02403ad0168761ebbca6b6_PAN Number.jpg,BIQPL1856A
output/cropped_outputs/PAN Number/01537155560015_jpg.rf.2326615b6df54c905e9b4cb805508c86_PAN Number.jpg,BZKPG2401D
output/cropped_outputs/PAN Number/bc_image_103_jpg.rf.4566eb6fe9bcad5f5aa17b17cbfb21b7_PAN Number.jpg,AXYPG9636K
output/cropped_outputs/PAN Number/bnw_image_037_jpg.rf.3ff6a1f4f73be432bf5e6bf94f7dc7ce_PAN Number.jpg,ALAPJ9440L
output/cropped_outputs/PAN Number/_pan_png.rf.85d0277f0d44e9edfe739b7703e7f0f3_PAN Number.jpg,AJMPN8928M
output/cropped_outputs/PAN Number/bc_image_158_jpg.rf.74355f0d18b9e05b6f25c8515c4ee5af_PAN Number.jpg,GHAPK7437N
output/cropped_outputs/PAN Number/bc_image_260_jpg.rf.08b740d4b88c230081b21318a4b4f39c_PAN Number.jpg,AFKPJ5034J
output/cropped_outputs/PAN Number/PAN_Card_20240701_174646462_jpg.rf.09bdee3208c76439ef99f45efad7c7f7_PAN Number.jpg,GZDPM3425D
output/cropped_outputs/PAN Number/bc_image_052_jpg.rf.31841e5cb24625ae7190bf7b123ad417_PAN Number.jpg,DEWPM4236K
output/cropped_outputs/PAN Number/bnw_image_161_jpg.rf.879a989f8c24721d269761da1898f32a_PAN Number.jpg,BFJPA4941P
output/cropped_outputs/PAN Number/01151242750019_jpg.rf.16293cb632840450a9471555c11d60ca_PAN Number.jpg,FQYPS0660H
output/cropped_outputs/PAN Number/GTR-2-Rajendra-PAN_jpg.rf.24dd20d6115d1bf504a230cde8fd41fd_PAN Number.jpg,IFTPP6695Q
output/cropped_outputs/PAN Number/Pan-Arti_jpeg.rf.47ac91b63b8a4f2733f05f613182fe76_PAN Number.jpg,BFJPA4941P
output/cropped_outputs/PAN Number/50_jpg.rf.b0a4b674dbd37019859107126eb827a3_PAN Number.jpg,AAAAA1234A
output/cropped_outputs/PAN Number/bc_image_201_jpg.rf.55140b00661bf090b822475aeac18259_PAN Number.jpg,CURPA2637L
output/cropped_outputs/PAN Number/01263124150013_jpg.rf.0721a416e955aa19eaf3d15224736f2a_PAN Number.jpg,EGZPM9810H
output/cropped_outputs/PAN Number/bc_image_231_jpg.rf.62d601536d91755b04e40f03f0e93736_PAN Number.jpg,AEVPR4703A
output/cropped_outputs/PAN Number/01577335720011_jpg.rf.ee5db52dd037edb04a8679c23147c352_PAN Number.jpg,DXPPA7549D
output/cropped_outputs/PAN Number/bnw_image_045_jpg.rf.8272047ece185b00e1a914f17154c402_PAN Number.jpg,BMZPB2728N
output/cropped_outputs/PAN Number/bnw_image_013_jpg.rf.527e8bce78123957eca9926e9727f841_PAN Number.jpg,HLKPK0860C
output/cropped_outputs/PAN Number/bnw_image_120_jpg.rf.da731955f6907cb24f32bd52127d8204_PAN Number.jpg,BXSPR7512L
output/cropped_outputs/PAN Number/prabhu-lal-pan_jpeg.rf.179c779e367c1ecbe4346fa8a9b9b997_PAN Number.jpg,BOYPL4830A
output/cropped_outputs/PAN Number/bheru-pan-card_page-0001_jpg.rf.15ae982a36447d4eede56e769ae63467_PAN Number.jpg,BAXPL3112Q
output/cropped_outputs/PAN Number/bc_image_003_jpg.rf.ce5195b2b5afd567f556fca9d0d29a2f_PAN Number.jpg,CFPPR1407G
output/cropped_outputs/PAN Number/bc_image_269_jpg.rf.363412c0ca9dbeacbe017662e7888952_PAN Number.jpg,HQJPM9356M
output/cropped_outputs/PAN Number/29_jpg.rf.ec812719fae903072ac879eafeb155dd_PAN Number.jpg,BEWPK6075G
output/cropped_outputs/PAN Number/cba40b81-photo_4_2023-07-14_15-44-52_jpg.rf.f30067df308efdecdd89185fd6f97c46_PAN Number.jpg,KRDPS2924B
output/cropped_outputs/PAN Number/bnw_image_177_jpg.rf.ccca0de61721283b4d7065587aa7612f_PAN Number.jpg,ATOPY5115F
output/cropped_outputs/PAN Number/bnw_image_203_jpg.rf.9ff8ca3e32e68ebb2c324160660f1dcb_PAN Number.jpg,CPFPC0179C
output/cropped_outputs/PAN Number/bc_image_246_jpg.rf.e023300689bf8bfe5f73cb5d5a008584_PAN Number.jpg,MNQPS6378J
output/cropped_outputs/PAN Number/bc_image_210_jpg.rf.abef205edf95b1130029d7a76c66e996_PAN Number.jpg,AEVPU1108C
output/cropped_outputs/PAN Number/bc_image_239_jpg.rf.2a83f9d115ec519792ab76e40ba09594_PAN Number.jpg,CGYPN8493A
output/cropped_outputs/PAN Number/bnw_image_082_jpg.rf.42f29bd4e9b203e216845803009a47c9_PAN Number.jpg,BGNPL2760A
output/cropped_outputs/PAN Number/bnw_image_190_jpg.rf.dfb7ef7a5ef55e42458f409ee7a48713_PAN Number.jpg,PNEPK5421D
output/cropped_outputs/PAN Number/bc_image_074_jpg.rf.360aa995ed693ccc8874c2c133e2b1ff_PAN Number.jpg,BMMPL5024Q
output/cropped_outputs/PAN Number/01476112530017_jpg.rf.e5d7c3b70cf75d5fbbb61ae271d4ce92_PAN Number.jpg,LSUPS8652R
output/cropped_outputs/PAN Number/bnw_image_159_jpg.rf.636d936d58cf8773dbf6e05855f81449_PAN Number.jpg,GEJPM0786N
output/cropped_outputs/PAN Number/bnw_image_077_jpg.rf.f510b1950e05df26d726062703ab679f_PAN Number.jpg,HTOPD7743B
output/cropped_outputs/PAN Number/bnw_image_181_jpg.rf.0b5b9da751080f95f26b42e02eb40e9b_PAN Number.jpg,AKAPI4266L
output/cropped_outputs/PAN Number/bnw_image_091_jpg.rf.ba66cca7e3821e2cc190fff102babdbd_PAN Number.jpg,HJCPD2413L
output/cropped_outputs/PAN Number/bc_image_227_jpg.rf.2e8fde7ef5251c070e90b31f2d661be7_PAN Number.jpg,HZGPD3501M
output/cropped_outputs/PAN Number/4abfeb59-imgtopdf_generated_2208201757059_page-43_jpg.rf.f969f342b6d33ee03b818091512ce12b_PAN Number.jpg,BQBPT6559D
output/cropped_outputs/PAN Number/bnw_image_199_jpg.rf.cfe1b815fd8e20f30cafaf788117e119_PAN Number.jpg,BJGPG8439P
output/cropped_outputs/PAN Number/bnw_image_050_jpg.rf.7801f6d1d8ee473c3550c874200d3242_PAN Number.jpg,AHHPD8696B
output/cropped_outputs/PAN Number/01215352310017_jpg.rf.e73d321863e656403f42d07f2da14995_PAN Number.jpg,HFRPK3616F
output/cropped_outputs/PAN Number/Manish-Pan_jpg.rf.d9d1054580d6a30292571114d6d15d3c_PAN Number.jpg,NVGPS3818Q
output/cropped_outputs/PAN Number/pan-card_jpeg.rf.ec30d11b226112eca6269338f77cee45_PAN Number.jpg,EYNPB3812G
output/cropped_outputs/PAN Number/50_jpg.rf.d375daee8b2e32ed8aa922b1a0bce3ed_PAN Number.jpg,AAAAA1234A
output/cropped_outputs/PAN Number/aadar-pan-jaswant-1_page-0010_jpg.rf.fa42a38240721ad3a41601ce0968c9fe_PAN Number.jpg,GHYPM2672B
output/cropped_outputs/PAN Number/Jitendra-PAN_page-0001_jpg.rf.112f140517d146ed9d92b62b9aca91b8_PAN Number.jpg,BXSPR7512L
output/cropped_outputs/PAN Number/pan1_png.rf.6f92d53760ce30856ab97ef9cdd0fc61_PAN Number.jpg,ELWPM8089J
output/cropped_outputs/PAN Number/bc_image_071_jpg.rf.9640c5454919a896d0a0a8eb780f871c_PAN Number.jpg,OXIPS2573F
output/cropped_outputs/PAN Number/bc_image_053_jpg.rf.001028d9b7a83b003fb9393dd5772ddc_PAN Number.jpg,GHYPM2672B
output/cropped_outputs/PAN Number/01263124150013_jpg.rf.80f66e666b702b47e549d52e5c3d0764_PAN Number.jpg,EGZPM9810H
output/cropped_outputs/PAN Number/Ghanshyam-PAN-ADHAR_page-0003_jpg.rf.d1376631a17a42bf8446f70bb0ce4f5c_PAN Number.jpg,AXYPG9636K
output/cropped_outputs/PAN Number/01151242750019_jpg.rf.bccbbe51f6403590009b564b321f37a6_PAN Number.jpg,FQYPS0660H
output/cropped_outputs/PAN Number/bnw_image_143_jpg.rf.62a0aa5eac787c7f489a82a380fabea0_PAN Number.jpg,CHPPR5749R
output/cropped_outputs/PAN Number/bnw_image_210_jpg.rf.036eb3846cffdb2755dca88304653bbf_PAN Number.jpg,AEVPU1108C
output/cropped_outputs/PAN Number/bnw_image_267_jpg.rf.3806c7bc64603b18343fc567aca3555d_PAN Number.jpg,LIHPS7180K
output/cropped_outputs/PAN Number/Gogaram-pan_page-0001_jpg.rf.db3714512a94ecb974c6529ea3850fee_PAN Number.jpg,EPYPR1303J
output/cropped_outputs/PAN Number/bnw_image_260_jpg.rf.a48ff2463692e0ec79f96e1be5411ce2_PAN Number.jpg,AFKPJ5034J
output/cropped_outputs/PAN Number/01215317330013_jpg.rf.96b638bbd3e91d79a243466c58961306_PAN Number.jpg,EGGPK3116M
output/cropped_outputs/PAN Number/01151242750019_jpg.rf.ac8007f6136025ae19727dc58ac0ff93_PAN Number.jpg,FQYPS0660H
output/cropped_outputs/PAN Number/bnw_image_233_jpg.rf.ab9f2c58eee6e48c45a3bf38938a62bb_PAN Number.jpg,FGEPR4322D
output/cropped_outputs/PAN Number/7780308718_jpg.rf.4b5938c5e5cf1974e031752349f734ed_PAN Number.jpg,NJEPS1359Q
output/cropped_outputs/PAN Number/bnw_image_258_jpg.rf.f02895036667b246290f72649144633b_PAN Number.jpg,ADIPH2319E
output/cropped_outputs/PAN Number/01213346260037_jpg.rf.e1a846ed4b7022a981eab5a4eebba11e_PAN Number.jpg,CGPPN7383G
output/cropped_outputs/PAN Number/Mogaji_PanCard_jpg.rf.23eb1b314ff573abf400548d336a6268_PAN Number.jpg,HPKPM5518F
output/cropped_outputs/PAN Number/bc_image_114_jpg.rf.f8807080064f93f9fc5bb2e981708b84_PAN Number.jpg,AALPR1365C
output/cropped_outputs/PAN Number/bnw_image_055_jpg.rf.660911497a4f607390a18ebe606c9e9a_PAN Number.jpg,FKAPA3141M
output/cropped_outputs/PAN Number/bnw_image_199_jpg.rf.b3387666a9924afa04f8aaa88ad31408_PAN Number.jpg,BJGPG8439P
output/cropped_outputs/PAN Number/72_jpg.rf.e3b71bfd93d25d6233e02e75a7419d64_PAN Number.jpg,EEKPB8381D
output/cropped_outputs/PAN Number/bc_image_096_jpg.rf.0898279fc276042659e5e42c4e6e320c_PAN Number.jpg,CGYPS9726D
output/cropped_outputs/PAN Number/Co-App-Guddi-Pan-Card_page-0001_jpg.rf.1245271d636a5d7ea92ed9e1b83f2efe_PAN Number.jpg,DMVPG9009P
output/cropped_outputs/PAN Number/bnw_image_170_jpg.rf.5da5ff583d88d971e1b943775eda2351_PAN Number.jpg,OHPPK3801K
output/cropped_outputs/PAN Number/bnw_image_209_jpg.rf.f3c41c903c1e778422eafa7de870bd66_PAN Number.jpg,DRMPB0371P
output/cropped_outputs/PAN Number/SURESH-PAN-CARD_page-0001_jpg.rf.ed6d4aefa0b539655f0115c9110cef48_PAN Number.jpg,ATBPN2360A
output/cropped_outputs/PAN Number/bc_image_081_jpg.rf.45de5c8762764cb022ed533a35312979_PAN Number.jpg,BAXPL3112Q
output/cropped_outputs/PAN Number/01173574530010_pan_png.rf.965d567d24790c6681b9624c9a1bc7ae_PAN Number.jpg,CMXPS9758J
output/cropped_outputs/PAN Number/PAN_Card_20240701_193712481_jpg.rf.fd419916f10c6fb344001244e1272312_PAN Number.jpg,BEZPV4648K
output/cropped_outputs/PAN Number/19_jpg.rf.983cd7818a8da0bfd04874c29ef9e082_PAN Number.jpg,EEKPB8381D
output/cropped_outputs/PAN Number/bnw_image_187_jpg.rf.69566bf0626ddf1582c423180a8b7c2d_PAN Number.jpg,ANWPT1935C
output/cropped_outputs/PAN Number/bnw_image_239_jpg.rf.befb7976a9df5bbc3c99835ab78f9e39_PAN Number.jpg,CGYPN8493A
output/cropped_outputs/PAN Number/bnw_image_021_jpg.rf.c332b481e46c40573eb63e9e37c3c1f7_PAN Number.jpg,EDRPR6212M
output/cropped_outputs/PAN Number/01245671710014_jpg.rf.9a8f7728c4e834503e07330275e311c1_PAN Number.jpg,ADPPI0527A
output/cropped_outputs/PAN Number/GTR-Heera-Lal-PAN-CARD_page-0001_jpg.rf.5319098573047b2372d234abb0533f07_PAN Number.jpg,EQUPS2480C
output/cropped_outputs/PAN Number/bc_image_237_jpg.rf.93f5c8b995dd120773400c0a5eefb5a7_PAN Number.jpg,AOWPL6384A
output/cropped_outputs/PAN Number/Ajit-Kumar-Banjara-Pan-Card_JPG.rf.761bc174d1d1af3653672f758ef1604f_PAN Number.jpg,HSOPB6610L
output/cropped_outputs/PAN Number/Pramila-PAN_jpeg.rf.b94f348f933d8d63128efdf6683da62b_PAN Number.jpg,FGWPP9883B
output/cropped_outputs/PAN Number/bnw_image_029_jpg.rf.739cec9df829510c9579ef6295b35431_PAN Number.jpg,OMRPS9699G
output/cropped_outputs/PAN Number/bnw_image_014_jpg.rf.b78c0b0dd2d8d1685ca2711c85042bdf_PAN Number.jpg,BCTPD3356C
output/cropped_outputs/PAN Number/MAYA-PAN_page-0001_jpg.rf.ca95d24ff63d1d18b3d056f9b4f1e4dc_PAN Number.jpg,DKKPB3194R
output/cropped_outputs/PAN Number/bc_image_035_jpg.rf.336273b67915fca59e2eccfad19d6f9a_PAN Number.jpg,BEWPK6075G
output/cropped_outputs/PAN Number/PAN-card-bhiwa_page-0001_jpg.rf.e5b91e7a3ffab17982971c529642891a_PAN Number.jpg,FEFPB1697E
output/cropped_outputs/PAN Number/bc_image_183_jpg.rf.24fc1f1887817b8a45b738a809526e39_PAN Number.jpg,CLBPK8872Q
output/cropped_outputs/PAN Number/bc_image_056_jpg.rf.79c315b754c6019a40289a961f4393c1_PAN Number.jpg,AELPR4676J
output/cropped_outputs/PAN Number/01173574530010_pan_png.rf.0e7d64c33c02ce9e00790ec6fd270ca9_PAN Number.jpg,CMXPS9758J
output/cropped_outputs/PAN Number/bnw_image_164_jpg.rf.20df0db851be04442b8cf8cfb0fd692a_PAN Number.jpg,EAJPA1700E
output/cropped_outputs/PAN Number/bnw_image_221_jpg.rf.cffaa75c6a97d0e4003d7e9f9ee3db1b_PAN Number.jpg,AZCPC9668B
output/cropped_outputs/PAN Number/11_PAN_jpg.rf.8500135eca8613205a88eb74f24e930d_PAN Number.jpg,AAAAA1234A
output/cropped_outputs/PAN Number/Manilal_pancard_page-0001_jpg.rf.403b118053d96897d37fea585878acad_PAN Number.jpg,GPJPP6893C
output/cropped_outputs/PAN Number/bnw_image_115_jpg.rf.6b61f51e83c43b2ab83e03aea10d24f2_PAN Number.jpg,BUPPS5866L
output/cropped_outputs/PAN Number/bnw_image_004_jpg.rf.52d9f904e7bc1d044f6e1636b4dcfd98_PAN Number.jpg,CGPPN7383G
output/cropped_outputs/PAN Number/01651626160011_jpg.rf.e7cbe6554bb5c814a22dab558c17fbe7_PAN Number.jpg,CNUPR5539J
output/cropped_outputs/PAN Number/bc_image_122_jpg.rf.803f944bdd373c0ede7402b77d89ef41_PAN Number.jpg,TCKPS7285E
output/cropped_outputs/PAN Number/01111534630016_jpg.rf.ab979d98a3fe47dd3ecb7a40b87aa53b_PAN Number.jpg,CUDPP5407R
output/cropped_outputs/PAN Number/92_jpg.rf.7640a81f3716d235647b4a3a11843f1a_PAN Number.jpg,AHHPD8696B
output/cropped_outputs/PAN Number/PAN_Card_20240702_143115599_jpg.rf.c2e4b7c61fa91a2aa7e5d2a507e8b014_PAN Number.jpg,RWRPS3703N
output/cropped_outputs/PAN Number/bc_image_029_jpg.rf.798f6d2eaa64d59f4c5b4dc148d1d068_PAN Number.jpg,OMRPS9699G
output/cropped_outputs/PAN Number/bc_image_125_jpg.rf.9f58cfd64d25622bb9c4152c5ed1dbd2_PAN Number.jpg,BBPPY2735P
output/cropped_outputs/PAN Number/bnw_image_143_jpg.rf.cddf580e445b3bef9a905ac1ea267ae4_PAN Number.jpg,CHPPR5749R
output/cropped_outputs/PAN Number/19_PAN_jpg.rf.480ac9e937db891aeff0bbd864fc559d_PAN Number.jpg,EEKPB8381D
output/cropped_outputs/PAN Number/bnw_image_049_jpg.rf.55d76bbde776cd9e7ab1fa6ee4772976_PAN Number.jpg,CETPG2787M
output/cropped_outputs/PAN Number/01261443750015_jpg.rf.51954ddf028e979f89aaac1ce2dcd926_PAN Number.jpg,AYCPD2619J
output/cropped_outputs/PAN Number/bc_image_170_jpg.rf.4c44f8e2c81420ec0fe98f00d5686cf4_PAN Number.jpg,OHPPK3801K
output/cropped_outputs/PAN Number/gaurnator-pan-card_jpg.rf.a44c402a3d1abf5e750de92afcc7de94_PAN Number.jpg,BCQPG3485E
output/cropped_outputs/PAN Number/bnw_image_169_jpg.rf.fd6fc635fecf1fd547c726eeb190810c_PAN Number.jpg,BBUPG1202Q
output/cropped_outputs/PAN Number/21_PAN_jpg.rf.c395f05a328f26b92f60cc3b6f4de31e_PAN Number.jpg,HCZPS2025H
output/cropped_outputs/PAN Number/PAN_Card_20240702_151953847_jpg.rf.664427a4afdbd7fdab72376afd8bbbde_PAN Number.jpg,BNMPG0977Q
output/cropped_outputs/PAN Number/bc_image_034_jpg.rf.7f9042730850a65e9213266db85bc2c6_PAN Number.jpg,BIQPL1856A
output/cropped_outputs/PAN Number/47_PAN_jpg.rf.2ede538aa47ee486755ec07ec502565e_PAN Number.jpg,ALAPJ9440L
output/cropped_outputs/PAN Number/bc_image_186_jpg.rf.72f0f026d2089d1ebc4ebdd7e4570c6c_PAN Number.jpg,AQFPN1242E
output/cropped_outputs/PAN Number/bc_image_129_jpg.rf.5d593af00b38800c759266baffd9165d_PAN Number.jpg,BBLPB2028J
output/cropped_outputs/PAN Number/pan3_png.rf.441497f3456f8de365d001b14b8b63c2_PAN Number.jpg,BGYPJ0129A
output/cropped_outputs/PAN Number/bc_image_138_jpg.rf.2c6a4de9e61813d1a5e885230ed1825a_PAN Number.jpg,HDMPR8222M
output/cropped_outputs/PAN Number/PAN_Card_20240701_203515260_jpg.rf.0b0f78bfbe9e9b12194eae55e715c02d_PAN Number.jpg,AAYPZ7843E
output/cropped_outputs/PAN Number/bc_image_018_jpg.rf.e8f2843a2d8106683820beb8490fa842_PAN Number.jpg,BCMPK5242B
output/cropped_outputs/PAN Number/01262175230013_jpg.rf.3f3eca9624737e467a96ab289810f4cb_PAN Number.jpg,MGZPS8005C
output/cropped_outputs/PAN Number/Ashif-PAN_jpeg.rf.39f8e20d53fc7cebd399a0019affeb6e_PAN Number.jpg,ABAPQ1666K
output/cropped_outputs/PAN Number/bnw_image_145_jpg.rf.9f9408eff3ee42912358ce28071f6c05_PAN Number.jpg,GPJPP6893C
output/cropped_outputs/PAN Number/bnw_image_076_jpg.rf.c507fa44ef8b546c282d7e405098dcf8_PAN Number.jpg,QLZPS9331C
output/cropped_outputs/PAN Number/01367165370017_jpg.rf.59f1cefc912b38b662780c9cc3da3038_PAN Number.jpg,BCTPD3356C
output/cropped_outputs/PAN Number/gaurantor-pan-card_jpeg.rf.005725896419ba8cae94194fa5869946_PAN Number.jpg,JOZPS9930F
output/cropped_outputs/PAN Number/PAN_Card_20240701_181008420_jpg.rf.c87c925dac1acc7781dfe0655d322ce7_PAN Number.jpg,ADBPZ4428P
output/cropped_outputs/PAN Number/PAN_Card_20240702_145310923_jpg.rf.f8cef5a2d5e7f76bf8db2d74d5d16974_PAN Number.jpg,HEUPS4130C
output/cropped_outputs/PAN Number/bc_image_056_jpg.rf.5261887a701a3da6b72b60ce86bd762d_PAN Number.jpg,AELPR4676J
output/cropped_outputs/PAN Number/pushpa-pAn-card_page-0001_jpg.rf.2651a69d9521e0404b364a8b752d2039_PAN Number.jpg,CTKPP7011D
output/cropped_outputs/PAN Number/01151242750019_jpg.rf.23828156f2bcb1b7fa49e8d98fd070f8_PAN Number.jpg,FQYPS0660H
output/cropped_outputs/PAN Number/bnw_image_034_jpg.rf.40d318acc10e8ef614f1708c3d0f0e11_PAN Number.jpg,BIQPL1856A
output/cropped_outputs/PAN Number/01274722210012_jpg.rf.8d7833bd91a29c12b13e22f8ff67b1ca_PAN Number.jpg,HLKPKO860C
output/cropped_outputs/PAN Number/01231576410019_jpg.rf.88fe91aae6e7b683a2fd17b6fdae66c3_PAN Number.jpg,CTQPA1388G
output/cropped_outputs/PAN Number/01276174510017_jpg.rf.4f3d0451557bd40ee6e1e0791dff539d_PAN Number.jpg,CNSPA9306A
output/cropped_outputs/PAN Number/bnw_image_099_jpg.rf.edc72c6af14fa63e3f072069be829b0c_PAN Number.jpg,BPLPY4522C
output/cropped_outputs/PAN Number/47_PAN_jpg.rf.321782bd9756d0ed499c9ac1042cf1cf_PAN Number.jpg,ALAPJ9440L
output/cropped_outputs/PAN Number/31_PAN_jpg.rf.e75dba731251150a6c55cf7bce9a7cd9_PAN Number.jpg,AKQPG2836G
output/cropped_outputs/PAN Number/01335435330017_jpg.rf.aff1e0b0bf758fc1ef05726fb2e4f60e_PAN Number.jpg,BMHPV9832P
output/cropped_outputs/PAN Number/01452511510013_jpg.rf.858300272dfcb11e726a6799c5a06598_PAN Number.jpg,BQHPA8532P
output/cropped_outputs/PAN Number/01537155560015_jpg.rf.40f7052788f54d6f229433c20e0f888c_PAN Number.jpg,BZKPG2401D
output/cropped_outputs/PAN Number/bc_image_092_jpg.rf.903bdc9444c5e09d68585db0026c7999_PAN Number.jpg,OKOPK4445P
output/cropped_outputs/PAN Number/PAN_Card_20240702_102138482_jpg.rf.7cf2bb8045ccf256c811e1af38d7d923_PAN Number.jpg,ACPPH0643F
output/cropped_outputs/PAN Number/bc_image_250_jpg.rf.1dd730608b92a801536c3794050fd918_PAN Number.jpg,HNLPP5113E
output/cropped_outputs/PAN Number/bnw_image_234_jpg.rf.a481624105b7265ec36aea84b0f6de08_PAN Number.jpg,EJTPG5687K
output/cropped_outputs/PAN Number/01776262270018_jpg.rf.a535819b9514bf6ae4ba099847ecdd40_PAN Number.jpg,AMEPH1097C
output/cropped_outputs/PAN Number/bc_image_012_jpg.rf.1e7a8c4ba9074297e9340dd50182b8ae_PAN Number.jpg,EGZPM9810H
output/cropped_outputs/PAN Number/01212121710017_jpg.rf.88f1647cd8d042e4a40ac4602866d7b1_PAN Number.jpg,CUWPK2034E
output/cropped_outputs/PAN Number/pan_0001_page-0001_jpg.rf.fd7ceb85f8adbea452db4135cc928200_PAN Number.jpg,BCIPN8046A
output/cropped_outputs/PAN Number/bc_image_200_jpg.rf.ee598dd00a1fe8dd38cd5eaaaf86477e_PAN Number.jpg,BCIPN8046A
output/cropped_outputs/PAN Number/GTR-Phool-Chand-PAN_jpeg.rf.eb19b56604cb4d48d455b25ce4274ceb_PAN Number.jpg,FTZPP4687P
output/cropped_outputs/PAN Number/Co-applicant-pan-adhar_page-0002_jpg.rf.2dbad4b5383c61541869a4c9fd17f9f1_PAN Number.jpg,ARWPJ5760H
output/cropped_outputs/PAN Number/01611485750018_jpg.rf.fec745eb8df70d2e83fa03b27711c3b8_PAN Number.jpg,BALPR2524L
output/cropped_outputs/PAN Number/PAN_Card_20240702_150444965_jpg.rf.06bc91db46bfaee6c060d690b88a6472_PAN Number.jpg,AZRPG9119L
output/cropped_outputs/PAN Number/01173574530010_pan_png.rf.103052ef6f523a9847d21a55ea52470d_PAN Number.jpg,CMXPS9758J
output/cropped_outputs/PAN Number/01245671710014_jpg.rf.d2190debf49f070920e22a3b21744754_PAN Number.jpg,ADPPI0527A
output/cropped_outputs/PAN Number/bc_image_024_jpg.rf.b8d250faa31cb24e38a36640ac39897c_PAN Number.jpg,BDDPT7762H
output/cropped_outputs/PAN Number/PAN_Card_20240702_154034177_jpg.rf.9351d1d1fc751cc113c913307cb08389_PAN Number.jpg,FHSPS4118D
output/cropped_outputs/PAN Number/pushpa-devi-pan-card_page-0001_jpg.rf.2dacc305396f0f9ca00d3969211aff90_PAN Number.jpg,HZGPD3501M
output/cropped_outputs/PAN Number/bc_image_038_jpg.rf.e24a98bf02992f157f7aea9a11ab873f_PAN Number.jpg,BYEPJ1811K
output/cropped_outputs/PAN Number/PAN-Saju_jpeg.rf.d3624d6d60c15a00bd44cbde743d35c6_PAN Number.jpg,HCQPS3119R
output/cropped_outputs/PAN Number/01262175230013_jpg.rf.3d8376a25612820699f6d4f4c7884b66_PAN Number.jpg,MGZPS8005C
output/cropped_outputs/PAN Number/bnw_image_130_jpg.rf.9973972ac536f1a148346657ea488d03_PAN Number.jpg,CJLPN8794C
output/cropped_outputs/PAN Number/19_jpg.rf.4edb18e33610ebadb52c5b75b3711ecf_PAN Number.jpg,EEKPB8381D
output/cropped_outputs/PAN Number/01243431710010_pan_png.rf.34cbbae2eee6bb07acd135e848911fb4_PAN Number.jpg,ACOPI0413M
output/cropped_outputs/PAN Number/01212121710017_jpg.rf.144b097536108de6a8e9a5b91df1080d_PAN Number.jpg,CUWPK2034E
output/cropped_outputs/PAN Number/bc_image_040_jpg.rf.7182be8e7aa2f7e211bc63d6d39ccb8d_PAN Number.jpg,ANAPJ5978R
output/cropped_outputs/PAN Number/bnw_image_037_jpg.rf.cf041ca363d1e8c6b627137573213ff2_PAN Number.jpg,ALAPJ9440L
output/cropped_outputs/PAN Number/bc_image_146_jpg.rf.5f6f6c18ea561ef868b606dcb3b508ea_PAN Number.jpg,NVGPS3818Q
output/cropped_outputs/PAN Number/images95_jpg.rf.407ec594c823eb5be5d697d2ea7571c0_PAN Number.jpg,AIGPG5114K
output/cropped_outputs/PAN Number/Kan-Pan_jpg.rf.d88455fc3df27ce96f5033245660232f_PAN Number.jpg,OONPS1714C
output/cropped_outputs/PAN Number/GTR_Ganesh_Pan_jpg.rf.63cbc0d9a95eacbd47314f95ffcc0864_PAN Number.jpg,CNIPG9955M
output/cropped_outputs/PAN Number/bnw_image_120_jpg.rf.01214669ccfa4dbc6198fe646c139cd5_PAN Number.jpg,BXSPR7512L
output/cropped_outputs/PAN Number/bnw_image_029_jpg.rf.da115a4e563dcb1249bc4a61b348c67f_PAN Number.jpg,OMRPS9699G
output/cropped_outputs/PAN Number/bnw_image_162_jpg.rf.00dfd1623ad0805bd95877a60c6b2c27_PAN Number.jpg,ABFFM3164K
output/cropped_outputs/PAN Number/pan2_jpg.rf.870dfaa0d406456ae9898632ce536e96_PAN Number.jpg,BXAPC1000L
output/cropped_outputs/PAN Number/Guarantor-Mayank_Pan_jpg.rf.381f6e5d9198531ee1220351f3142b49_PAN Number.jpg,EDGPG7855G
output/cropped_outputs/PAN Number/13_PAN_jpg.rf.3d85b9e84bcba45f6293f80657eb55d7_PAN Number.jpg,BDDPT7762H
output/cropped_outputs/PAN Number/bnw_image_003_jpg.rf.f02c514344e4606dbc31b2fc5132e7f2_PAN Number.jpg,CFPPR1407G
output/cropped_outputs/PAN Number/Co-App_-Laxmi-Pan-Card-1-_page-0001_jpg.rf.45738ae834c0bcb021d054681dfb57a1_PAN Number.jpg,BEWPL9112F
output/cropped_outputs/PAN Number/bc_image_185_jpg.rf.abce5bb8c409a612e8b6c3e2ee726cfa_PAN Number.jpg,NQUPK3634P
output/cropped_outputs/PAN Number/bc_image_026_jpg.rf.e53d0a88edfa5e3cfdae802908041c80_PAN Number.jpg,IQRPD4473F
output/cropped_outputs/PAN Number/bc_image_016_jpg.rf.4851a00bab200ad2450538a3834f7093_PAN Number.jpg,BZKPG2401D
output/cropped_outputs/PAN Number/Mool-Singh-Chouhan-Pan-Card_jpg.rf.628763dfa262e950fec7784054fd1f70_PAN Number.jpg,APEPS2676F
output/cropped_outputs/PAN Number/PAN-Saju_jpeg.rf.da162cd470212dbdc19302adf5733ff3_PAN Number.jpg,HCQPS3119R
output/cropped_outputs/PAN Number/Rajendra-Singh-PAN_page-0001_jpg.rf.b43f391d9889b0749b11d945935d6e32_PAN Number.jpg,QQPPS6380Q
output/cropped_outputs/PAN Number/bc_image_261_jpg.rf.50c7fcc0e19707cb2c22d2677dca6d2c_PAN Number.jpg,CNLPN2682P
output/cropped_outputs/PAN Number/bc_image_002_jpg.rf.ae7eced5b2e8f704b6a7c204107619a4_PAN Number.jpg,CMXPS9758J
output/cropped_outputs/PAN Number/Anjana-PAN_jpeg.rf.6685624a51113287f454a8378cb50e56_PAN Number.jpg,EYAPP2921M
output/cropped_outputs/PAN Number/bc_image_184_jpg.rf.6e432ca94f5229ebf4e8f04a4756d80f_PAN Number.jpg,HCQPS3119R
output/cropped_outputs/PAN Number/cba40b81-photo_4_2023-07-14_15-44-52_jpg.rf.f80cf6d1ae0c38b8dcec76ce3534da8a_PAN Number.jpg,KRDPS2924B
output/cropped_outputs/PAN Number/Pancard-Kusum_page-0001_jpg.rf.0d2c93cf7d66083e17dc08687a51fb9f_PAN Number.jpg,PNEPK5421D
output/cropped_outputs/PAN Number/94_PAN_jpg.rf.18df53810e3881e7ee76de0bc742d58f_PAN Number.jpg,CQUPK4085K
output/cropped_outputs/PAN Number/bc_image_142_jpg.rf.f01c84ffbd39ae5c1abc704d41beeaa8_PAN Number.jpg,BTBPY6965M
output/cropped_outputs/PAN Number/PAN_Card_20240703_104029804_jpg.rf.44b41971d697cfe8d7d68edc838a32bb_PAN Number.jpg,BOXPS7756H
output/cropped_outputs/PAN Number/bnw_image_016_jpg.rf.381e295134bacff14bf824cb449ca21e_PAN Number.jpg,BZKPG2401D
output/cropped_outputs/PAN Number/bc_image_250_jpg.rf.b03becd70b21125864ca78875c1364b7_PAN Number.jpg,HNLPP5113E
output/cropped_outputs/PAN Number/bnw_image_130_jpg.rf.748e774e23e9001a16ea6da8d3cb2958_PAN Number.jpg,CJLPN8794C
output/cropped_outputs/PAN Number/23_jpg.rf.c1872600a4d17e44f2adc46b8e74362b_PAN Number.jpg,AQFPM7006F
output/cropped_outputs/PAN Number/bnw_image_073_jpg.rf.d07eb8150464ae453e2c6671198807a8_PAN Number.jpg,BMMPL5024Q
output/cropped_outputs/PAN Number/9a8eeebd-photo_1_2023-07-14_15-45-57_jpg.rf.54e25a4bafd65a2b4a271dc46fbf0f71_PAN Number.jpg,EBCPP9504H
output/cropped_outputs/PAN Number/bitthu-pan-card_jpeg.rf.49367faa6900d944a3962e2ca25affbd_PAN Number.jpg,BGNPL2760A
output/cropped_outputs/PAN Number/01213334750014_jpg.rf.4e302d33a1faca8b95fc1e3d0dd733c5_PAN Number.jpg,CFPPR1407G
output/cropped_outputs/PAN Number/bc_image_106_jpg.rf.5b54091156f4695bd132237d6c350f3f_PAN Number.jpg,LPRPS5238H
output/cropped_outputs/PAN Number/bnw_image_220_jpg.rf.22abb93c2f4bc8c989863f4661d192e7_PAN Number.jpg,FJMPR4125R
output/cropped_outputs/PAN Number/bnw_image_017_jpg.rf.761ff75ce629cc91a7194b2a42eef1d0_PAN Number.jpg,DXPPA7549D
output/cropped_outputs/PAN Number/PAN_Card_20240702_144026812_jpg.rf.4ed3ef65379677b053441cce0acfe2c5_PAN Number.jpg,DBEPP8056H
output/cropped_outputs/PAN Number/bc_image_052_jpg.rf.0679c0ed2aa64f0a52b087b31f7acb8c_PAN Number.jpg,DEWPM4236K
output/cropped_outputs/PAN Number/Leru-Puri-PAN_page-0001_jpg.rf.89a410d3a020ee9f66b37c6f13ea8df5_PAN Number.jpg,EJKPP7110K
output/cropped_outputs/PAN Number/manohar-pan_jpeg.rf.e8012aec8c7afd4f00ca9b69bf289454_PAN Number.jpg,ADXPL9511D
output/cropped_outputs/PAN Number/13_PAN_jpg.rf.1c67e5831533d36f45bc6e263300c73f_PAN Number.jpg,BDDPT7762H
output/cropped_outputs/PAN Number/PAN_Card_20240701_102658933_jpg.rf.dbeb9adf03133606b490d78d06ca9bef_PAN Number.jpg,CURPA2637L
output/cropped_outputs/PAN Number/bnw_image_056_jpg.rf.c41aef20311b4ce3a37a9779904a3712_PAN Number.jpg,AELPR4676J
output/cropped_outputs/PAN Number/Prem-PAN_jpg.rf.e7b7d80cee31e69c7ecfac072fb6052c_PAN Number.jpg,BXVPN6513Q
output/cropped_outputs/PAN Number/PAN_Card_20240702_155249054_jpg.rf.ac26af6fa372b3f814b247d4aabc1296_PAN Number.jpg,ADUPN3666Q
output/cropped_outputs/PAN Number/01452511510013_jpg.rf.143a625fa2db21f1d54bbefad8a51f7d_PAN Number.jpg,BQHPA8532P
output/cropped_outputs/PAN Number/bc_image_054_jpg.rf.36d866115a5173ec3cfc3887163fd5d5_PAN Number.jpg,DEWPM4236K
output/cropped_outputs/PAN Number/bc_image_015_jpg.rf.ee7d1130d50ee56a76c30db102f7f38b_PAN Number.jpg,BQHPA8532P
output/cropped_outputs/PAN Number/01757741370010_jpg.rf.c68af07abd680f8b6a439aee1bac5465_PAN Number.jpg,DOOPK0570J
output/cropped_outputs/PAN Number/bc_image_064_jpg.rf.43a5ae3a8223e68298773054edb02141_PAN Number.jpg,NWHPK1776H
output/cropped_outputs/PAN Number/Co-applicant-pan-adhar_page-0002_jpg.rf.299b1f14358b84db19a6e4a804e7e169_PAN Number.jpg,ARWPJ5760H
output/cropped_outputs/PAN Number/Co-applicant-pan-adhar_page-0004_jpg.rf.442cb0b9a73bd9823975e116908c135e_PAN Number.jpg,BVRPJ2331N
output/cropped_outputs/PAN Number/Mogaji_PanCard_jpg.rf.11375c971e1db37c636cc7c205c4612e_PAN Number.jpg,HPKPMS5518F
output/cropped_outputs/PAN Number/bnw_image_018_jpg.rf.6e80e8ab4d87537d1aefb4db34ee162e_PAN Number.jpg,BCMPK5242B
output/cropped_outputs/PAN Number/Mukesh-Pan_page-0001_jpg.rf.a1164987cedad8fb62e349cdd661ce84_PAN Number.jpg,KRGPS2506L
output/cropped_outputs/PAN Number/bc_image_225_jpg.rf.e0c431770712459535b19b2b3a539449_PAN Number.jpg,FVVPM5591M
output/cropped_outputs/PAN Number/bnw_image_158_jpg.rf.61c7d6ce492660d6ed556726ff308b08_PAN Number.jpg,GHAPK7437N
output/cropped_outputs/PAN Number/PAN_Card_20240702_172120999_jpg.rf.159ab402326cc654a77dd3c4b22e70cb_PAN Number.jpg,AEVPU1108C
output/cropped_outputs/PAN Number/01367165370017_jpg.rf.e2e8c22efeb7fe9b754915b490cf11f1_PAN Number.jpg,BCTPD3356C
output/cropped_outputs/PAN Number/Gopal-ji-pan-card_page-0001_jpg.rf.c670c29cd323e335e73aedd4c11f8d81_PAN Number.jpg,LPRPS5238H
output/cropped_outputs/PAN Number/bnw_image_243_jpg.rf.a43a2b6a95b051d9c0d80f39d0562476_PAN Number.jpg,FPWPS5036A
output/cropped_outputs/PAN Number/bc_image_083_jpg.rf.ebd999b897d3b916d097d8b8d8fa9d18_PAN Number.jpg,CEMPJ9522G
output/cropped_outputs/PAN Number/PAN_Card_20240701_203515260_jpg.rf.8ea36f7ba28091256617d922698db716_PAN Number.jpg,AAYPZ7843E
output/cropped_outputs/PAN Number/32_PAN_jpg.rf.2ab5da1eb7938403dfe12affad0c2dba_PAN Number.jpg,AQSPL9772C
output/cropped_outputs/PAN Number/IMG-20240224-WA0019_jpg.rf.9eb0c54d8ed8227a77b1a2d553fe3e28_PAN Number.jpg,EGNPA5258R
output/cropped_outputs/PAN Number/bc_image_246_jpg.rf.9fcca4fa37238119db81ee55272662e6_PAN Number.jpg,MNQPS6378J
output/cropped_outputs/PAN Number/bnw_image_268_jpg.rf.825b704f7190dfd5bfcea616a0f001de_PAN Number.jpg,FJPPB1563N
output/cropped_outputs/PAN Number/bnw_image_112_jpg.rf.255f8f0c483ed959e40aee455d286387_PAN Number.jpg,EDGPG7855G
output/cropped_outputs/PAN Number/bc_image_177_jpg.rf.41d1901d10d8891cf3e35533b5c63e23_PAN Number.jpg,ATOPY5115F
output/cropped_outputs/PAN Number/01231576410019_jpg.rf.2dc8204f907d66889806d59ad7e8c906_PAN Number.jpg,CTQPA1388G
output/cropped_outputs/PAN Number/bnw_image_124_jpg.rf.a7bad9689f6515be134313c3e128090e_PAN Number.jpg,DGKPR0983Q
output/cropped_outputs/PAN Number/bnw_image_117_jpg.rf.4d947c0d0778be6f613480c592ebeec5_PAN Number.jpg,BXHPR2610E
output/cropped_outputs/PAN Number/bnw_image_269_jpg.rf.7a1266780fc65ae7349509ab3bf20be4_PAN Number.jpg,HQJPM9356M
output/cropped_outputs/PAN Number/bc_image_177_jpg.rf.79199f9dff76b81a639d0ad4ecef8d23_PAN Number.jpg,ATOPY5115F
output/cropped_outputs/PAN Number/bc_image_046_jpg.rf.6a7cdf6d4e842939047f74699dd161dd_PAN Number.jpg,BMZPB2728N
output/cropped_outputs/PAN Number/Samuti-PAN_jpeg.rf.db52b383f5d6fb21ef289b93433706ef_PAN Number.jpg,FIXPR2705F
output/cropped_outputs/PAN Number/Rajendra-Singh-PAN_page-0001_jpg.rf.c33ca6ee137f799d565fdb09fe2a8cab_PAN Number.jpg,QQPPS6380Q
output/cropped_outputs/PAN Number/prem-singh-aadar-pan-_page-0007_jpg.rf.61a0d56b337ba619e85b2fcd88b895b7_PAN Number.jpg,FVVPM5591M
output/cropped_outputs/PAN Number/bc_image_115_jpg.rf.cfc5a154e109e7d5975916050e51a49d_PAN Number.jpg,BUPPS5866L
output/cropped_outputs/PAN Number/bnw_image_142_jpg.rf.55bbcdc926538b71282d83d31fee3711_PAN Number.jpg,BTBPY6965M
output/cropped_outputs/PAN Number/bc_image_238_jpg.rf.55a378b602c06eaf0f8e4ac1f8bbaa0e_PAN Number.jpg,AUBPA7793D
output/cropped_outputs/PAN Number/bc_image_009_jpg.rf.476ea01125e3a14e9321a0a91648d60e_PAN Number.jpg,ADPPI0527A
output/cropped_outputs/PAN Number/bnw_image_144_jpg.rf.b785703ea3a0c10a079e4df5505f0a25_PAN Number.jpg,BGFPL1234F
output/cropped_outputs/PAN Number/72_jpg.rf.c9d9117a3deb7865f55524789c0eaaf9_PAN Number.jpg,EEKPB8381D
output/cropped_outputs/PAN Number/bnw_image_242_jpg.rf.55895857d0d710509de247562be6ab4c_PAN Number.jpg,OEWPS1801D
output/cropped_outputs/PAN Number/bc_image_127_jpg.rf.81944eaa180d1d751146e1028aeb4468_PAN Number.jpg,OONPS1714C
output/cropped_outputs/PAN Number/bc_image_183_jpg.rf.013259b1d9515bd4fb8f710fc8b21abf_PAN Number.jpg,CLBPK8872Q
output/cropped_outputs/PAN Number/bc_image_152_jpg.rf.2e24e2180d08af28b6352fdfa196044b_PAN Number.jpg,HPKPM5518F
output/cropped_outputs/PAN Number/bc_image_072_jpg.rf.b1bea9b0c6613b9c8dba135ab70b5d9e_PAN Number.jpg,IGCPK1019K
output/cropped_outputs/PAN Number/bc_image_078_jpg.rf.e954ff9793362c6bf6a60fd265ffcdb4_PAN Number.jpg,HTOPD7743B
output/cropped_outputs/PAN Number/01243337570010_jpg.rf.7a098b21974bca2551abefeadec66a5b_PAN Number.jpg,DFPPK0070D
output/cropped_outputs/PAN Number/bnw_image_153_jpg.rf.12726c297cbf36d0a59a5502e857f949_PAN Number.jpg,APEPS2676F
output/cropped_outputs/PAN Number/Babulal-PAN_page-0001_jpg.rf.3bd1a283d171071440399db84378d887_PAN Number.jpg,OXIPS2573F
output/cropped_outputs/PAN Number/Sonia-PAN_jpeg.rf.70e5baf766f0ad49ddea6aa820c6829a_PAN Number.jpg,ABIPQ2991F
output/cropped_outputs/PAN Number/pan-card-of_jpg.rf.e99ec1c80dc50f7144b64cf1a57debfb_PAN Number.jpg,OHPPK3801K
output/cropped_outputs/PAN Number/bc_image_144_jpg.rf.708b74e1fbed53c9c4c5abc57d2e18dd_PAN Number.jpg,BGFPL1234F
output/cropped_outputs/PAN Number/Sushila-Pan_jpg.rf.eb40835e6d97586200d2f3033587379f_PAN Number.jpg,OOKPS5079K
output/cropped_outputs/PAN Number/01447616370011_jpg.rf.9bca9bff99780aede40db3295459fd12_PAN Number.jpg,CJFPK8093P
output/cropped_outputs/PAN Number/01546714470012_jpg.rf.3ff3d805bc9bfb8e127480dec8bc6a66_PAN Number.jpg,BVPPJ4264E
output/cropped_outputs/PAN Number/bnw_image_166_jpg.rf.a9efa29e5cfc7b4c5ec8547a0078c784_PAN Number.jpg,PPKPK0979E
output/cropped_outputs/PAN Number/e007179a-58196aadc14229072fe70390_pan_jpg.rf.dd16edd3f67df103f9d7903436ff345e_PAN Number.jpg,CGYPS9726D
output/cropped_outputs/PAN Number/PAN_Card_20240701_203515260_jpg.rf.e76dd56392b2d61856182b314ecd6d7b_PAN Number.jpg,AAYPZ7843E
output/cropped_outputs/PAN Number/94_PAN_jpg.rf.21befd6a87f64ca5ffab496729fe91cb_PAN Number.jpg,CQUPK4085K
output/cropped_outputs/PAN Number/bnw_image_222_jpg.rf.61318bbed6c532da61c0c9cccfa76954_PAN Number.jpg,FGWPP9883B
output/cropped_outputs/PAN Number/yashoda-pan-card-_page-0001_jpg.rf.3b5d882c8a8bc9dd4074262c634a6a53_PAN Number.jpg,FJPPB1563N
output/cropped_outputs/PAN Number/70_PAN_jpg.rf.349154c6bb11424f4968f233c30796c8_PAN Number.jpg,BVIPM0918F
output/cropped_outputs/PAN Number/Shahrukh-Pan_jpeg.rf.8bae278f7426680b6c650e5d8fc9428f_PAN Number.jpg,GYVPP8712H
output/cropped_outputs/PAN Number/bc_image_097_jpg.rf.12274237012074712975a67ba0277a7f_PAN Number.jpg,AUOPM3955A
output/cropped_outputs/PAN Number/bnw_image_169_jpg.rf.c2d56b4aa52ef2824d214039992c8de6_PAN Number.jpg,BBUPG1202Q
output/cropped_outputs/PAN Number/bnw_image_113_jpg.rf.2156d7709a5d5f2463815636e8e629d5_PAN Number.jpg,HLLPR3235P
output/cropped_outputs/PAN Number/bc_image_171_jpg.rf.066170999849ae42e1606e7e172f7df7_PAN Number.jpg,FCYPP2033K
output/cropped_outputs/PAN Number/46_PAN_jpg.rf.488543a6ed33136d029a587ff568f838_PAN Number.jpg,LLSPS8447P
output/cropped_outputs/PAN Number/bnw_image_207_jpg.rf.67941d9e58ff72980b71e0f6f610cf39_PAN Number.jpg,DTEPR1858D
output/cropped_outputs/PAN Number/bnw_image_264_jpg.rf.78820870f953a1f5d7349ce9e38dffcd_PAN Number.jpg,OOKPS5079K
output/cropped_outputs/PAN Number/PAN_Card_20240702_172120999_jpg.rf.58f419a8bdb38a79ebb79bc47426ed4b_PAN Number.jpg,AEVPU1108C
output/cropped_outputs/PAN Number/bc_image_020_jpg.rf.d12c1777b59fae6e76f2b8a6adb7f43d_PAN Number.jpg,HRZPK1446K
output/cropped_outputs/PAN Number/bc_image_251_jpg.rf.9d0bc0bc6cad7f9cda8c73a25e4dbcc6_PAN Number.jpg,GYVPP8712H
output/cropped_outputs/PAN Number/PAN-Karan_jpeg.rf.8f6245396b769efd37221765ee94f00f_PAN Number.jpg,AWWPR1515P
output/cropped_outputs/PAN Number/bnw_image_149_jpg.rf.51d113a877ea3cb8885916f3368795ab_PAN Number.jpg,ADXPL9511D
output/cropped_outputs/PAN Number/bc_image_207_jpg.rf.0c3e7f0eaecb1fd36227317af1f1235e_PAN Number.jpg,DTEPR1858D
output/cropped_outputs/PAN Number/bnw_image_180_jpg.rf.d14bb0bc867639f4cf1c0cd1dd19f52a_PAN Number.jpg,AWWPR1515P
output/cropped_outputs/PAN Number/bc_image_216_jpg.rf.0eed8d533c1e45083add72e4d33ef8a5_PAN Number.jpg,OIQPS1710D
output/cropped_outputs/PAN Number/bc_image_180_jpg.rf.aba518097ad92fa3e6918ccf5af0bf67_PAN Number.jpg,AWWPR1515P
output/cropped_outputs/PAN Number/PAN_Card_20240702_191406532_jpg.rf.a8db8706b61db0c8ffc4f2b7b2cc1cda_PAN Number.jpg,MRAPS9888K
output/cropped_outputs/PAN Number/guman-pan-card_page-0001_jpg.rf.1a37584f26b0d37a8c0a2dafb729fb39_PAN Number.jpg,HLLPR3235P
output/cropped_outputs/PAN Number/01213254430016_jpg.rf.c40e6199371ac46da05bbaffb5d72b63_PAN Number.jpg,GZPPK7084E
output/cropped_outputs/PAN Number/bc_image_121_jpg.rf.9190dacc95c09b0cc3dd0e3d199f169e_PAN Number.jpg,NDQPS7908H
output/cropped_outputs/PAN Number/Co-applicant-pan-adhar_page-0004_jpg.rf.4380cc3f28c1bccc15b1d9c446d122bd_PAN Number.jpg,BVRPJ2331N
output/cropped_outputs/PAN Number/bnw_image_151_jpg.rf.dd0b309e535b18bef536ac20f99c3828_PAN Number.jpg,DKKPB3194R
output/cropped_outputs/PAN Number/laluram-kir-pan-card-_page-0001_jpg.rf.756a33f9cf077aed5ba911e3f026cbad_PAN Number.jpg,MMIPK3234Q
output/cropped_outputs/PAN Number/guman-pan-card_page-0001_jpg.rf.cc101b61793c108f86fcf0f2093eed74_PAN Number.jpg,HLLPR3235P
output/cropped_outputs/PAN Number/bc_image_004_jpg.rf.b24c0fca438ecbdcb5f3accf4eefe9e1_PAN Number.jpg,CGPPN7383G
output/cropped_outputs/PAN Number/3_jpg.rf.b915761a2628dfa99adf3863ab67da95_PAN Number.jpg,FBIPS2651K
output/cropped_outputs/PAN Number/bnw_image_177_jpg.rf.f1b61d466b38c3db423ae040b0a63bd6_PAN Number.jpg,ATOPY5115F
output/cropped_outputs/PAN Number/bnw_image_211_jpg.rf.17191100ba910e26aafcbf89a6f699da_PAN Number.jpg,FFPPA5664M
output/cropped_outputs/PAN Number/01757741370010_jpg.rf.56c81b84f9cf44ad667b4ff5e43251b1_PAN Number.jpg,DOOPK0570J
output/cropped_outputs/PAN Number/bnw_image_018_jpg.rf.cfe20e74c8ded0502b5d167a478668cf_PAN Number.jpg,BCMPK5242B
output/cropped_outputs/PAN Number/bnw_image_183_jpg.rf.4ca3e3a48f89fa858cc6a7d9701caae4_PAN Number.jpg,CLBPK8872Q
output/cropped_outputs/PAN Number/bc_image_157_jpg.rf.9f326d7b70de1eb14182b401169e1cd7_PAN Number.jpg,CXCPP4176M
output/cropped_outputs/PAN Number/bnw_image_059_jpg.rf.135f1fdbb16273f0ed11ef2c5e009597_PAN Number.jpg,HBJPP5621R
output/cropped_outputs/PAN Number/bc_image_151_jpg.rf.abb83a17935e11ccfdf45e5fcfd08957_PAN Number.jpg,DKKPSB3194R
output/cropped_outputs/PAN Number/bnw_image_110_jpg.rf.bd03a0c661b430d39b340b5d62bc3a92_PAN Number.jpg,CNIPGS955N
output/cropped_outputs/PAN Number/Narendra-Ji-PAN-Card_jpeg.rf.421fa14356b93eeaeb7b3cc708053c96_PAN Number.jpg,CXCPP4176M
output/cropped_outputs/PAN Number/PAN_Card_20240702_161532818_jpg.rf.084ca1ccc64193b0e5609e8ac7bb6407_PAN Number.jpg,GCAPK6387N
output/cropped_outputs/PAN Number/bc_image_128_jpg.rf.0a252bead4d97770ab97ea0fc27a5f0b_PAN Number.jpg,ETMPK7546C
output/cropped_outputs/PAN Number/01251152230017_jpg.rf.a94c59227e2018b8ccb87a824a7a3fd0_PAN Number.jpg,BOHPS7476G
output/cropped_outputs/PAN Number/99_PAN_jpg.rf.8502048ea0653906f693790a3d7bdd09_PAN Number.jpg,BJWPN7904G
output/cropped_outputs/PAN Number/bc_image_084_jpg.rf.5549bcdd6a6e5246cac560c66e231b49_PAN Number.jpg,BIXPJ9765M
output/cropped_outputs/PAN Number/bc_image_008_jpg.rf.fef881486d33adfa99a203dbb8178df2_PAN Number.jpg,CTQPA1388G
output/cropped_outputs/PAN Number/PAN_jpeg.rf.c6ce5bdbd947d3f2c9a5983dceb7b5d5_PAN Number.jpg,AQFPN1242E
output/cropped_outputs/PAN Number/bnw_image_092_jpg.rf.3834b3506f7f96103f8abf5cd272811e_PAN Number.jpg,OKOPK4445P
output/cropped_outputs/PAN Number/arjun-pan_jpeg.rf.f7d7fc18a286db07dc65b039f34805f4_PAN Number.jpg,FNCPB3148E
output/cropped_outputs/PAN Number/bc_image_232_jpg.rf.1903ac5cdfdd1f92b0f79ec381839d01_PAN Number.jpg,QQPPS6380Q
output/cropped_outputs/PAN Number/bc_image_211_jpg.rf.6f70d8278b53a6b2496f29567efa6fb2_PAN Number.jpg,FFPPA5664M
output/cropped_outputs/PAN Number/bc_image_100_jpg.rf.17381cb1cade991c6c262e357d3bdd9e_PAN Number.jpg,BPLPY4522C
output/cropped_outputs/PAN Number/bc_image_098_jpg.rf.bc3f3d28f8eb3eb77c1fba421414f0bd_PAN Number.jpg,DJDPG6364Q
output/cropped_outputs/PAN Number/bnw_image_151_jpg.rf.146d325af2bc9a04e0172be5823a6a33_PAN Number.jpg,DKKPB3194R
output/cropped_outputs/PAN Number/punus-ali-aadhar-pan-_page-0003_jpg.rf.2512e40fb2d53563679314a68816ebff_PAN Number.jpg,CYVPA3397P
output/cropped_outputs/PAN Number/PAN_Card_20240701_102658933_jpg.rf.0ade25e6c43a84145697b640e58c7c25_PAN Number.jpg,CURPA2637L
output/cropped_outputs/PAN Number/01243337570010_jpg.rf.0869cb6845eb9f4a19eebdb2c753abfc_PAN Number.jpg,DFPPK0070D
output/cropped_outputs/PAN Number/bc_image_152_jpg.rf.de12067235f550c7ff43d0caf480b721_PAN Number.jpg,HPKPM5518F
output/cropped_outputs/PAN Number/bnw_image_030_jpg.rf.67046d728cfabf47b1f43ed5a0cdc929_PAN Number.jpg,BIQPL1856A
output/cropped_outputs/PAN Number/bc_image_210_jpg.rf.9142c29a43b4c01553b9e81eb6807506_PAN Number.jpg,AEVPU1108C
output/cropped_outputs/PAN Number/bc_image_054_jpg.rf.684d5e3e9018d6030aaeca9c457a8951_PAN Number.jpg,DEWPM4236K
output/cropped_outputs/PAN Number/bc_image_164_jpg.rf.8507924a03171601a33d7a4ce833f454_PAN Number.jpg,EAJPA1700E
output/cropped_outputs/PAN Number/pan3_png.rf.60a40998408d60afb954fd6da029ac72_PAN Number.jpg,BGYPJ0129A
output/cropped_outputs/PAN Number/29_jpg.rf.f7167bd7ed71246517009d02b585d832_PAN Number.jpg,BEWPK6075G
output/cropped_outputs/PAN Number/bc_image_148_jpg.rf.a055e551bf8e07ff7d45233b08846e98_PAN Number.jpg,DDZPP1427B
